Client,30 Day Check-in,60 Day Check-in,90 Day Check-in,Activation Date,Assigned AM,Assigned CSA,Average MRR,Billing MRR,Client Code,Client_URL,Contract End Date,Contract Start Date,Customer_ID,Graduation Date,Graduation Status,Last CBR Date,Last Contacted Date,Notes / sentiment,Odin MRR,PSA Web MRR,Payments MRR,Payments Rev Share,Projects,Rev.io Product,Status,Tasks,Tigerpaw MRR,Type
CallTower,,,,"September 26, 2017 8:00 PM (EDT)",Rachael Buchtan,Ingrid Beard,"$111,229.91",,CALLTOWER,CALLTOWER,"December 30, 2016 7:00 PM (EST)","December 31, 2013 7:00 PM (EST)",1032,,,"March 19, 2026","May 29, 2026",,,,,,,"Billing, Payments",Active,,,
BCM ONE C/O InvoiceIQ,,,,"March 30, 2014 8:00 PM (EDT)",Ryan Burton,Justin Lee,"$80,277.89",,"CHARLESTONTEL, PRIMARYWAVE, SKYSWITCH, SKYSWITCH_SANDBOX, SKYSWITCHMAIN, TUCTECHNOLOGIES","CHARLESTONTEL, PRIMARYWAVE, SKYSWITCH, SKYSWITCH_SANDBOX, SKYSWITCHMAIN, TUCTECHNOLOGIES","February 24, 2022 7:00 PM (EST)","February 25, 2020 7:00 PM (EST)",1050,,,"November 27, 2024","May 29, 2026",,,,,,,Billing,Active,,,
BCN Telecom,,,,"June 29, 2026 12:53 PM (EDT)",Rachael Buchtan,Ingrid Beard,$0.00,$0.00,BCN,BCN,"June 1, 2026 8:00 PM (EDT)","June 2, 2024 8:00 PM (EDT)",20008,,,"September 9, 2024",,June 2026 retention import from Cohort_Jun26_wo_Payments_7.6.26---70f34bf5-b8e8-4d81-9703-88d2102c7435.xlsx; product-level MRR loaded.,$0.00,$0.00,$0.00,,,Billing,Churned,,$0.00,
Spectrotel,,,,"December 31, 2013 7:00 PM (EST)",Ryan Burton,Katerra Stephenson-Greenwood,"$53,595.75","$52,755.82","SPECTROTEL, SPECTROTEL_NEW1, SPECTROTEL_SANDBOX","SPECTROTEL, SPECTROTEL_NEW1, SPECTROTEL_SANDBOX","May 27, 2018 8:00 PM (EDT)","May 28, 2013 8:00 PM (EDT)",1033,,,"May 18, 2026","May 21, 2026",June 2026 retention import from Cohort_Jun26_wo_Payments_7.6.26---70f34bf5-b8e8-4d81-9703-88d2102c7435.xlsx; product-level MRR loaded.,$0.00,$0.00,$372.27,,,"Billing, Payments",Active,,$0.00,
Telesystem,,,,"April 29, 2021 8:00 PM (EDT)",Ryan Burton,Justin Lee,"$43,067.71","$42,843.03","TELESYSTEM, telesystem_SANDBOX","TELESYSTEM, telesystem_SANDBOX","March 30, 2029 8:00 PM (EDT)","March 31, 2026 8:00 PM (EDT)",1376,,,"August 2, 2024",,June 2026 retention import from Cohort_Jun26_wo_Payments_7.6.26---70f34bf5-b8e8-4d81-9703-88d2102c7435.xlsx; product-level MRR loaded.,$0.00,$0.00,$0.00,,,"Billing, Payments",Active,,$0.00,
SOTELRESELLER,,,,"September 9, 2026 3:22 AM (EDT)",Rachael Buchtan,Ingrid Beard,$500.00,"$41,734.93",SOTELRESELLER,SOTELRESELLER,"September 9, 2026 3:22 AM (EDT)","September 9, 2026 3:22 AM (EDT)",21033,,,"February 3, 2026",,June 2026 retention import from Cohort_Jun26_wo_Payments_7.6.26---70f34bf5-b8e8-4d81-9703-88d2102c7435.xlsx; product-level MRR loaded.,$0.00,$0.00,$0.00,,,Billing,Active,,$0.00,
Hunter Communications,,,,"March 29, 2020 8:00 PM (EDT)",Ryan Burton,Jakob Champion,"$43,045.87","$41,258.61","HUNTER, HUNTER_SANDBOX","HUNTER, HUNTER_SANDBOX","February 27, 2027 7:00 PM (EST)","February 29, 2024 7:00 PM (EST)",1334,,,"March 25, 2026",,June 2026 retention import from Cohort_Jun26_wo_Payments_7.6.26---70f34bf5-b8e8-4d81-9703-88d2102c7435.xlsx; product-level MRR loaded.,$0.00,$0.00,"$20,245.28",,,"Billing, Payments",Active,,$0.00,
TPX Communications,,,,"September 9, 2026 3:15 AM (EDT)",Ryan Burton,Justin Lee,"$36,191.88",$0.00,TPX,TPX,"May 21, 2023 8:00 PM (EDT)","May 22, 2022 8:00 PM (EDT)",1471,,,"June 3, 2026",,June 2026 retention import from Cohort_Jun26_wo_Payments_7.6.26---70f34bf5-b8e8-4d81-9703-88d2102c7435.xlsx; product-level MRR loaded.,"$36,000.00",$0.00,$0.00,,,Odin,Active,,$0.00,
Zultys Business Phone Solutions,,,,"September 9, 2026 3:15 AM (EDT)",Rachael Buchtan,Ingrid Beard,"$35,956.32","$36,808.42",ZULTYS,ZULTYS,"February 26, 2028 7:00 PM (EST)","February 27, 2025 7:00 PM (EST)",20035,,,"January 30, 2026",,June 2026 retention import from Cohort_Jun26_wo_Payments_7.6.26---70f34bf5-b8e8-4d81-9703-88d2102c7435.xlsx; product-level MRR loaded.,$0.00,$0.00,$0.00,,,Billing,Active,,$0.00,
Broadvoice,,,,"June 24, 2020 8:00 PM (EDT)",Rachael Buchtan,Jakob Champion,"$32,062.40","$26,559.73","BROADVOICE, Broadvoice_QA_Sandbox, BROADVOICE_SANDBOX","BROADVOICE, Broadvoice_QA_Sandbox, BROADVOICE_SANDBOX","August 22, 2021 8:00 PM (EDT)","August 23, 2018 8:00 PM (EDT)",1247,,,"March 23, 2026","May 28, 2026",June 2026 retention import from Cohort_Jun26_wo_Payments_7.6.26---70f34bf5-b8e8-4d81-9703-88d2102c7435.xlsx; product-level MRR loaded.,$0.00,$0.00,"$1,489.93",,,Billing,Active,,$0.00,
Viirtue LLC (Apollo),,,,"October 14, 2015 8:00 PM (EDT)",Rachael Buchtan,Katerra Stephenson-Greenwood,"$27,630.74","$24,586.61",SYNTEL,SYNTEL,"June 30, 2028 8:00 PM (EDT)","July 1, 2026 8:00 PM (EDT)",1113,,,"May 13, 2026",,June 2026 retention import from Cohort_Jun26_wo_Payments_7.6.26---70f34bf5-b8e8-4d81-9703-88d2102c7435.xlsx; product-level MRR loaded.,$0.00,$0.00,$0.00,,,Billing,Active,,$0.00,
TouchTone,,,,"May 14, 2016 8:00 PM (EDT)",Rachael Buchtan,Jakob Champion,"$29,549.64","$29,198.25","TOUCHTONE, TOUCHTONE_SANDBOX","TOUCHTONE, TOUCHTONE_SANDBOX","May 13, 2019 8:00 PM (EDT)","May 14, 2016 8:00 PM (EDT)",1127,,,"November 19, 2025","May 26, 2026",June 2026 retention import from Cohort_Jun26_wo_Payments_7.6.26---70f34bf5-b8e8-4d81-9703-88d2102c7435.xlsx; product-level MRR loaded.,$0.00,$0.00,"$1,004.89",,,"Billing, Payments",Active,,$0.00,
Crexendo Business Solutions,,,,"May 31, 2021 8:00 PM (EDT)",Rachael Buchtan,Ingrid Beard,"$30,779.45","$30,648.61","CREXENDO, CREXENDONS_SANDBOX, CREXENDOSANDBOX","CREXENDO, CREXENDONS_SANDBOX, CREXENDOSANDBOX","May 30, 2024 8:00 PM (EDT)","May 31, 2021 8:00 PM (EDT)",1388,,,"April 7, 2026",,June 2026 retention import from Cohort_Jun26_wo_Payments_7.6.26---70f34bf5-b8e8-4d81-9703-88d2102c7435.xlsx; product-level MRR loaded.,$0.00,$0.00,$0.00,,,"Billing, Payments",Active,,$0.00,
TeleVoips,,,,"January 7, 2019 7:00 PM (EST)",Sarah McGovern,Katerra Stephenson-Greenwood,"$4,916.59","$4,857.08",TELEVOIPS,TELEVOIPS,"December 30, 2027 7:00 PM (EST)","December 31, 2024 7:00 PM (EST)",1249,,,"January 27, 2026",,June 2026 retention import from Cohort_Jun26_wo_Payments_7.6.26---70f34bf5-b8e8-4d81-9703-88d2102c7435.xlsx; product-level MRR loaded.,$0.00,$0.00,$843.86,,,"Billing, Payments",Active,,$0.00,
"Tailwinds Voice & Data, Inc.","May 17, 2026","June 16, 2026","July 16, 2026","December 30, 2014 7:00 PM (EST)",Ryan Burton,Jakob Champion,"$31,000.00","$30,500.00","TAILWINDS_SANDBOX, WORX1, WORX1PSA","TAILWINDS_SANDBOX, WORX1, WORX1PSA","March 30, 2029 8:00 PM (EDT)","March 31, 2026 8:00 PM (EDT)",1084,"April 17, 2026",,"June 5, 2026",,June 2026 retention import from Cohort_Jun26_wo_Payments_7.6.26---70f34bf5-b8e8-4d81-9703-88d2102c7435.xlsx; product-level MRR loaded.,$0.00,$0.00,$0.00,,,"Billing, PSA Web",Active,,$0.00,
Cloudli Communications,,,,"January 5, 2025 7:00 PM (EST)",Ryan Burton,Ingrid Beard,"$27,859.03","$27,175.32",CLOUDLI,CLOUDLI,"January 4, 2028 7:00 PM (EST)","January 5, 2025 7:00 PM (EST)",21950,,,"May 22, 2026",,June 2026 retention import from Cohort_Jun26_wo_Payments_7.6.26---70f34bf5-b8e8-4d81-9703-88d2102c7435.xlsx; product-level MRR loaded.,$0.00,$0.00,$0.00,,,Billing,Active,,$0.00,
SpectrumVoIP,,,,"December 25, 2023 7:00 PM (EST)",Ryan Burton,Justin Lee,"$28,973.75","$28,608.93","SPECTRUM, SPECTRUM (1510)","SPECTRUM, SPECTRUM (1510)","December 24, 2026 7:00 PM (EST)","December 25, 2023 7:00 PM (EST)",1510,,,"June 2, 2026","June 3, 2026",June 2026 retention import from Cohort_Jun26_wo_Payments_7.6.26---70f34bf5-b8e8-4d81-9703-88d2102c7435.xlsx; product-level MRR loaded.,$0.00,$0.00,"$5,221.47",,,Billing,Active,,$0.00,
"South Carolina Telecommunications Group Holdings, LLC",,,,"November 8, 2022 7:00 PM (EST)",Ryan Burton,Justin Lee,"$27,049.84",$0.00,SEGRAPBS,SEGRAPBS,"December 2, 2024 7:00 PM (EST)","December 3, 2023 7:00 PM (EST)",1461,,,"December 19, 2024",,June 2026 retention import from Cohort_Jun26_wo_Payments_7.6.26---70f34bf5-b8e8-4d81-9703-88d2102c7435.xlsx; product-level MRR loaded.,"$26,780.00",$0.00,$0.00,,,Odin,Active,,$0.00,
"Mango Voice, LLC",,,,"October 30, 2023 8:00 PM (EDT)",Ryan Burton,Justin Lee,"$28,322.97",,MANGO,MANGO,"August 26, 2028 8:00 PM (EDT)","August 27, 2025 8:00 PM (EDT)",21011,,,"January 20, 2026",,,,,,,,Billing,Active,,,
XMission,"April 24, 2026","May 24, 2026","June 23, 2026","December 15, 2019 7:00 PM (EST)",Rachael Buchtan,Jakob Champion,"$25,194.11","$23,179.63","XMISSION, xmission_SANDBOX, XMISSIONPSA","XMISSION, xmission_SANDBOX, XMISSIONPSA","June 10, 2022 8:00 PM (EDT)","June 11, 2019 8:00 PM (EDT)",1319,"March 25, 2026",Graduated,"June 24, 2026",,June 2026 retention import from Cohort_Jun26_wo_Payments_7.6.26---70f34bf5-b8e8-4d81-9703-88d2102c7435.xlsx; product-level MRR loaded.,$0.00,"$1,800.00","$12,513.11",,,"Billing, PSA Web, Payments",Active,,$0.00,
CCI Network Services,,,,"May 12, 2020 8:00 PM (EDT)",Rachael Buchtan,Jakob Champion,"$22,743.05","$22,694.25",CCI,CCI,"May 11, 2023 8:00 PM (EDT)","May 12, 2020 8:00 PM (EDT)",1253,,,"November 19, 2025",,June 2026 retention import from Cohort_Jun26_wo_Payments_7.6.26---70f34bf5-b8e8-4d81-9703-88d2102c7435.xlsx; product-level MRR loaded.,$0.00,$0.00,$26.36,,,"Billing, Payments",Active,,$0.00,
"Coeo Solutions, LLC.",,,,"September 28, 2017 8:00 PM (EDT)",Ryan Burton,Justin Lee,"$22,168.74","$21,555.82","COEO, COEO_SANDBOX","COEO, COEO_SANDBOX","March 7, 2029 7:00 PM (EST)","March 8, 2026 8:00 PM (EDT)",1158,,,"January 28, 2026",,June 2026 retention import from Cohort_Jun26_wo_Payments_7.6.26---70f34bf5-b8e8-4d81-9703-88d2102c7435.xlsx; product-level MRR loaded.,$0.00,$0.00,$0.00,,,"Billing, Payments",Active,,$0.00,
PS Lightwave LLC Operating Account,,,,"July 9, 2017 8:00 PM (EDT)",Ryan Burton,Ingrid Beard,"$22,785.40",,"IPGLOBAL, IPGLOBAL_SANDBOX","IPGLOBAL, IPGLOBAL_SANDBOX","August 26, 2026 8:00 PM (EDT)","August 27, 2023 8:00 PM (EDT)",1169,,,"May 5, 2023",,,,,,,,Billing,Active,,,
Consolidated Communications,,,,"September 9, 2026 3:15 AM (EDT)",Ryan Burton,Justin Lee,"$19,365.41",$0.00,CONSOLIDATEDPBS,CONSOLIDATEDPBS,"June 3, 2024 8:00 PM (EDT)","June 4, 2023 8:00 PM (EDT)",1443,,,"May 8, 2026",,June 2026 retention import from Cohort_Jun26_wo_Payments_7.6.26---70f34bf5-b8e8-4d81-9703-88d2102c7435.xlsx; product-level MRR loaded.,"$18,445.00",$0.00,$0.00,,,Odin,Active,,$0.00,
Evolution Voice Inc,,,,"September 9, 2026 3:16 AM (EDT)",,Ingrid Beard,"$13,114.50",$0.00,EVOLUTIONVOICEPBS,EVOLUTIONVOICEPBS,"February 10, 2027 7:00 PM (EST)","February 11, 2025 7:00 PM (EST)",1445,,,,,June 2026 retention import from Cohort_Jun26_wo_Payments_7.6.26---70f34bf5-b8e8-4d81-9703-88d2102c7435.xlsx; product-level MRR loaded.,"$7,553.56",$0.00,$0.00,,,Odin,Active,,$0.00,
Clear Rate Communications,,,,"December 30, 2020 7:00 PM (EST)",Ryan Burton,Jakob Champion,"$20,988.53","$20,991.66","CLEARRATE, CLEARRATE_SANDBOX, CLEARRATE_TEST","CLEARRATE, CLEARRATE_SANDBOX, CLEARRATE_TEST","November 18, 2020 7:00 PM (EST)","November 19, 2017 7:00 PM (EST)",1195,,,"January 20, 2026",,June 2026 retention import from Cohort_Jun26_wo_Payments_7.6.26---70f34bf5-b8e8-4d81-9703-88d2102c7435.xlsx; product-level MRR loaded.,$0.00,$0.00,"$1,146.90",,,"Billing, Payments",Active,,$0.00,
Xchange Telecom,,,,"December 31, 2013 7:00 PM (EST)",Ryan Burton,Katerra Stephenson-Greenwood,"$20,404.28","$20,263.78","XCHANGE, ZONEVIEW","XCHANGE, ZONEVIEW","February 3, 2018 7:00 PM (EST)","February 4, 2015 7:00 PM (EST)",1042,,,"September 10, 2025","May 27, 2026",June 2026 retention import from Cohort_Jun26_wo_Payments_7.6.26---70f34bf5-b8e8-4d81-9703-88d2102c7435.xlsx; product-level MRR loaded.,$0.00,$0.00,"$1,104.10",,,Billing,Active,,$0.00,
All Covered,,,,"March 30, 2022 8:00 PM (EDT)",Ryan Burton,Jakob Champion,"$19,908.97","$15,640.12","ALLCOVERED, AllCovered_SANDBOX, ALLCOVEREDPBS","ALLCOVERED, AllCovered_SANDBOX, ALLCOVEREDPBS","October 14, 2028 8:00 PM (EDT)","October 15, 2025 8:00 PM (EDT)",1413,,,"September 12, 2025",,June 2026 retention import from Cohort_Jun26_wo_Payments_7.6.26---70f34bf5-b8e8-4d81-9703-88d2102c7435.xlsx; product-level MRR loaded.,"$4,250.00",$0.00,$0.00,,,"Billing, Odin",Active,,$0.00,
Entel (Technology Bureau Chile),,,,"August 26, 2026 3:16 AM (EDT)",Ryan Burton,,"$12,138.48",$0.00,,,"August 26, 2026 3:16 AM (EDT)","August 26, 2026 3:16 AM (EDT)",1488,,,,,June 2026 retention import from Cohort_Jun26_wo_Payments_7.6.26---70f34bf5-b8e8-4d81-9703-88d2102c7435.xlsx; product-level MRR loaded.,$0.00,$0.00,$0.00,,,,Churned,,$0.00,
"S-Net Communications, Inc.",,,,"July 14, 2016 8:00 PM (EDT)",Ryan Burton,Justin Lee,"$19,551.30",,"SNET, SNET_SANDBOX","SNET, SNET_SANDBOX","January 30, 2027 7:00 PM (EST)","January 31, 2026 7:00 PM (EST)",1110,,,"March 25, 2026","May 27, 2026",,,,,,,"Billing, Payments",Active,,,
"Estech Systems, Inc.",,,,"June 27, 2022 8:00 PM (EDT)",Ryan Burton,Ingrid Beard,"$19,728.81",,"ESTECH, ESTECH_SANDBOX","ESTECH, ESTECH_SANDBOX","June 26, 2025 8:00 PM (EDT)","June 27, 2022 8:00 PM (EDT)",1404,,,"March 29, 2024",,,,,,"$13,453.59",,"Billing, Payments",Active,,,
In-Telecom,,,,"August 30, 2023 8:00 PM (EDT)",Ryan Burton,Katerra Stephenson-Greenwood,"$18,515.87","$18,765.98","1501_SANDBOX, INTEL","1501_SANDBOX, INTEL","March 16, 2028 8:00 PM (EDT)","March 17, 2025 8:00 PM (EDT)",1501,,,"March 3, 2026",,June 2026 retention import from Cohort_Jun26_wo_Payments_7.6.26---70f34bf5-b8e8-4d81-9703-88d2102c7435.xlsx; product-level MRR loaded.,$0.00,$0.00,$0.00,,,"Billing, Odin",Active,,$0.00,
"Dialog Telecommunications, Inc.",,,,"November 29, 2015 7:00 PM (EST)",Ryan Burton,Katerra Stephenson-Greenwood,"$18,005.73",,"DIALOG, DIALOG_SANDBOX","DIALOG, DIALOG_SANDBOX","May 20, 2020 8:00 PM (EDT)","May 21, 2017 8:00 PM (EDT)",1064,,,"March 4, 2026",,,,,,,,"Billing, Payments",Active,,,
"Marco, Inc.",,,,"March 30, 2016 8:00 PM (EDT)",Rachael Buchtan,Jakob Champion,"$18,315.18","$18,333.56",MARCO,MARCO,"April 10, 2027 8:00 PM (EDT)","April 11, 2026 8:00 PM (EDT)",1126,,,"September 10, 2024",,June 2026 retention import from Cohort_Jun26_wo_Payments_7.6.26---70f34bf5-b8e8-4d81-9703-88d2102c7435.xlsx; product-level MRR loaded.,$0.00,$0.00,$0.00,,,Billing,Active,,$0.00,
"BalsamWest Fibernet, LLC",,,,"August 30, 2015 8:00 PM (EDT)",Ryan Burton,Justin Lee,"$15,523.29",,BALSAMWEST,BALSAMWEST,"December 13, 2024 7:00 PM (EST)","December 14, 2021 7:00 PM (EST)",1089,,,"April 21, 2026",,,,,,,,"Billing, Payments",Active,,,
Ultatel LLC,,,,"May 27, 2014 8:00 PM (EDT)",Rachael Buchtan,Ingrid Beard,"$19,267.04","$18,748.69",TELEPLUS,TELEPLUS,"November 16, 2026 7:00 PM (EST)","November 17, 2025 7:00 PM (EST)",1059,,,"April 16, 2026","May 27, 2026",June 2026 retention import from Cohort_Jun26_wo_Payments_7.6.26---70f34bf5-b8e8-4d81-9703-88d2102c7435.xlsx; product-level MRR loaded.,$0.00,$0.00,$0.00,,,Billing,Active,,$0.00,
Charter Communications,,,,"October 6, 2024 8:00 PM (EDT)",Ryan Burton,Ingrid Beard,"$17,500.00",,CHARTER,CHARTER,"October 5, 2027 8:00 PM (EDT)","October 6, 2024 8:00 PM (EDT)",21953,,,"February 25, 2025",,,,,,,,Odin,Active,,,
Altaworx,,,,"December 31, 2013 7:00 PM (EST)",Ryan Burton,Justin Lee,"$18,759.98","$17,575.85","ALTAWORX, ALTAWORX_SANDBOX, CATAPULT_SANDBOX","ALTAWORX, ALTAWORX_SANDBOX, CATAPULT_SANDBOX","May 20, 2026 8:00 PM (EDT)","May 21, 2024 8:00 PM (EDT)",1001,,,"November 11, 2024","June 24, 2026",June 2026 retention import from Cohort_Jun26_wo_Payments_7.6.26---70f34bf5-b8e8-4d81-9703-88d2102c7435.xlsx; product-level MRR loaded.,$0.00,$0.00,"$1,199.66",,,"Billing, Payments",Active,,$0.00,
Digicel (Fiji) Limited,,,,"September 9, 2026 3:17 AM (EDT)",Sarah McGovern,,"$3,331.12",$0.00,DigicelPBS,DigicelPBS,"January 23, 2024 7:00 PM (EST)","January 24, 2023 7:00 PM (EST)",1444,,,,,June 2026 retention import from Cohort_Jun26_wo_Payments_7.6.26---70f34bf5-b8e8-4d81-9703-88d2102c7435.xlsx; product-level MRR loaded.,"$3,325.00",$0.00,$0.00,,,Odin,Active,,$0.00,
OpenFiber Kentucky,,,,"January 5, 2021 7:00 PM (EST)",Ryan Burton,Katerra Stephenson-Greenwood,"$16,586.90","$16,501.65",OPENFIBER,OPENFIBER,"December 29, 2027 7:00 PM (EST)","December 30, 2024 7:00 PM (EST)",1371,,,"April 15, 2026",,June 2026 retention import from Cohort_Jun26_wo_Payments_7.6.26---70f34bf5-b8e8-4d81-9703-88d2102c7435.xlsx; product-level MRR loaded.,$0.00,$0.00,$128.96,,,"Billing, Payments",Active,,$0.00,
Scipio Technologies,,,,"May 29, 2018 8:00 PM (EDT)",Ryan Burton,Katerra Stephenson-Greenwood,"$17,004.06",$0.00,"PEACE, PEACEODIN, PEACERESELLER","PEACE, PEACEODIN, PEACERESELLER","December 30, 2026 7:00 PM (EST)","December 31, 2023 7:00 PM (EST)",1194,,,"June 4, 2024",,June 2026 retention import from Cohort_Jun26_wo_Payments_7.6.26---70f34bf5-b8e8-4d81-9703-88d2102c7435.xlsx; product-level MRR loaded.,$0.00,$0.00,$245.48,,,"Billing, Odin, Payments",Active,,$0.00,
Xtel Communications,,,,"September 3, 2024 8:00 PM (EDT)",Ryan Burton,Jakob Champion,"$16,492.36",,"XTEL, XTEL_LEGACY, XTEL_PROFITEC, XTEL_SANDBOX","XTEL, XTEL_LEGACY, XTEL_PROFITEC, XTEL_SANDBOX","September 2, 2027 8:00 PM (EDT)","September 3, 2024 8:00 PM (EDT)",20054,,,"February 18, 2026",,,,,,,,Billing,Active,,,
Titanium Wireless,,,,"February 21, 2019 7:00 PM (EST)",Rachael Buchtan,Ingrid Beard,"$21,804.72","$15,291.29",TITANIUM,TITANIUM,"December 31, 2026 7:00 PM (EST)","December 31, 2023 7:00 PM (EST)",1264,,,"April 4, 2024",,June 2026 retention import from Cohort_Jun26_wo_Payments_7.6.26---70f34bf5-b8e8-4d81-9703-88d2102c7435.xlsx; product-level MRR loaded.,$0.00,$0.00,"$1,393.46",,,Billing,Active,,$0.00,
TotalCX,,,,"December 11, 2023 7:00 PM (EST)",Ryan Burton,Katerra Stephenson-Greenwood,"$16,719.70","$16,293.54",TOTALCX,TOTALCX,"December 10, 2026 7:00 PM (EST)","December 11, 2023 7:00 PM (EST)",21003,,,"April 9, 2026",,June 2026 retention import from Cohort_Jun26_wo_Payments_7.6.26---70f34bf5-b8e8-4d81-9703-88d2102c7435.xlsx; product-level MRR loaded.,$0.00,$0.00,$0.00,,,Billing,Active,,$0.00,
Smart Choice Communications,,,,"March 24, 2020 8:00 PM (EDT)",Ryan Burton,Ardit Berdyna,"$16,376.26","$15,580.06","SMARTCHOICE, smartchoice_SANDBOX","SMARTCHOICE, smartchoice_SANDBOX","June 25, 2027 8:00 PM (EDT)","June 26, 2026 8:00 PM (EDT)",1322,,,"August 19, 2025","May 29, 2026",June 2026 retention import from Cohort_Jun26_wo_Payments_7.6.26---70f34bf5-b8e8-4d81-9703-88d2102c7435.xlsx; product-level MRR loaded.,$0.00,$0.00,$135.27,,,"Billing, Payments",Active,,$0.00,
Allied Telecom,,,,"October 26, 2017 8:00 PM (EDT)",Ryan Burton,Justin Lee,"$15,556.14","$15,250.00","ALLIEDTELECOM, ALLIEDTELECOM_SANDBOX","ALLIEDTELECOM, ALLIEDTELECOM_SANDBOX","September 9, 2026 3:16 AM (EDT)","September 9, 2026 3:16 AM (EDT)",1177,,,"February 7, 2024",,June 2026 retention import from Cohort_Jun26_wo_Payments_7.6.26---70f34bf5-b8e8-4d81-9703-88d2102c7435.xlsx; product-level MRR loaded.,$0.00,$0.00,$616.86,,,"Billing, Payments",Active,,$0.00,
Cincinnati Bell Telephone Company LLC,,,,"September 9, 2026 3:16 AM (EDT)",Ryan Burton,Ingrid Beard,"$15,581.58",,CBTS,CBTS,"March 30, 2026 8:00 PM (EDT)","March 31, 2025 8:00 PM (EDT)",1442,,,,,,,,,,,Odin,Active,,,
MetroSwitch Technologies,,,,"October 24, 2019 8:00 PM (EDT)",Rachael Buchtan,Ingrid Beard,"$14,363.05","$13,581.93","METROSWITCH, METROSWITCHPSA","METROSWITCH, METROSWITCHPSA","September 9, 2026 3:16 AM (EDT)","September 9, 2026 3:16 AM (EDT)",1236,,,"May 20, 2026",,June 2026 retention import from Cohort_Jun26_wo_Payments_7.6.26---70f34bf5-b8e8-4d81-9703-88d2102c7435.xlsx; product-level MRR loaded.,$0.00,$400.00,$0.00,,,"Billing, PSA Web",Active,,$0.00,
Atlanta Datacom Inc.,,,,"November 14, 2017 7:00 PM (EST)",Ryan Burton,Katerra Stephenson-Greenwood,"$12,692.73",,CTP,CTP,"November 13, 2020 7:00 PM (EST)","November 14, 2017 7:00 PM (EST)",1187,,,"September 11, 2025",,,,,,,,"Billing, Payments",Active,,,
Aseva,,,,"April 7, 2019 8:00 PM (EDT)",Rachael Buchtan,Patrick Davies,"$14,205.36",,"IMPULSE, IMPULSE_SANDBOX, IMPULSEADVDPBS","IMPULSE, IMPULSE_SANDBOX, IMPULSEADVDPBS","June 14, 2026 8:00 PM (EDT)","September 29, 2023 8:00 PM (EDT)",1248,,,"July 22, 2025",,,,,,,,"Billing, Odin, Payments",Active,,,
"Affiliated Technology Solutions, LLC",,,,"August 30, 2022 8:00 PM (EDT)",Rachael Buchtan,Justin Lee,"$15,269.57",,AFFILIATEDTECH,AFFILIATEDTECH,"August 29, 2026 8:00 PM (EDT)","August 30, 2025 8:00 PM (EDT)",1426,,,"July 2, 2026",,,,,,,,Billing,Active,,,
Fuse.Cloud,,,,"March 25, 2021 8:00 PM (EDT)",Ryan Burton,Justin Lee,"$13,017.12","$13,015.90","FUSECLOUD, FUSECLOUDPSA","FUSECLOUD, FUSECLOUDPSA","October 20, 2028 8:00 PM (EDT)","October 21, 2025 8:00 PM (EDT)",1375,,,"March 5, 2026",,June 2026 retention import from Cohort_Jun26_wo_Payments_7.6.26---70f34bf5-b8e8-4d81-9703-88d2102c7435.xlsx; product-level MRR loaded.,$0.00,$0.00,"$1,796.77",,,"Billing, PSA Web, Payments",Active,,$0.00,
Mach Networks,,,,"April 14, 2019 8:00 PM (EDT)",Ryan Burton,Jakob Champion,"$13,449.22","$12,744.90","MACHNETWORKS, MACHNETWORKS_SANDBOX, MACHNETWORKS_TEST","MACHNETWORKS, MACHNETWORKS_SANDBOX, MACHNETWORKS_TEST","December 6, 2020 7:00 PM (EST)","December 7, 2017 7:00 PM (EST)",1200,,,"March 5, 2026",,June 2026 retention import from Cohort_Jun26_wo_Payments_7.6.26---70f34bf5-b8e8-4d81-9703-88d2102c7435.xlsx; product-level MRR loaded.,$0.00,$0.00,$501.13,,,"Billing, Payments",Active,,$0.00,
MNJ Technologies,,,,"June 24, 2019 8:00 PM (EDT)",Rachael Buchtan,Justin Lee,"$11,505.12","$11,504.24","MNJ, MNJ_SANDBOX","MNJ, MNJ_SANDBOX","January 7, 2022 7:00 PM (EST)","January 8, 2019 7:00 PM (EST)",1266,,,"July 24, 2025",,June 2026 retention import from Cohort_Jun26_wo_Payments_7.6.26---70f34bf5-b8e8-4d81-9703-88d2102c7435.xlsx; product-level MRR loaded.,$0.00,$0.00,$1.05,,,"Billing, Payments",Active,,$0.00,
Broad Sky Networks,,,,"October 21, 2019 8:00 PM (EDT)",Rachael Buchtan,Ingrid Beard,"$12,500.00","$12,500.00",BROADSKY,BROADSKY,"February 27, 2026 7:00 PM (EST)","February 28, 2025 7:00 PM (EST)",1224,,,"April 21, 2026",,June 2026 retention import from Cohort_Jun26_wo_Payments_7.6.26---70f34bf5-b8e8-4d81-9703-88d2102c7435.xlsx; product-level MRR loaded.,$0.00,$0.00,$0.00,,,Billing,Active,,$0.00,
Lyra Communications,,,,"November 6, 2025 7:00 PM (EST)",Sarah McGovern,Katerra Stephenson-Greenwood,"$11,661.11",,LYRACOMM,LYRACOMM,"November 5, 2030 7:00 PM (EST)","November 6, 2025 7:00 PM (EST)",1085,,,"August 27, 2025",,,,,,,,Billing,Active,,,
MIX Networks,,,,"September 9, 2026 3:16 AM (EDT)",Rachael Buchtan,Jakob Champion,"$11,931.43","$11,222.37",MIXNETWORKS,MIXNETWORKS,"September 9, 2026 3:16 AM (EDT)","September 9, 2026 3:16 AM (EDT)",21015,,,"September 12, 2023","May 29, 2026",June 2026 retention import from Cohort_Jun26_wo_Payments_7.6.26---70f34bf5-b8e8-4d81-9703-88d2102c7435.xlsx; product-level MRR loaded.,$0.00,$0.00,$0.00,,,Billing,Active,,$0.00,
"Atlantech Online, Inc.",,,,"June 18, 2019 8:00 PM (EDT)",Ryan Burton,Katerra Stephenson-Greenwood,"$11,651.95",,ATLANTECHONLINE,ATLANTECHONLINE,"June 18, 2026 8:00 PM (EDT)","June 18, 2025 8:00 PM (EDT)",1252,,,"May 8, 2026","May 29, 2026",,,,,,,"Billing, Payments",Active,,,
C3 Complete,,,,"June 18, 2023 8:00 PM (EDT)",Ryan Burton,Katerra Stephenson-Greenwood,"$11,655.83","$11,202.61",C3,C3,"June 17, 2026 8:00 PM (EDT)","June 18, 2023 8:00 PM (EDT)",1500,,,"January 31, 2023",,June 2026 retention import from Cohort_Jun26_wo_Payments_7.6.26---70f34bf5-b8e8-4d81-9703-88d2102c7435.xlsx; product-level MRR loaded.,$0.00,$0.00,$463.48,,,Billing,Active,,$0.00,
Blueline Telecom,"May 30, 2026","June 29, 2026","July 29, 2026","February 21, 2023 7:00 PM (EST)",Rachael Buchtan,Justin Lee,"$11,962.61","$11,293.53","BLUELINE, BLUELINEPSA","BLUELINE, BLUELINEPSA","February 20, 2026 7:00 PM (EST)","February 21, 2023 7:00 PM (EST)",1490,"April 30, 2026",Graduated,"June 22, 2026",,June 2026 retention import from Cohort_Jun26_wo_Payments_7.6.26---70f34bf5-b8e8-4d81-9703-88d2102c7435.xlsx; product-level MRR loaded.,$0.00,$826.00,$467.87,,,"Billing, PSA Web",Active,,$0.00,
FluentStream,,,,"March 9, 2023 7:00 PM (EST)",Rachael Buchtan,Ingrid Beard,"$10,891.76","$10,828.32",FLUENTSTREAM,FLUENTSTREAM,"March 8, 2026 8:00 PM (EDT)","March 9, 2023 7:00 PM (EST)",1505,,,"December 3, 2025",,June 2026 retention import from Cohort_Jun26_wo_Payments_7.6.26---70f34bf5-b8e8-4d81-9703-88d2102c7435.xlsx; product-level MRR loaded.,$0.00,$0.00,"$4,081.25",,,"Billing, Payments",Active,,$0.00,
"Toly Digital Networks, Inc.",,,,"November 30, 2021 7:00 PM (EST)",Rachael Buchtan,Justin Lee,"$11,059.22",,TOLY,TOLY,"September 9, 2026 3:16 AM (EDT)","September 9, 2026 3:16 AM (EDT)",1417,,,"March 25, 2026",,,,,,,,"Billing, Payments",Active,,,
Unified Global Solutions LLC,,,,"September 1, 2021 8:00 PM (EDT)",Rachael Buchtan,Jakob Champion,"$11,328.13",,UNIFIEDGLOBAL,UNIFIEDGLOBAL,"May 17, 2029 8:00 PM (EDT)","May 18, 2026 8:00 PM (EDT)",1394,,,"January 28, 2026",,,,,,,,"Billing, Payments",Active,,,
Quick Copper Communications,,,,"May 17, 2020 8:00 PM (EDT)",Rachael Buchtan,Jakob Champion,"$11,537.93","$9,222.53","QUICKCOPPER, QUICKCOPPER_SANDBOX, QUICKCOPPERCOMMPSA","QUICKCOPPER, QUICKCOPPER_SANDBOX, QUICKCOPPERCOMMPSA","January 30, 2027 7:00 PM (EST)","January 31, 2026 7:00 PM (EST)",1346,,,"December 17, 2024",,June 2026 retention import from Cohort_Jun26_wo_Payments_7.6.26---70f34bf5-b8e8-4d81-9703-88d2102c7435.xlsx; product-level MRR loaded.,$0.00,$0.00,$116.27,,,"Billing, PSA Web, Payments, Tigerpaw",Active,,$650.00,
C-Spire Fiber,,,,"September 9, 2026 3:16 AM (EDT)",,Jakob Champion,"$10,866.50",,CSPIREODIN,CSPIREODIN,"January 20, 2026 7:00 PM (EST)","January 21, 2025 7:00 PM (EST)",1506,,,"July 13, 2026",,,,,,,,Odin,,,,
Comm-Core,,,,"January 22, 2017 7:00 PM (EST)",Sarah McGovern,Katerra Stephenson-Greenwood,"$10,753.81","$10,600.33",COMMCORE,COMMCORE,"July 28, 2023 8:00 PM (EDT)","July 29, 2020 8:00 PM (EDT)",1152,,,"January 30, 2026",,June 2026 retention import from Cohort_Jun26_wo_Payments_7.6.26---70f34bf5-b8e8-4d81-9703-88d2102c7435.xlsx; product-level MRR loaded.,$0.00,$0.00,$0.00,,,Billing,Active,,$0.00,
"Hotwire Communications, Ltd.",,,,"September 9, 2026 3:16 AM (EDT)",,Ingrid Beard,"$10,405.34",$0.00,HOTWIREODIN,HOTWIREODIN,"September 25, 2024 8:00 PM (EDT)","September 26, 2022 8:00 PM (EDT)",1451,,,"December 4, 2025",,June 2026 retention import from Cohort_Jun26_wo_Payments_7.6.26---70f34bf5-b8e8-4d81-9703-88d2102c7435.xlsx; product-level MRR loaded.,"$10,300.00",$0.00,$0.00,,,Odin,Active,,$0.00,
"AltiGen Communications, Inc.",,,,"September 18, 2023 8:00 PM (EDT)",Ryan Burton,Justin Lee,"$9,993.78","$10,015.03","ALTIGEN, ALTIGEN_SANDBOX","ALTIGEN, ALTIGEN_SANDBOX","September 17, 2026 8:00 PM (EDT)","September 18, 2023 8:00 PM (EDT)",1409,,,"October 3, 2024",,June 2026 retention import from Cohort_Jun26_wo_Payments_7.6.26---70f34bf5-b8e8-4d81-9703-88d2102c7435.xlsx; product-level MRR loaded.,$0.00,$0.00,"$1,221.50",,,Billing,Active,,$0.00,
"SimpleVoIP, LLC",,,,"June 24, 2018 8:00 PM (EDT)",Rachael Buchtan,Jakob Champion,"$10,010.91",,SIMPLEVOIP,SIMPLEVOIP,"October 27, 2027 8:00 PM (EDT)","October 28, 2024 8:00 PM (EDT)",1231,,,"December 5, 2024",,,,,,,,"Billing, Payments",Active,,,
"Edge Communications Solutions, LLC",,,,"November 29, 2022 7:00 PM (EST)",Rachael Buchtan,Katerra Stephenson-Greenwood,"$10,228.83","$10,092.83",EDGE,EDGE,"March 25, 2029 8:00 PM (EDT)","March 26, 2026 8:00 PM (EDT)",1438,,,"February 5, 2026",,June 2026 retention import from Cohort_Jun26_wo_Payments_7.6.26---70f34bf5-b8e8-4d81-9703-88d2102c7435.xlsx; product-level MRR loaded.,$0.00,$0.00,$0.00,,,Billing,Active,,$0.00,
Ucomtel,,,,"September 29, 2022 8:00 PM (EDT)",Rachael Buchtan,Ingrid Beard,"$10,176.67","$10,246.44",UCOMTEL,UCOMTEL,"September 28, 2025 8:00 PM (EDT)","September 29, 2022 8:00 PM (EDT)",1428,,,"January 13, 2026",,June 2026 retention import from Cohort_Jun26_wo_Payments_7.6.26---70f34bf5-b8e8-4d81-9703-88d2102c7435.xlsx; product-level MRR loaded.,$0.00,$0.00,$84.11,,,"Billing, Payments",Active,,$0.00,
Asset Black,,,,"January 29, 2023 7:00 PM (EST)",Ryan Burton,Justin Lee,"$9,599.89","$9,641.24",ASSETBLK,ASSETBLK,"January 28, 2026 7:00 PM (EST)","January 29, 2023 7:00 PM (EST)",1432,,,"July 17, 2025","May 1, 2026",June 2026 retention import from Cohort_Jun26_wo_Payments_7.6.26---70f34bf5-b8e8-4d81-9703-88d2102c7435.xlsx; product-level MRR loaded.,$0.00,$0.00,$0.00,,,Billing,Active,,$0.00,
"Pulsar360, Inc.",,,,"July 13, 2026 3:16 AM (EDT)",Rachael Buchtan,Justin Lee,"$9,500.00","$9,500.00",PULSAR,PULSAR,"June 29, 2022 8:00 PM (EDT)","June 30, 2019 8:00 PM (EDT)",21001,,,"May 16, 2023",,June 2026 retention import from Cohort_Jun26_wo_Payments_7.6.26---70f34bf5-b8e8-4d81-9703-88d2102c7435.xlsx; product-level MRR loaded.,$0.00,$0.00,$0.00,,,Billing,Active,,$0.00,
Atron Solutions,"May 17, 2026","June 16, 2026","July 16, 2026","September 14, 2021 8:00 PM (EDT)",Rachael Buchtan,Justin Lee,"$9,449.00","$8,900.00","ATRON, ATRONSOLUTIONSPSA","ATRON, ATRONSOLUTIONSPSA","September 29, 2027 8:00 PM (EDT)","September 30, 2024 8:00 PM (EDT)",1385,"April 17, 2026",Graduated,"February 6, 2026",,June 2026 retention import from Cohort_Jun26_wo_Payments_7.6.26---70f34bf5-b8e8-4d81-9703-88d2102c7435.xlsx; product-level MRR loaded.,$0.00,$549.00,$256.44,,,"Billing, PSA Web, Payments",Active,,$0.00,
Broadband Office Solutions,,,,"December 30, 2014 7:00 PM (EST)",Ryan Burton,Jakob Champion,"$9,429.61","$9,337.53",BBOSOLUTIONS,BBOSOLUTIONS,"December 30, 2028 7:00 PM (EST)","December 31, 2025 7:00 PM (EST)",1071,,,"March 16, 2026",,June 2026 retention import from Cohort_Jun26_wo_Payments_7.6.26---70f34bf5-b8e8-4d81-9703-88d2102c7435.xlsx; product-level MRR loaded.,$0.00,$0.00,$0.00,,,Billing,Active,,$0.00,
Mongotel Inc.,,,,"August 18, 2014 8:00 PM (EDT)",Rachael Buchtan,Jakob Champion,"$9,201.32",,MONGO,MONGO,"February 18, 2019 7:00 PM (EST)","August 18, 2018 8:00 PM (EDT)",1063,,,"March 26, 2026",,,,,,,,"Billing, Payments",Active,,,
Voitress,,,,"June 12, 2016 8:00 PM (EDT)",Rachael Buchtan,Jakob Champion,"$8,672.13","$8,823.29",SPOKE,SPOKE,"February 19, 2027 7:00 PM (EST)","February 20, 2024 7:00 PM (EST)",1118,,,"March 25, 2026",,June 2026 retention import from Cohort_Jun26_wo_Payments_7.6.26---70f34bf5-b8e8-4d81-9703-88d2102c7435.xlsx; product-level MRR loaded.,$0.00,$0.00,$136.53,,,"Billing, Payments",Active,,$0.00,
Viirtue LLC (Zeus),,,,"January 28, 2016 7:00 PM (EST)",Rachael Buchtan,Katerra Stephenson-Greenwood,"$5,686.30","$9,532.46",ELEMENTPBX,ELEMENTPBX,"June 30, 2028 8:00 PM (EDT)","July 1, 2026 8:00 PM (EDT)",1114,,,"December 22, 2022",,June 2026 retention import from Cohort_Jun26_wo_Payments_7.6.26---70f34bf5-b8e8-4d81-9703-88d2102c7435.xlsx; product-level MRR loaded.,$0.00,$0.00,$0.00,,,Billing,Active,,$0.00,
JCT (Johnston Communications Voice & Data),,,,"September 9, 2026 3:16 AM (EDT)",Blaine Villafuerte,Katerra Stephenson-Greenwood,"$9,744.18",$0.00,,,"September 9, 2026 3:16 AM (EDT)","September 9, 2026 3:16 AM (EDT)",22769,,,,,June 2026 retention import from Cohort_Jun26_wo_Payments_7.6.26---70f34bf5-b8e8-4d81-9703-88d2102c7435.xlsx; product-level MRR loaded.,$0.00,$0.00,$0.00,,,Tigerpaw,Active,,"$9,663.10",
Techmode,,,,"January 5, 2020 7:00 PM (EST)",Sarah McGovern,Katerra Stephenson-Greenwood,"$9,347.68","$8,007.34",TECHMODE,TECHMODE,"February 27, 2027 7:00 PM (EST)","February 29, 2024 7:00 PM (EST)",1337,,,"January 13, 2026",,June 2026 retention import from Cohort_Jun26_wo_Payments_7.6.26---70f34bf5-b8e8-4d81-9703-88d2102c7435.xlsx; product-level MRR loaded.,$0.00,$0.00,$480.62,,,"Billing, Payments, Tigerpaw",Active,,"$1,256.66",
Netagen Communication Technologies Inc.,,,,"September 9, 2026 3:16 AM (EDT)",Blaine Villafuerte,Justin Lee,"$9,067.25",$0.00,,,"September 9, 2026 3:16 AM (EDT)","September 9, 2026 3:16 AM (EDT)",22290,,,,,June 2026 retention import from Cohort_Jun26_wo_Payments_7.6.26---70f34bf5-b8e8-4d81-9703-88d2102c7435.xlsx; product-level MRR loaded.,$0.00,$0.00,$0.00,,,Tigerpaw,Active,,"$9,067.25",
LogicomUSA,,,,"March 1, 2021 7:00 PM (EST)",Rachael Buchtan,Justin Lee,"$8,967.49","$8,835.27","LOGICOMUSA, LOGICOMUSA_SANDBOX","LOGICOMUSA, LOGICOMUSA_SANDBOX","February 29, 2024 7:00 PM (EST)","March 1, 2021 7:00 PM (EST)",1379,,,"April 24, 2026",,June 2026 retention import from Cohort_Jun26_wo_Payments_7.6.26---70f34bf5-b8e8-4d81-9703-88d2102c7435.xlsx; product-level MRR loaded.,$0.00,$0.00,$24.96,,,"Billing, Payments",Active,,$0.00,
"Dynalink, Inc.",,,,"December 31, 2013 7:00 PM (EST)",Ryan Burton,Katerra Stephenson-Greenwood,"$9,316.35","$9,270.00","DYNALINK, DYNALINK_SANDBOX","DYNALINK, DYNALINK_SANDBOX","May 26, 2027 8:00 PM (EDT)","May 27, 2026 8:00 PM (EDT)",1012,,,"April 16, 2026",,June 2026 retention import from Cohort_Jun26_wo_Payments_7.6.26---70f34bf5-b8e8-4d81-9703-88d2102c7435.xlsx; product-level MRR loaded.,$0.00,$0.00,$595.47,,,Billing,Active,,$0.00,
GigTel (Endeavor Communications),,,,"March 16, 2022 8:00 PM (EDT)",Rachael Buchtan,,"$8,499.30",,"GIGTEL, GIGTEL_Sandbox","GIGTEL, GIGTEL_Sandbox","February 27, 2029 7:00 PM (EST)","February 28, 2026 7:00 PM (EST)",1418,,,"October 27, 2025",,,,,,,,"Billing, Payments",Active,,,
"Bullfrog Group, LLC","April 26, 2026","May 26, 2026","June 25, 2026","September 29, 2015 8:00 PM (EDT)",Rachael Buchtan,Katerra Stephenson-Greenwood,"$8,037.32",,"INVOIP, INVOIPPSA","INVOIP, INVOIPPSA","February 27, 2029 7:00 PM (EST)","February 28, 2026 7:00 PM (EST)",1111,"March 27, 2026",,"May 11, 2026",,,,,,,,"Billing, PSA Web",Active,,,
Uniti Fiber LLC C/O C00093581,,,,"September 9, 2026 3:16 AM (EDT)",Ryan Burton,Katerra Stephenson-Greenwood,"$7,978.74",,UNITIPBS,UNITIPBS,"April 24, 2026 8:00 PM (EDT)","April 25, 2021 8:00 PM (EDT)",1464,,,"August 7, 2024",,,,,,,,Odin,Active,,,
Grid4 Communications,,,,"March 18, 2018 8:00 PM (EDT)",Ryan Burton,Justin Lee,"$8,301.32","$8,155.85",GRID4,GRID4,"September 11, 2025 8:00 PM (EDT)","September 12, 2024 8:00 PM (EDT)",1180,,,"January 16, 2026",,June 2026 retention import from Cohort_Jun26_wo_Payments_7.6.26---70f34bf5-b8e8-4d81-9703-88d2102c7435.xlsx; product-level MRR loaded.,$0.00,$0.00,$427.96,,,"Billing, Payments",Active,,$0.00,
LightSpar,,,,"July 18, 2024 8:00 PM (EDT)",Sarah McGovern,Ingrid Beard,"$8,526.83","$8,559.36",LIGHTSPAR,LIGHTSPAR,"July 17, 2027 8:00 PM (EDT)","July 18, 2024 8:00 PM (EDT)",21048,,,"November 5, 2025",,June 2026 retention import from Cohort_Jun26_wo_Payments_7.6.26---70f34bf5-b8e8-4d81-9703-88d2102c7435.xlsx; product-level MRR loaded.,$0.00,$0.00,$93.18,,,"Billing, Payments",Active,,$0.00,
Simplicity VoIP,,,,"June 29, 2020 8:00 PM (EDT)",Rachael Buchtan,Katerra Stephenson-Greenwood,"$9,041.32","$8,634.90",SIMPLICITYVOIP,SIMPLICITYVOIP,"October 29, 2027 8:00 PM (EDT)","October 30, 2024 8:00 PM (EDT)",1347,,,"September 30, 2025",,June 2026 retention import from Cohort_Jun26_wo_Payments_7.6.26---70f34bf5-b8e8-4d81-9703-88d2102c7435.xlsx; product-level MRR loaded.,$0.00,$0.00,$469.62,,,"Billing, Payments",Active,,$0.00,
"DialToneServices, L.P.",,,,"September 30, 2024 8:00 PM (EDT)",Rachael Buchtan,Justin Lee,"$8,001.34",$0.00,"DIALTONE, RANGE","DIALTONE, RANGE","September 29, 2025 8:00 PM (EDT)","September 30, 2024 8:00 PM (EDT)",21061,,,"April 23, 2026",,June 2026 retention import from Cohort_Jun26_wo_Payments_7.6.26---70f34bf5-b8e8-4d81-9703-88d2102c7435.xlsx; product-level MRR loaded.,$0.00,$0.00,$41.27,,,Billing,Active,,$0.00,
Exponential-e,,,,"September 9, 2026 3:16 AM (EDT)",,,"$8,000.71",$0.00,EXPO,EXPO,"February 27, 2027 7:00 PM (EST)","February 28, 2026 7:00 PM (EST)",1447,,,"May 11, 2026",,June 2026 retention import from Cohort_Jun26_wo_Payments_7.6.26---70f34bf5-b8e8-4d81-9703-88d2102c7435.xlsx; product-level MRR loaded.,"$8,000.00",$0.00,$0.00,,,Odin,Active,,$0.00,
CATAPULT,,,,"September 9, 2026 3:16 AM (EDT)",Ryan Burton,Justin Lee,"$10,798.04",,CATAPULT,CATAPULT,"September 9, 2026 3:16 AM (EDT)","September 9, 2026 3:16 AM (EDT)",21026,,,,,,,,,,,Billing,Active,,,
CallHarbor,,,,"November 28, 2022 7:00 PM (EST)",Rachael Buchtan,Jakob Champion,"$7,866.13","$7,720.52",CALLHARBOR,CALLHARBOR,"November 27, 2025 7:00 PM (EST)","November 28, 2022 7:00 PM (EST)",1434,,,"April 14, 2026",,June 2026 retention import from Cohort_Jun26_wo_Payments_7.6.26---70f34bf5-b8e8-4d81-9703-88d2102c7435.xlsx; product-level MRR loaded.,$0.00,$0.00,"$1,117.51",,,"Billing, Payments",Active,,$0.00,
"Parker FiberNet, LLC",,,,"January 26, 2011 7:00 PM (EST)",Rachael Buchtan,Ingrid Beard,"$9,428.78","$8,200.71",PARKER,PARKER,"August 13, 2014 8:00 PM (EDT)","August 14, 2011 8:00 PM (EDT)",1027,,,"February 17, 2026",,June 2026 retention import from Cohort_Jun26_wo_Payments_7.6.26---70f34bf5-b8e8-4d81-9703-88d2102c7435.xlsx; product-level MRR loaded.,$0.00,$0.00,$94.15,,,"Billing, Payments",Active,,$0.00,
TelCloud Corporation,,,,"June 1, 2021 8:00 PM (EDT)",Rachael Buchtan,Ingrid Beard,"$10,241.20","$12,879.64",TELCLOUD,TELCLOUD,"May 31, 2024 8:00 PM (EDT)","June 1, 2021 8:00 PM (EDT)",1387,,,"June 30, 2026",,June 2026 retention import from Cohort_Jun26_wo_Payments_7.6.26---70f34bf5-b8e8-4d81-9703-88d2102c7435.xlsx; product-level MRR loaded.,$0.00,$0.00,$0.00,,,"Billing, Payments",Active,,$0.00,
Worldcom Exchange Inc,,,,"September 9, 2026 3:16 AM (EDT)",,,"$7,920.22",$0.00,,,"September 9, 2026 3:16 AM (EDT)","September 9, 2026 3:16 AM (EDT)",22801,,,"July 10, 2025",,June 2026 retention import from Cohort_Jun26_wo_Payments_7.6.26---70f34bf5-b8e8-4d81-9703-88d2102c7435.xlsx; product-level MRR loaded.,$0.00,$0.00,$0.00,,,Tigerpaw,Active,,"$7,873.91",
"Number Sentry, LLC",,,,"November 29, 2022 7:00 PM (EST)",Rachael Buchtan,Justin Lee,"$6,678.41",,"1485, NUMBERSENTRY","1485, NUMBERSENTRY","August 26, 2028 8:00 PM (EDT)","August 27, 2025 8:00 PM (EDT)",1485,,,"February 26, 2026",,,,,,,,Billing,Active,,,
IPitomy,,,,"September 29, 2022 8:00 PM (EDT)",Ryan Burton,Jakob Champion,"$7,328.59","$7,266.89",IPITOMY,IPITOMY,"February 27, 2028 7:00 PM (EST)","February 28, 2025 7:00 PM (EST)",1475,,,"October 28, 2024",,June 2026 retention import from Cohort_Jun26_wo_Payments_7.6.26---70f34bf5-b8e8-4d81-9703-88d2102c7435.xlsx; product-level MRR loaded.,$0.00,$0.00,$111.25,,,"Billing, Payments",Active,,$0.00,
"Bridgeconnex, LLC",,,,"February 3, 2019 7:00 PM (EST)",Rachael Buchtan,Justin Lee,"$7,166.67","$7,164.84","BRIDGECONNEX, BRIDGECONNEX_SANDBOX","BRIDGECONNEX, BRIDGECONNEX_SANDBOX","October 4, 2028 8:00 PM (EDT)","October 5, 2026 8:00 PM (EDT)",1257,,,"July 9, 2026","May 27, 2026",June 2026 retention import from Cohort_Jun26_wo_Payments_7.6.26---70f34bf5-b8e8-4d81-9703-88d2102c7435.xlsx; product-level MRR loaded.,$0.00,$0.00,$644.65,,,Billing,Active,,$0.00,
Bank-Tec South,,,,"September 9, 2026 3:16 AM (EDT)",Blaine Villafuerte,Jakob Champion,"$6,520.00",$0.00,BANKTECSOUTHPSA,BANKTECSOUTHPSA,"September 9, 2026 3:16 AM (EDT)","September 9, 2026 3:16 AM (EDT)",22139,,,"July 23, 2025",,June 2026 retention import from Cohort_Jun26_wo_Payments_7.6.26---70f34bf5-b8e8-4d81-9703-88d2102c7435.xlsx; product-level MRR loaded.,$0.00,$0.00,$35.14,,,PSA Web,Active,,$0.00,
"HyVee, Inc. dba  A+ Communications & Security",,,,"September 9, 2026 3:16 AM (EDT)",,Jakob Champion,"$7,081.50",$0.00,,,"September 9, 2026 3:16 AM (EDT)","September 9, 2026 3:16 AM (EDT)",22178,,,"June 12, 2026",,June 2026 retention import from Cohort_Jun26_wo_Payments_7.6.26---70f34bf5-b8e8-4d81-9703-88d2102c7435.xlsx; product-level MRR loaded.,$0.00,$0.00,$0.00,,,Tigerpaw,Active,,"$7,075.00",
"Eastern DataComm, LLC",,,,"September 9, 2026 3:16 AM (EDT)",,,"$5,943.89",$0.00,"Eastern DataComm, LLC, Symbrant Technologies, LLC","Eastern DataComm, LLC, Symbrant Technologies, LLC","September 9, 2026 3:16 AM (EDT)","September 9, 2026 3:16 AM (EDT)",22161,,,"June 1, 2026",,June 2026 retention import from Cohort_Jun26_wo_Payments_7.6.26---70f34bf5-b8e8-4d81-9703-88d2102c7435.xlsx; product-level MRR loaded.,$0.00,$0.00,$0.00,,,Tigerpaw,Active,,"$5,884.60",
Digital Connections,,,,"September 9, 2026 3:16 AM (EDT)",Ryan Burton,Katerra Stephenson-Greenwood,"$7,501.20","$7,303.93",DIGITALCONN,DIGITALCONN,"April 29, 2024 8:00 PM (EDT)","April 30, 2023 8:00 PM (EDT)",20014,,,"March 26, 2026",,June 2026 retention import from Cohort_Jun26_wo_Payments_7.6.26---70f34bf5-b8e8-4d81-9703-88d2102c7435.xlsx; product-level MRR loaded.,$0.00,$0.00,$0.00,,,Billing,Active,,$0.00,
"4Voice, LLC",,,,"May 23, 2024 8:00 PM (EDT)",Rachael Buchtan,,"$6,539.66","$6,223.43","4VOICE, 4VOICEPSA, 4VOICEREVIO","4VOICE, 4VOICEPSA, 4VOICEREVIO","May 22, 2027 8:00 PM (EDT)","May 23, 2024 8:00 PM (EDT)",20055,,,"June 4, 2026",,June 2026 retention import from Cohort_Jun26_wo_Payments_7.6.26---70f34bf5-b8e8-4d81-9703-88d2102c7435.xlsx; product-level MRR loaded.,$0.00,$315.00,"$1,105.02",,,"Billing, PSA Web",Active,,$0.00,
"Strategic Communications, LLC",,,,"September 9, 2026 3:16 AM (EDT)",,Justin Lee,"$7,016.82",$0.00,,,"September 9, 2026 3:16 AM (EDT)","September 9, 2026 3:16 AM (EDT)",22134,,,"December 11, 2024",,June 2026 retention import from Cohort_Jun26_wo_Payments_7.6.26---70f34bf5-b8e8-4d81-9703-88d2102c7435.xlsx; product-level MRR loaded.,$0.00,$0.00,$0.00,,,Tigerpaw,Active,,"$6,946.89",
"United Data Technologies, Inc.",,,,"March 19, 2025 8:00 PM (EDT)",Rachael Buchtan,Justin Lee,"$6,504.93",,UNITEDDATA,UNITEDDATA,"March 18, 2028 8:00 PM (EDT)","March 19, 2025 8:00 PM (EDT)",21966,,,"January 28, 2026",,,,,,,,Billing,Active,,,
Southeast Network Specialists LLC,,,,"July 27, 2023 8:00 PM (EDT)",Sarah McGovern,,"$6,631.20","$6,173.15",SNS,SNS,"April 29, 2028 8:00 PM (EDT)","April 30, 2025 8:00 PM (EDT)",21002,,,"March 18, 2026",,June 2026 retention import from Cohort_Jun26_wo_Payments_7.6.26---70f34bf5-b8e8-4d81-9703-88d2102c7435.xlsx; product-level MRR loaded.,$0.00,$0.00,$625.26,,,Billing,Active,,$0.00,
TeleCloud,,,,"November 18, 2020 7:00 PM (EST)",Rachael Buchtan,Ingrid Beard,"$6,349.76","$6,376.42","1, TELECLOUD","1, TELECLOUD","January 30, 2027 7:00 PM (EST)","January 31, 2024 7:00 PM (EST)",1349,,,"March 12, 2026",,June 2026 retention import from Cohort_Jun26_wo_Payments_7.6.26---70f34bf5-b8e8-4d81-9703-88d2102c7435.xlsx; product-level MRR loaded.,$0.00,$0.00,$4.15,,,"Billing, Payments",Active,,$0.00,
California Telecom,,,,"August 15, 2019 8:00 PM (EDT)",Sarah McGovern,Jakob Champion,"$6,552.76","$5,986.16","CALTEL, caltel_SANDBOX","CALTEL, caltel_SANDBOX","June 25, 2022 8:00 PM (EDT)","June 26, 2019 8:00 PM (EDT)",1295,,,"April 21, 2026",,June 2026 retention import from Cohort_Jun26_wo_Payments_7.6.26---70f34bf5-b8e8-4d81-9703-88d2102c7435.xlsx; product-level MRR loaded.,$0.00,$0.00,$337.25,,,"Billing, Payments",Active,,$0.00,
Communications Management Services,,,,"September 12, 2024 8:00 PM (EDT)",Sarah McGovern,Justin Lee,"$8,675.34",$0.00,CMS,CMS,"September 11, 2027 8:00 PM (EDT)","September 12, 2024 8:00 PM (EDT)",21052,,,"July 9, 2024",,June 2026 retention import from Cohort_Jun26_wo_Payments_7.6.26---70f34bf5-b8e8-4d81-9703-88d2102c7435.xlsx; product-level MRR loaded.,$0.00,$0.00,$77.82,,,Billing,Active,,$0.00,
"Stellar Private Cable Systems, Inc.",,,,"January 15, 2016 7:00 PM (EST)",Rachael Buchtan,,"$6,138.96","$6,130.34","ESCOTECH, ESCOTECH_SANDBOX, ESCOTECH_SYNC","ESCOTECH, ESCOTECH_SANDBOX, ESCOTECH_SYNC","June 17, 2022 8:00 PM (EDT)","June 18, 2019 8:00 PM (EDT)",1103,,,,,June 2026 retention import from Cohort_Jun26_wo_Payments_7.6.26---70f34bf5-b8e8-4d81-9703-88d2102c7435.xlsx; product-level MRR loaded.,$0.00,$0.00,$0.00,,,"Billing, Payments",Active,,$0.00,
Vested Networks,,,,"April 10, 2025 8:00 PM (EDT)",Ryan Burton,Ingrid Beard,"$7,200.00","$7,200.00",VESTEDNETWORKS,VESTEDNETWORKS,"March 30, 2028 8:00 PM (EDT)","March 31, 2026 8:00 PM (EDT)",21976,,,"October 27, 2025",,June 2026 retention import from Cohort_Jun26_wo_Payments_7.6.26---70f34bf5-b8e8-4d81-9703-88d2102c7435.xlsx; product-level MRR loaded.,$0.00,$0.00,-$9.69,,,Billing,Active,,$0.00,
LinkUs Corporation,,,,"September 9, 2026 3:16 AM (EDT)",,Katerra Stephenson-Greenwood,"$5,922.82",$0.00,,,"September 9, 2026 3:16 AM (EDT)","September 9, 2026 3:16 AM (EDT)",22223,,,"August 18, 2025",,June 2026 retention import from Cohort_Jun26_wo_Payments_7.6.26---70f34bf5-b8e8-4d81-9703-88d2102c7435.xlsx; product-level MRR loaded.,$0.00,$0.00,$0.00,,,Tigerpaw,Active,,"$5,922.82",
"OIT, LLC",,,,"October 30, 2017 8:00 PM (EDT)",Rachael Buchtan,Justin Lee,"$5,882.56","$5,798.58",OITVOIP,OITVOIP,"April 6, 2025 8:00 PM (EDT)","April 7, 2024 8:00 PM (EDT)",1191,,,"February 12, 2026",,June 2026 retention import from Cohort_Jun26_wo_Payments_7.6.26---70f34bf5-b8e8-4d81-9703-88d2102c7435.xlsx; product-level MRR loaded.,$0.00,$0.00,$672.26,,,Billing,Active,,$0.00,
Apex Wireless,,,,"March 12, 2020 8:00 PM (EDT)",Sarah McGovern,Ingrid Beard,"$5,960.42","$5,732.49",APEXWIRELESS,APEXWIRELESS,"June 10, 2028 8:00 PM (EDT)","June 11, 2025 8:00 PM (EDT)",1350,,,"November 19, 2024",,June 2026 retention import from Cohort_Jun26_wo_Payments_7.6.26---70f34bf5-b8e8-4d81-9703-88d2102c7435.xlsx; product-level MRR loaded.,$0.00,$0.00,"$1,488.65",,,Billing,Active,,$0.00,
Ten4,"May 15, 2026","June 14, 2026","July 14, 2026","October 2, 2023 8:00 PM (EDT)",Sarah McGovern,Jakob Champion,"$5,800.68","$5,290.99","TEN4, TEN4PSA","TEN4, TEN4PSA","October 1, 2026 8:00 PM (EDT)","October 2, 2023 8:00 PM (EDT)",21013,"April 15, 2026",,"July 15, 2025",,June 2026 retention import from Cohort_Jun26_wo_Payments_7.6.26---70f34bf5-b8e8-4d81-9703-88d2102c7435.xlsx; product-level MRR loaded.,$0.00,$500.00,$68.47,,,"Billing, PSA Web",Active,,$0.00,
"Primevox Communications, LLC",,,,"June 23, 2022 8:00 PM (EDT)",Rachael Buchtan,Katerra Stephenson-Greenwood,"$5,702.27",,PRIMEVOX,PRIMEVOX,"March 16, 2028 8:00 PM (EDT)","March 17, 2025 8:00 PM (EDT)",1431,,,"June 6, 2024",,,,,,,,"Billing, Payments",Active,,,
"High Tech Innovations, LLC",,,,"September 9, 2026 3:19 AM (EDT)",Sarah McGovern,Ingrid Beard,"$1,446.81",$0.00,,,"September 9, 2026 3:19 AM (EDT)","September 9, 2026 3:19 AM (EDT)",22167,,,,,June 2026 retention import from Cohort_Jun26_wo_Payments_7.6.26---70f34bf5-b8e8-4d81-9703-88d2102c7435.xlsx; product-level MRR loaded.,$0.00,$0.00,$0.00,,,Tigerpaw,Active,,"$1,440.00",
"Universal Telcom, LLC",,,,"July 30, 2015 8:00 PM (EDT)",Rachael Buchtan,,"$5,557.00","$5,333.24",UTC,UTC,"July 29, 2018 8:00 PM (EDT)","July 30, 2015 8:00 PM (EDT)",1095,,,"July 1, 2026",,June 2026 retention import from Cohort_Jun26_wo_Payments_7.6.26---70f34bf5-b8e8-4d81-9703-88d2102c7435.xlsx; product-level MRR loaded.,$0.00,$0.00,$203.88,,,"Billing, Payments",Active,,$0.00,
BluIP,,,,"September 9, 2026 3:16 AM (EDT)",,Katerra Stephenson-Greenwood,"$5,721.24",$0.00,"-, BLUIP","-, BLUIP","March 29, 2026 8:00 PM (EDT)","March 30, 2023 8:00 PM (EDT)",21005,,,"April 10, 2026",,June 2026 retention import from Cohort_Jun26_wo_Payments_7.6.26---70f34bf5-b8e8-4d81-9703-88d2102c7435.xlsx; product-level MRR loaded.,"$5,665.00",$0.00,$0.00,,,Odin,Active,,$0.00,
"Vonage Holding Corp., Accounts Payable",,,,"September 9, 2026 3:16 AM (EDT)",,,"$5,580.00",,VONAGE,VONAGE,"November 17, 2024 7:00 PM (EST)","November 18, 2021 7:00 PM (EST)",1466,,,,,,,,,,,Odin,,,,
InterGlobe Communications,,,,"November 5, 2024 7:00 PM (EST)",Rachael Buchtan,Jakob Champion,"$5,620.27","$5,539.78",INTERGLOBE,INTERGLOBE,"November 4, 2025 7:00 PM (EST)","November 5, 2024 7:00 PM (EST)",21057,,,"April 27, 2026",,June 2026 retention import from Cohort_Jun26_wo_Payments_7.6.26---70f34bf5-b8e8-4d81-9703-88d2102c7435.xlsx; product-level MRR loaded.,$0.00,$0.00,$489.18,,,Billing,Active,,$0.00,
Digital Agent,,,,"April 14, 2019 8:00 PM (EDT)",Rachael Buchtan,Ingrid Beard,"$5,509.79","$5,507.84",DIGITALAGENT,DIGITALAGENT,"April 21, 2023 8:00 PM (EDT)","December 23, 2018 7:00 PM (EST)",1254,,,"February 5, 2026",,June 2026 retention import from Cohort_Jun26_wo_Payments_7.6.26---70f34bf5-b8e8-4d81-9703-88d2102c7435.xlsx; product-level MRR loaded.,$0.00,$0.00,$377.90,,,"Billing, Payments",Active,,$0.00,
Macquarie Technology Operations Pty Limited,,,,"February 24, 2023 7:00 PM (EST)",,,"$5,696.25",$0.00,MACQUARIEODIN,MACQUARIEODIN,"September 3, 2023 8:00 PM (EDT)","September 4, 2022 8:00 PM (EDT)",1454,,,,,June 2026 retention import from Cohort_Jun26_wo_Payments_7.6.26---70f34bf5-b8e8-4d81-9703-88d2102c7435.xlsx; product-level MRR loaded.,"$5,512.50",$0.00,$0.00,,,Odin,Active,,$0.00,
Broadsmart Global Inc,,,,"December 31, 2013 7:00 PM (EST)",Rachael Buchtan,Justin Lee,"$5,386.79","$5,367.50","NORTHAMERICAN, NORTHAMERICAN2","NORTHAMERICAN, NORTHAMERICAN2","December 31, 2014 7:00 PM (EST)","December 31, 2004 7:00 PM (EST)",1023,,,"July 17, 2023",,June 2026 retention import from Cohort_Jun26_wo_Payments_7.6.26---70f34bf5-b8e8-4d81-9703-88d2102c7435.xlsx; product-level MRR loaded.,$0.00,$0.00,$0.00,,,Billing,Active,,$0.00,
Telebroad,,,,"December 31, 2013 7:00 PM (EST)",Sarah McGovern,Katerra Stephenson-Greenwood,"$5,715.88","$5,359.78","TELEBROAD, TELEBROAD_TEST","TELEBROAD, TELEBROAD_TEST","August 28, 2010 8:00 PM (EDT)","August 28, 2007 8:00 PM (EDT)",1037,,,"July 5, 2023",,June 2026 retention import from Cohort_Jun26_wo_Payments_7.6.26---70f34bf5-b8e8-4d81-9703-88d2102c7435.xlsx; product-level MRR loaded.,$0.00,$0.00,$0.00,,,Billing,Active,,$0.00,
Glacier Networks Inc,,,,"October 29, 2020 8:00 PM (EDT)",Ryan Burton,,"$5,442.40",,"GLACIER, GLACIER_SANDBOX","GLACIER, GLACIER_SANDBOX","October 22, 2028 8:00 PM (EDT)","October 23, 2025 8:00 PM (EDT)",1365,,,"January 26, 2026",,,,,,,,"Billing, Payments",Active,,,
Pavion Corp (fka Integrated Security & Communicati,,,,"September 9, 2026 3:16 AM (EDT)",,Katerra Stephenson-Greenwood,"$5,338.79",$0.00,,,"September 9, 2026 3:16 AM (EDT)","September 9, 2026 3:16 AM (EDT)",22332,,,,,June 2026 retention import from Cohort_Jun26_wo_Payments_7.6.26---70f34bf5-b8e8-4d81-9703-88d2102c7435.xlsx; product-level MRR loaded.,$0.00,$0.00,$0.00,,,Tigerpaw,Active,,"$5,338.79",
"Exadigm, Inc.",,,,"October 30, 2017 8:00 PM (EDT)",Sarah McGovern,,"$5,384.09","$5,483.28",EXADIGM,EXADIGM,"October 29, 2020 8:00 PM (EDT)","October 30, 2017 8:00 PM (EDT)",1185,,,"July 20, 2023",,June 2026 retention import from Cohort_Jun26_wo_Payments_7.6.26---70f34bf5-b8e8-4d81-9703-88d2102c7435.xlsx; product-level MRR loaded.,$0.00,$0.00,$0.00,,,Billing,Active,,$0.00,
Brown Security Solutions,,,,"September 9, 2026 3:16 AM (EDT)",,Jakob Champion,"$5,696.29",$0.00,,,"September 9, 2026 3:16 AM (EDT)","September 9, 2026 3:16 AM (EDT)",22475,,,"August 19, 2024",,June 2026 retention import from Cohort_Jun26_wo_Payments_7.6.26---70f34bf5-b8e8-4d81-9703-88d2102c7435.xlsx; product-level MRR loaded.,$0.00,$0.00,$0.00,,,Tigerpaw,Active,,"$5,696.29",
Priority Communications,,,,"December 21, 2017 7:00 PM (EST)",Ryan Burton,Jakob Champion,"$5,220.69","$4,452.23",KATEKO,KATEKO,"December 20, 2020 7:00 PM (EST)","December 21, 2017 7:00 PM (EST)",1193,,,"August 15, 2022",,June 2026 retention import from Cohort_Jun26_wo_Payments_7.6.26---70f34bf5-b8e8-4d81-9703-88d2102c7435.xlsx; product-level MRR loaded.,$0.00,$0.00,$0.00,,,"Billing, Tigerpaw",Active,,$437.58,
Vive Communications,,,,"June 13, 2024 8:00 PM (EDT)",Rachael Buchtan,Ingrid Beard,"$5,271.02","$5,312.10",VIVE,VIVE,"June 12, 2027 8:00 PM (EDT)","June 13, 2024 8:00 PM (EDT)",21050,,,"July 23, 2024",,June 2026 retention import from Cohort_Jun26_wo_Payments_7.6.26---70f34bf5-b8e8-4d81-9703-88d2102c7435.xlsx; product-level MRR loaded.,$0.00,$0.00,$0.00,,,Billing,Active,,$0.00,
"Enhanced Communications Networks, Inc.",,,,"December 31, 2013 7:00 PM (EST)",Ryan Burton,Justin Lee,"$5,291.61","$5,295.14",ECNTEL,ECNTEL,"September 27, 2025 8:00 PM (EDT)","September 28, 2023 8:00 PM (EDT)",1014,,,"February 4, 2026","April 23, 2026",June 2026 retention import from Cohort_Jun26_wo_Payments_7.6.26---70f34bf5-b8e8-4d81-9703-88d2102c7435.xlsx; product-level MRR loaded.,$0.00,$0.00,$0.00,,,"Billing, Payments",Active,,$0.00,
Volli Communications,,,,"November 29, 2022 7:00 PM (EST)",Sarah McGovern,,"$4,905.37","$4,832.08",VOLLICOMM,VOLLICOMM,"November 28, 2025 7:00 PM (EST)","November 29, 2022 7:00 PM (EST)",1484,,,,,June 2026 retention import from Cohort_Jun26_wo_Payments_7.6.26---70f34bf5-b8e8-4d81-9703-88d2102c7435.xlsx; product-level MRR loaded.,$0.00,$0.00,$282.42,,,"Billing, Payments",Active,,$0.00,
Advantage Telecom,,,,"June 22, 2023 8:00 PM (EDT)",Ryan Burton,Ingrid Beard,"$5,387.44","$5,060.00",ADVANTAGETELECOM,ADVANTAGETELECOM,"June 21, 2026 8:00 PM (EDT)","June 22, 2023 8:00 PM (EDT)",1486,,,"April 24, 2026",,June 2026 retention import from Cohort_Jun26_wo_Payments_7.6.26---70f34bf5-b8e8-4d81-9703-88d2102c7435.xlsx; product-level MRR loaded.,$0.00,$0.00,$13.92,,,Billing,Active,,$0.00,
Vocus Group Ltd.,,,,"September 9, 2026 3:15 AM (EDT)",,Ingrid Beard,"$24,050.39",$0.00,"-, VOCUS, VOCUSPBS","-, VOCUS, VOCUSPBS","July 23, 2026 8:00 PM (EDT)","July 24, 2023 8:00 PM (EDT)",1465,,,"June 28, 2022",,June 2026 retention import from Cohort_Jun26_wo_Payments_7.6.26---70f34bf5-b8e8-4d81-9703-88d2102c7435.xlsx; product-level MRR loaded.,"$5,000.00",$0.00,$0.00,,,Odin,Active,,$0.00,
Vanran Communications,,,,"September 8, 2025 8:00 PM (EDT)",Sarah McGovern,,"$4,518.35","$2,694.65","VANRAN, VANRANPSA","VANRAN, VANRANPSA","September 7, 2028 8:00 PM (EDT)","September 8, 2025 8:00 PM (EDT)",21754,,,,,June 2026 retention import from Cohort_Jun26_wo_Payments_7.6.26---70f34bf5-b8e8-4d81-9703-88d2102c7435.xlsx; product-level MRR loaded.,$0.00,$0.00,$2.11,,,"Billing, PSA Web, Tigerpaw",Active,,$0.00,
Saicom Voice Services,,,,"September 9, 2026 3:17 AM (EDT)",,Ingrid Beard,"$4,189.50",,SAICOM,SAICOM,"March 6, 2025 7:00 PM (EST)","March 7, 2024 7:00 PM (EST)",21065,,,,,,,,,,,Odin,,,,
"Mathias Lock and Key, Inc.",,,,"September 9, 2026 3:17 AM (EDT)",Blaine Villafuerte,Jakob Champion,"$4,658.45",$0.00,,,"September 9, 2026 3:17 AM (EDT)","September 9, 2026 3:17 AM (EDT)",22441,,,"November 27, 2024",,June 2026 retention import from Cohort_Jun26_wo_Payments_7.6.26---70f34bf5-b8e8-4d81-9703-88d2102c7435.xlsx; product-level MRR loaded.,$0.00,$0.00,$0.00,,,Tigerpaw,Active,,"$4,583.50",
JCM Telecom LLC,,,,"February 28, 2022 7:00 PM (EST)",Ryan Burton,Katerra Stephenson-Greenwood,"$4,529.09",,JCMTELECOM,JCMTELECOM,"March 2, 2027 7:00 PM (EST)","March 3, 2026 7:00 PM (EST)",1419,,,"December 12, 2025",,,,,,,,"Billing, Payments",Active,,,
BEK Communications,,,,"September 9, 2026 3:17 AM (EDT)",Sarah McGovern,Katerra Stephenson-Greenwood,"$4,427.69",$0.00,BEK,BEK,"February 19, 2024 7:00 PM (EST)","February 20, 2023 7:00 PM (EST)",1441,,,"January 23, 2023",,June 2026 retention import from Cohort_Jun26_wo_Payments_7.6.26---70f34bf5-b8e8-4d81-9703-88d2102c7435.xlsx; product-level MRR loaded.,"$4,388.61",$0.00,$0.00,,,Odin,Active,,$0.00,
AVC One,,,,"September 9, 2026 3:17 AM (EDT)",Sarah McGovern,Jakob Champion,"$4,120.00",$0.00,AVCONEPBS,AVCONEPBS,"March 8, 2026 8:00 PM (EDT)","March 9, 2023 7:00 PM (EST)",1440,,,"March 6, 2024",,June 2026 retention import from Cohort_Jun26_wo_Payments_7.6.26---70f34bf5-b8e8-4d81-9703-88d2102c7435.xlsx; product-level MRR loaded.,"$4,120.00",$0.00,$0.00,,,Odin,Active,,$0.00,
Aureon Communications,,,,"September 9, 2026 3:17 AM (EDT)",,,"$4,700.66",$0.00,AUREONPBS,AUREONPBS,"November 16, 2023 7:00 PM (EST)","November 17, 2022 7:00 PM (EST)",1439,,,,,June 2026 retention import from Cohort_Jun26_wo_Payments_7.6.26---70f34bf5-b8e8-4d81-9703-88d2102c7435.xlsx; product-level MRR loaded.,"$4,630.50",$0.00,$0.00,,,Odin,Active,,$0.00,
Centra IP Networks,"October 30, 2025","November 29, 2025","December 29, 2025","January 8, 2023 7:00 PM (EST)",Sarah McGovern,Ingrid Beard,"$5,593.46","$3,987.73","ADVANCEDCOMMUNICATIONS, ADVANCEDCOMMUNICATIONSRMM, CENTRAIPPSA, CENTRAIPRMM","ADVANCEDCOMMUNICATIONS, ADVANCEDCOMMUNICATIONSRMM, CENTRAIPPSA, CENTRAIPRMM","January 7, 2026 7:00 PM (EST)","January 8, 2023 7:00 PM (EST)",1492,"September 30, 2025",,"March 3, 2026",,June 2026 retention import from Cohort_Jun26_wo_Payments_7.6.26---70f34bf5-b8e8-4d81-9703-88d2102c7435.xlsx; product-level MRR loaded.,$0.00,$427.00,$410.54,,,"Billing, PSA Web",Active,,$0.00,
Synergy,,,,"September 9, 2026 3:17 AM (EDT)",Olivia Sandefur,,"$4,810.30",$0.00,,,"September 9, 2026 3:17 AM (EDT)","September 9, 2026 3:17 AM (EDT)",22375,,,"January 27, 2026",,June 2026 retention import from Cohort_Jun26_wo_Payments_7.6.26---70f34bf5-b8e8-4d81-9703-88d2102c7435.xlsx; product-level MRR loaded.,$0.00,$0.00,$608.21,,,Tigerpaw,Active,,"$4,762.59",
Trifecta Solutions Inc,,,,"August 16, 2022 8:00 PM (EDT)",,Katerra Stephenson-Greenwood,"$5,113.12",,TRIFECTA,TRIFECTA,"August 15, 2026 8:00 PM (EDT)","August 16, 2025 8:00 PM (EDT)",1437,,,"May 14, 2024",,,,,,,,Billing,Churned,,,
WireStar Networks,,,,"May 30, 2014 8:00 PM (EDT)",Rachael Buchtan,Andrew Whisenant,"$1,509.25","$1,501.75",WIRESTAR,WIRESTAR,"May 29, 2017 8:00 PM (EDT)","May 30, 2014 8:00 PM (EDT)",1055,,,"June 26, 2024",,June 2026 retention import from Cohort_Jun26_wo_Payments_7.6.26---70f34bf5-b8e8-4d81-9703-88d2102c7435.xlsx; product-level MRR loaded.,$0.00,$0.00,$0.00,,,Billing,Active,,$0.00,
"Sonictel, Inc.",,,,"May 2, 2018 8:00 PM (EDT)",Ryan Burton,Ingrid Beard,$0.00,$0.00,SONICTEL,SONICTEL,"May 1, 2018 8:00 PM (EDT)","May 2, 2018 8:00 PM (EDT)",1220,,,"April 30, 2024",,June 2026 retention import from Cohort_Jun26_wo_Payments_7.6.26---70f34bf5-b8e8-4d81-9703-88d2102c7435.xlsx; product-level MRR loaded.,$0.00,$0.00,$0.00,,,Billing,Churned,,$0.00,
Porting.com,,,,"September 9, 2026 3:16 AM (EDT)",Rachael Buchtan,,"$5,277.23",$0.00,PORTING,PORTING,"September 9, 2026 3:16 AM (EDT)","September 9, 2026 3:16 AM (EDT)",21034,,,,,June 2026 retention import from Cohort_Jun26_wo_Payments_7.6.26---70f34bf5-b8e8-4d81-9703-88d2102c7435.xlsx; product-level MRR loaded.,$0.00,$0.00,$209.91,,,Billing,Active,,$0.00,
Revolve Technologies,,,,"November 7, 2024 7:00 PM (EST)",Sarah McGovern,,"$5,782.94","$4,205.69",REVOLVE,REVOLVE,"November 6, 2027 8:00 PM (EDT)","November 7, 2024 7:00 PM (EST)",21956,,,,,June 2026 retention import from Cohort_Jun26_wo_Payments_7.6.26---70f34bf5-b8e8-4d81-9703-88d2102c7435.xlsx; product-level MRR loaded.,$0.00,$0.00,$0.00,,,"Billing, Payments",Active,,$0.00,
Protex Central Inc,,,,"September 9, 2026 3:17 AM (EDT)",Blaine Villafuerte,,"$4,578.52",$0.00,,,"September 9, 2026 3:17 AM (EDT)","September 9, 2026 3:17 AM (EDT)",22065,,,,,June 2026 retention import from Cohort_Jun26_wo_Payments_7.6.26---70f34bf5-b8e8-4d81-9703-88d2102c7435.xlsx; product-level MRR loaded.,$0.00,$0.00,$0.00,,,Tigerpaw,Active,,"$4,535.46",
Premier Companies,,,,"October 25, 2021 8:00 PM (EDT)",Ryan Burton,Justin Lee,"$4,500.00","$4,500.00","PREMIER, Premier_SANDBOX","PREMIER, Premier_SANDBOX","November 29, 2027 7:00 PM (EST)","November 30, 2025 7:00 PM (EST)",1393,,,"March 5, 2026",,June 2026 retention import from Cohort_Jun26_wo_Payments_7.6.26---70f34bf5-b8e8-4d81-9703-88d2102c7435.xlsx; product-level MRR loaded.,$0.00,$0.00,$763.06,,,"Billing, Payments",Active,,$0.00,
Unicom Solutions,,,,"October 8, 2023 8:00 PM (EDT)",Ryan Burton,Jakob Champion,"$5,203.75","$4,428.84",UNICOMSOLUTIONS,UNICOMSOLUTIONS,"July 13, 2027 8:00 PM (EDT)","July 14, 2026 8:00 PM (EDT)",21009,,,"July 7, 2026",,June 2026 retention import from Cohort_Jun26_wo_Payments_7.6.26---70f34bf5-b8e8-4d81-9703-88d2102c7435.xlsx; product-level MRR loaded.,$0.00,$0.00,$0.00,,,Billing,Active,,$0.00,
Ambit Solutions,,,,"August 14, 2024 8:00 PM (EDT)",Rachael Buchtan,,"$4,299.38","$4,248.61",AMBIT,AMBIT,"August 13, 2027 8:00 PM (EDT)","August 14, 2024 8:00 PM (EDT)",21064,,,"April 30, 2026",,June 2026 retention import from Cohort_Jun26_wo_Payments_7.6.26---70f34bf5-b8e8-4d81-9703-88d2102c7435.xlsx; product-level MRR loaded.,$0.00,$0.00,$84.48,,,Billing,Active,,$0.00,
Blink Voice,,,,"November 14, 2021 7:00 PM (EST)",Ryan Burton,Jakob Champion,"$4,282.48","$4,434.26",BLINKVOICE,BLINKVOICE,"September 29, 2027 8:00 PM (EDT)","September 30, 2024 8:00 PM (EDT)",1405,,,"April 30, 2026",,June 2026 retention import from Cohort_Jun26_wo_Payments_7.6.26---70f34bf5-b8e8-4d81-9703-88d2102c7435.xlsx; product-level MRR loaded.,$0.00,$0.00,"$1,303.69",,,"Billing, Payments",Active,,$0.00,
Prestige Technology LLC,,,,"January 27, 2026 7:00 PM (EST)",Rachael Buchtan,Jakob Champion,"$37,530.68","-$24,994.22","PRESTIGETECHNOLOGY, PRESTIGETECHNOLOGY PSA","PRESTIGETECHNOLOGY, PRESTIGETECHNOLOGY PSA","January 26, 2028 7:00 PM (EST)","July 24, 2025 8:00 PM (EDT)",22844,,,"June 9, 2026",,June 2026 retention import from Cohort_Jun26_wo_Payments_7.6.26---70f34bf5-b8e8-4d81-9703-88d2102c7435.xlsx; product-level MRR loaded.,$0.00,$0.00,$169.23,,,"Billing, PSA Web",Churned,,$0.00,
Mammoth Fire Alarms Inc dba MFPS / a Division of Sciens Building Solutions,,,,"September 9, 2026 3:17 AM (EDT)",Olivia Sandefur,Ingrid Beard,"$4,312.10",$0.00,,,"September 9, 2026 3:17 AM (EDT)","September 9, 2026 3:17 AM (EDT)",22351,,,"March 13, 2024",,June 2026 retention import from Cohort_Jun26_wo_Payments_7.6.26---70f34bf5-b8e8-4d81-9703-88d2102c7435.xlsx; product-level MRR loaded.,$0.00,$0.00,$0.00,,,Tigerpaw,Active,,"$4,312.10",
Advanced Hosted Services,,,,"August 30, 2022 8:00 PM (EDT)",Rachael Buchtan,Justin Lee,"$4,310.16","$4,310.51",AHS,AHS,"May 1, 2027 8:00 PM (EDT)","May 2, 2024 8:00 PM (EDT)",1476,,,"March 9, 2026",,June 2026 retention import from Cohort_Jun26_wo_Payments_7.6.26---70f34bf5-b8e8-4d81-9703-88d2102c7435.xlsx; product-level MRR loaded.,$0.00,$0.00,$667.61,,,"Billing, Payments",Active,,$0.00,
Kloud 7 LLC,,,,"May 28, 2026 8:00 PM (EDT)",Ryan Burton,,"$8,966.86",$0.00,"KLOUD7, KLOUD7PBS","KLOUD7, KLOUD7PBS","May 27, 2027 8:00 PM (EDT)","August 3, 2022 8:00 PM (EDT)",1164,,,"July 16, 2026",,June 2026 retention import from Cohort_Jun26_wo_Payments_7.6.26---70f34bf5-b8e8-4d81-9703-88d2102c7435.xlsx; product-level MRR loaded.,"$2,813.19",$0.00,$0.00,,,"Billing, Odin, Payments",Active,,$0.00,
SCS Communications,,,,"February 1, 2022 7:00 PM (EST)",Sarah McGovern,Katerra Stephenson-Greenwood,"$4,159.50","$4,224.91","SCSCOMM, SCSCOMM_SANDBOX","SCSCOMM, SCSCOMM_SANDBOX","January 31, 2025 7:00 PM (EST)","February 1, 2022 7:00 PM (EST)",1415,,,"January 16, 2024",,June 2026 retention import from Cohort_Jun26_wo_Payments_7.6.26---70f34bf5-b8e8-4d81-9703-88d2102c7435.xlsx; product-level MRR loaded.,$0.00,$0.00,$0.00,,,Billing,Active,,$0.00,
"Maven IT, Inc.",,,,"January 26, 2021 7:00 PM (EST)",,,"$4,626.62","$4,795.77",MAVEN,MAVEN,"January 25, 2024 7:00 PM (EST)","January 26, 2021 7:00 PM (EST)",1381,,,"March 31, 2026",,June 2026 retention import from Cohort_Jun26_wo_Payments_7.6.26---70f34bf5-b8e8-4d81-9703-88d2102c7435.xlsx; product-level MRR loaded.,$0.00,$0.00,$82.08,,,"Billing, Payments",Active,,$0.00,
Infinite Wireless,,,,"April 4, 2024 8:00 PM (EDT)",Ryan Burton,Katerra Stephenson-Greenwood,"$4,205.92","$4,075.39",INFINITEWIRELESS,INFINITEWIRELESS,"May 26, 2027 8:00 PM (EDT)","May 27, 2025 8:00 PM (EDT)",21063,,,"May 8, 2025",,June 2026 retention import from Cohort_Jun26_wo_Payments_7.6.26---70f34bf5-b8e8-4d81-9703-88d2102c7435.xlsx; product-level MRR loaded.,$0.00,$0.00,$0.00,,,Billing,Active,,$0.00,
The T1 Company,,,,"November 27, 2014 7:00 PM (EST)",Sarah McGovern,Jakob Champion,"$4,168.47","$4,105.04",T1CO,T1CO,"November 26, 2017 7:00 PM (EST)","November 27, 2014 7:00 PM (EST)",1081,,,"June 26, 2024",,June 2026 retention import from Cohort_Jun26_wo_Payments_7.6.26---70f34bf5-b8e8-4d81-9703-88d2102c7435.xlsx; product-level MRR loaded.,$0.00,$0.00,$0.00,,,Billing,Active,,$0.00,
Shrimp Wifi LLC,,,,"April 24, 2025 8:00 PM (EDT)",Sarah McGovern,,"$4,184.30","$4,160.64",SHRIMPWIFI,SHRIMPWIFI,"April 23, 2028 8:00 PM (EDT)","April 24, 2025 8:00 PM (EDT)",21967,,,"May 8, 2026",,June 2026 retention import from Cohort_Jun26_wo_Payments_7.6.26---70f34bf5-b8e8-4d81-9703-88d2102c7435.xlsx; product-level MRR loaded.,$0.00,$0.00,$64.66,,,"Billing, Payments",Active,,$0.00,
CSG,,,,"October 5, 2022 8:00 PM (EDT)",Sarah McGovern,Ingrid Beard,"$4,068.30","$4,073.62","CSG, CSG_SANDBOX","CSG, CSG_SANDBOX","October 4, 2025 8:00 PM (EDT)","October 5, 2022 8:00 PM (EDT)",1469,,,"March 13, 2026",,June 2026 retention import from Cohort_Jun26_wo_Payments_7.6.26---70f34bf5-b8e8-4d81-9703-88d2102c7435.xlsx; product-level MRR loaded.,$0.00,$0.00,$0.00,,,Billing,Active,,$0.00,
Converged Networks,,,,"September 2, 2019 8:00 PM (EDT)",Sarah McGovern,Justin Lee,"$4,304.19","$4,107.27",CONVERGEDNETWORKS,CONVERGEDNETWORKS,"July 27, 2022 8:00 PM (EDT)","July 28, 2019 8:00 PM (EDT)",1307,,,"May 7, 2026",,June 2026 retention import from Cohort_Jun26_wo_Payments_7.6.26---70f34bf5-b8e8-4d81-9703-88d2102c7435.xlsx; product-level MRR loaded.,$0.00,$0.00,$0.00,,,Billing,Active,,$0.00,
"Telesupply,LLC",,,,"July 30, 2023 8:00 PM (EDT)",Sarah McGovern,Jakob Champion,"$4,564.93",,"TELESUPPLY, TELESUPPLY_SANDBOX","TELESUPPLY, TELESUPPLY_SANDBOX","July 29, 2026 8:00 PM (EDT)","July 30, 2023 8:00 PM (EDT)",21007,,,"April 21, 2026",,,,,,,,Billing,Active,,,
"Red Gap Communications, Inc.",,,,"April 23, 2026 8:00 PM (EDT)",Ryan Burton,,"$6,571.41","$3,543.11","REDGAP, REDGAPCOMMUNICATIONS, REDGAPCOMMUNICATIONSPBS","REDGAP, REDGAPCOMMUNICATIONS, REDGAPCOMMUNICATIONSPBS","April 23, 2029 8:00 PM (EDT)","May 22, 2025 8:00 PM (EDT)",1460,,,"July 24, 2025",,June 2026 retention import from Cohort_Jun26_wo_Payments_7.6.26---70f34bf5-b8e8-4d81-9703-88d2102c7435.xlsx; product-level MRR loaded.,"$2,500.00",$0.00,$0.00,,,"Billing, Odin",Active,,$0.00,
Telechoice Consulting,,,,"November 25, 2025 7:00 PM (EST)",Sarah McGovern,,"$4,179.04","$3,731.76",TELECHOICE,TELECHOICE,"November 24, 2028 7:00 PM (EST)","November 25, 2025 7:00 PM (EST)",22831,,,,,June 2026 retention import from Cohort_Jun26_wo_Payments_7.6.26---70f34bf5-b8e8-4d81-9703-88d2102c7435.xlsx; product-level MRR loaded.,$0.00,$0.00,$0.00,,,Billing,Active,,$0.00,
Eastern Communications,,,,"September 9, 2026 3:17 AM (EDT)",Olivia Sandefur,Ingrid Beard,"$3,941.30",$0.00,,,"September 9, 2026 3:17 AM (EDT)","September 9, 2026 3:17 AM (EDT)",22294,,,,,June 2026 retention import from Cohort_Jun26_wo_Payments_7.6.26---70f34bf5-b8e8-4d81-9703-88d2102c7435.xlsx; product-level MRR loaded.,$0.00,$0.00,$0.00,,,Tigerpaw,Active,,"$3,941.30",
"Masergy Cloud Communications, Inc.",,,,"September 9, 2026 3:17 AM (EDT)",Sarah McGovern,Ardit Berdyna,"$3,920.80",$0.00,,,"September 9, 2026 3:17 AM (EDT)","September 9, 2026 3:17 AM (EDT)",21998,,,,,June 2026 retention import from Cohort_Jun26_wo_Payments_7.6.26---70f34bf5-b8e8-4d81-9703-88d2102c7435.xlsx; product-level MRR loaded.,$0.00,$0.00,$0.00,,,Tigerpaw,Active,,"$3,920.80",
DCR-Nashville,,,,"September 9, 2026 3:17 AM (EDT)",jacob.williams,Ingrid Beard,"$3,917.55",$0.00,,,"September 9, 2026 3:17 AM (EDT)","September 9, 2026 3:17 AM (EDT)",21994,,,"February 9, 2026",,June 2026 retention import from Cohort_Jun26_wo_Payments_7.6.26---70f34bf5-b8e8-4d81-9703-88d2102c7435.xlsx; product-level MRR loaded.,$0.00,$0.00,$0.00,,,Tigerpaw,Active,,"$3,917.55",
"Communication Services Integrated, Inc. (CSII)",,,,"April 24, 2024 8:00 PM (EDT)",Sarah McGovern,Justin Lee,"$3,863.32","$3,845.37","CSII, CSII_SANDBOX","CSII, CSII_SANDBOX","April 23, 2027 8:00 PM (EDT)","April 24, 2024 8:00 PM (EDT)",21067,,,"January 13, 2026",,June 2026 retention import from Cohort_Jun26_wo_Payments_7.6.26---70f34bf5-b8e8-4d81-9703-88d2102c7435.xlsx; product-level MRR loaded.,$0.00,$0.00,$0.00,,,Billing,Active,,$0.00,
Tele-Plus Corporation,,,,"September 9, 2026 3:17 AM (EDT)",Olivia Sandefur,Jakob Champion,"$4,338.59",$0.00,,,"September 9, 2026 3:17 AM (EDT)","September 9, 2026 3:17 AM (EDT)",22044,,,,,June 2026 retention import from Cohort_Jun26_wo_Payments_7.6.26---70f34bf5-b8e8-4d81-9703-88d2102c7435.xlsx; product-level MRR loaded.,$0.00,$0.00,$0.00,,,Tigerpaw,Active,,"$4,427.32",
Leverage Information Systems,,,,"September 9, 2026 3:22 AM (EDT)",,Katerra Stephenson-Greenwood,$535.50,$0.00,,,"September 9, 2026 3:22 AM (EDT)","September 9, 2026 3:22 AM (EDT)",22144,,,"September 9, 2024",,June 2026 retention import from Cohort_Jun26_wo_Payments_7.6.26---70f34bf5-b8e8-4d81-9703-88d2102c7435.xlsx; product-level MRR loaded.,$0.00,$0.00,-$6.34,,,Tigerpaw,Active,,$535.50,
DataPhone,,,,"November 19, 2020 7:00 PM (EST)",,Katerra Stephenson-Greenwood,"$4,515.06","$4,853.75",DATAPHONE,DATAPHONE,"November 18, 2023 7:00 PM (EST)","November 19, 2020 7:00 PM (EST)",1373,,,"June 16, 2026",,June 2026 retention import from Cohort_Jun26_wo_Payments_7.6.26---70f34bf5-b8e8-4d81-9703-88d2102c7435.xlsx; product-level MRR loaded.,$0.00,$0.00,$351.14,,,Billing,Active,,$0.00,
Hosted Voice,,,,"September 22, 2022 8:00 PM (EDT)",Sarah McGovern,Jakob Champion,"$3,994.99","$4,148.16",HOSTEDVOICE,HOSTEDVOICE,"September 21, 2025 8:00 PM (EDT)","September 22, 2022 8:00 PM (EDT)",1468,,,"February 20, 2026",,June 2026 retention import from Cohort_Jun26_wo_Payments_7.6.26---70f34bf5-b8e8-4d81-9703-88d2102c7435.xlsx; product-level MRR loaded.,$0.00,$0.00,$143.47,,,"Billing, Payments",Active,,$0.00,
Delaware Business Systems,,,,"September 9, 2026 3:18 AM (EDT)",Blaine Villafuerte,Katerra Stephenson-Greenwood,"$1,570.93",$0.00,,,"September 9, 2026 3:18 AM (EDT)","September 9, 2026 3:18 AM (EDT)",22673,,,"July 17, 2025",,June 2026 retention import from Cohort_Jun26_wo_Payments_7.6.26---70f34bf5-b8e8-4d81-9703-88d2102c7435.xlsx; product-level MRR loaded.,$0.00,$0.00,$0.00,,,Tigerpaw,Active,,"$3,820.30",
RingStreet,,,,"March 20, 2022 8:00 PM (EDT)",rinor.berisha,Katerra Stephenson-Greenwood,"$3,858.89","$3,792.14",RINGSTREET,RINGSTREET,"March 19, 2025 8:00 PM (EDT)","March 20, 2022 8:00 PM (EDT)",1422,,,"February 11, 2026",,June 2026 retention import from Cohort_Jun26_wo_Payments_7.6.26---70f34bf5-b8e8-4d81-9703-88d2102c7435.xlsx; product-level MRR loaded.,$0.00,$0.00,$0.00,,,Billing,Active,,$0.00,
Sogetel Inc,,,,"September 9, 2026 3:17 AM (EDT)",Sarah McGovern,,"$3,750.00",$0.00,SOGETEL,SOGETEL,"September 9, 2026 3:17 AM (EDT)","September 9, 2026 3:17 AM (EDT)",21969,,,,,June 2026 retention import from Cohort_Jun26_wo_Payments_7.6.26---70f34bf5-b8e8-4d81-9703-88d2102c7435.xlsx; product-level MRR loaded.,"$3,750.00",$0.00,$0.00,,,Odin,Active,,$0.00,
Local Stratus,,,,"December 22, 2020 7:00 PM (EST)",Sarah McGovern,Katerra Stephenson-Greenwood,"$3,731.72","$3,713.15",LOCALSTRATUS,LOCALSTRATUS,"December 21, 2023 7:00 PM (EST)","December 22, 2020 7:00 PM (EST)",1370,,,"December 12, 2023",,June 2026 retention import from Cohort_Jun26_wo_Payments_7.6.26---70f34bf5-b8e8-4d81-9703-88d2102c7435.xlsx; product-level MRR loaded.,$0.00,$0.00,$0.00,,,"Billing, Payments",Active,,$0.00,
"David Carroll Associates, Inc.",,,,"September 9, 2026 3:17 AM (EDT)",Olivia Sandefur,Jakob Champion,"$3,724.86",$0.00,,,"September 9, 2026 3:17 AM (EDT)","September 9, 2026 3:17 AM (EDT)",22299,,,,,June 2026 retention import from Cohort_Jun26_wo_Payments_7.6.26---70f34bf5-b8e8-4d81-9703-88d2102c7435.xlsx; product-level MRR loaded.,$0.00,$0.00,$0.00,,,Tigerpaw,Active,,"$3,724.86",
"Advanced Technology Group, LLC",,,,"July 11, 2016 8:00 PM (EDT)",Rachael Buchtan,Ingrid Beard,"$4,493.00",,ATG,ATG,"March 30, 2027 8:00 PM (EDT)","March 31, 2026 8:00 PM (EDT)",1137,,,"April 16, 2026",,,,,,,,Billing,Active,,,
Communication Innovators Inc,,,,"September 9, 2026 3:17 AM (EDT)",Olivia Sandefur,,"$3,926.86",$0.00,,,"September 9, 2026 3:17 AM (EDT)","September 9, 2026 3:17 AM (EDT)",22078,,,,,June 2026 retention import from Cohort_Jun26_wo_Payments_7.6.26---70f34bf5-b8e8-4d81-9703-88d2102c7435.xlsx; product-level MRR loaded.,$0.00,$0.00,$0.00,,,Tigerpaw,Active,,"$3,926.86",
Optivor Technologies - Florida,,,,"September 9, 2026 3:17 AM (EDT)",jacob.williams,Ingrid Beard,"$3,663.75",$0.00,,,"September 9, 2026 3:17 AM (EDT)","September 9, 2026 3:17 AM (EDT)",22786,,,"December 20, 2024",,June 2026 retention import from Cohort_Jun26_wo_Payments_7.6.26---70f34bf5-b8e8-4d81-9703-88d2102c7435.xlsx; product-level MRR loaded.,$0.00,$0.00,$0.00,,,Tigerpaw,Active,,"$3,663.75",
"SkyPBX, LLC.",,,,"March 27, 2025 8:00 PM (EDT)",Sarah McGovern,Katerra Stephenson-Greenwood,"$10,391.24",,SKYEPBX,SKYEPBX,"March 26, 2028 8:00 PM (EDT)","March 27, 2025 8:00 PM (EDT)",21957,,,"February 11, 2026",,,,,,,,Billing,Active,,,
MiSwitch,"March 22, 2026","April 21, 2026","May 21, 2026","October 15, 2023 8:00 PM (EDT)",Rachael Buchtan,Katerra Stephenson-Greenwood,"$3,786.00","$3,415.23","MISWITCH, MISWITCHPSA","MISWITCH, MISWITCHPSA","October 14, 2026 8:00 PM (EDT)","October 15, 2023 8:00 PM (EDT)",21008,"February 20, 2026",,"February 11, 2026",,June 2026 retention import from Cohort_Jun26_wo_Payments_7.6.26---70f34bf5-b8e8-4d81-9703-88d2102c7435.xlsx; product-level MRR loaded.,$0.00,$320.00,$63.95,,,"Billing, PSA Web",Active,,$0.00,
magicJack,,,,"May 25, 2016 8:00 PM (EDT)",,Connor Flynn,"$3,650.00","$3,650.00","magicJack, MAGICJACKDEV, MAGICJACKSANDBOX","magicJack, MAGICJACKDEV, MAGICJACKSANDBOX","May 24, 2019 8:00 PM (EDT)","May 25, 2016 8:00 PM (EDT)",1140,,,"September 1, 2022",,June 2026 retention import from Cohort_Jun26_wo_Payments_7.6.26---70f34bf5-b8e8-4d81-9703-88d2102c7435.xlsx; product-level MRR loaded.,$0.00,$0.00,$0.00,,,Billing,Active,,$0.00,
Mountain Communications LLC,,,,"September 9, 2026 3:17 AM (EDT)",,,"$3,565.91","$3,469.28",MOUNTAIN,MOUNTAIN,"April 29, 2024 8:00 PM (EDT)","April 30, 2023 8:00 PM (EDT)",20001,,,,,June 2026 retention import from Cohort_Jun26_wo_Payments_7.6.26---70f34bf5-b8e8-4d81-9703-88d2102c7435.xlsx; product-level MRR loaded.,$0.00,$0.00,$0.00,,,Billing,Active,,$0.00,
Telecom Fiji Limited,,,,"September 9, 2026 3:16 AM (EDT)",,Ingrid Beard,"$16,822.04",$0.00,TELECOMFIJIPBS,TELECOMFIJIPBS,"December 2, 2023 7:00 PM (EST)","December 1, 2022 7:00 PM (EST)",1473,,,"May 20, 2026",,June 2026 retention import from Cohort_Jun26_wo_Payments_7.6.26---70f34bf5-b8e8-4d81-9703-88d2102c7435.xlsx; product-level MRR loaded.,"$3,160.00",$0.00,$0.00,,,Odin,Active,,$0.00,
POPP Communications,,,,"May 27, 2026 8:00 PM (EDT)",Olivia Sandefur,Justin Lee,"$9,733.06","$3,807.90",POPP,POPP,"May 26, 2029 8:00 PM (EDT)","May 27, 2026 8:00 PM (EDT)",21100,,,"July 19, 2024",,June 2026 retention import from Cohort_Jun26_wo_Payments_7.6.26---70f34bf5-b8e8-4d81-9703-88d2102c7435.xlsx; product-level MRR loaded.,$0.00,$0.00,$0.00,,,"Billing, Tigerpaw",Active,,"$2,651.42",
Gibson Teldata,,,,"March 21, 2024 8:00 PM (EDT)",Sarah McGovern,Jakob Champion,"$3,624.10","$3,646.95",GIBSON,GIBSON,"March 20, 2027 8:00 PM (EDT)","March 21, 2024 8:00 PM (EDT)",21041,,,,,June 2026 retention import from Cohort_Jun26_wo_Payments_7.6.26---70f34bf5-b8e8-4d81-9703-88d2102c7435.xlsx; product-level MRR loaded.,$0.00,$0.00,$0.00,,,Billing,Active,,$0.00,
Laketec Communications,,,,"September 9, 2026 3:17 AM (EDT)",Blaine Villafuerte,Katerra Stephenson-Greenwood,"$3,472.86",$0.00,,,"September 9, 2026 3:17 AM (EDT)","September 9, 2026 3:17 AM (EDT)",22809,,,,,June 2026 retention import from Cohort_Jun26_wo_Payments_7.6.26---70f34bf5-b8e8-4d81-9703-88d2102c7435.xlsx; product-level MRR loaded.,$0.00,$0.00,$0.00,,,Tigerpaw,Active,,"$3,472.86",
Waccamaw Telcommunications Systems Inc,,,,"September 9, 2026 3:17 AM (EDT)",Olivia Sandefur,,"$3,575.14",$0.00,,,"September 9, 2026 3:17 AM (EDT)","September 9, 2026 3:17 AM (EDT)",22034,,,,,June 2026 retention import from Cohort_Jun26_wo_Payments_7.6.26---70f34bf5-b8e8-4d81-9703-88d2102c7435.xlsx; product-level MRR loaded.,$0.00,$0.00,$0.00,,,Tigerpaw,Active,,"$3,575.14",
Tricom Technology Solutions,,,,"March 16, 2025 8:00 PM (EDT)",,Justin Lee,"$3,445.79","$3,448.04",TRICOMTECHNOLOGYSOLUTIONS,TRICOMTECHNOLOGYSOLUTIONS,"March 15, 2028 8:00 PM (EDT)","March 16, 2025 8:00 PM (EDT)",21958,,,,,June 2026 retention import from Cohort_Jun26_wo_Payments_7.6.26---70f34bf5-b8e8-4d81-9703-88d2102c7435.xlsx; product-level MRR loaded.,$0.00,$0.00,$0.00,,,Billing,Active,,$0.00,
Granite Communications,,,,"September 28, 2025 8:00 PM (EDT)",Sarah McGovern,Jakob Champion,"$3,409.69","$3,398.37",GRANITECOMMUNICATIONS,GRANITECOMMUNICATIONS,"September 27, 2028 8:00 PM (EDT)","September 28, 2025 8:00 PM (EDT)",22840,,,,,June 2026 retention import from Cohort_Jun26_wo_Payments_7.6.26---70f34bf5-b8e8-4d81-9703-88d2102c7435.xlsx; product-level MRR loaded.,$0.00,$0.00,$387.25,,,Billing,Active,,$0.00,
Northwest Digits LLC,,,,"December 29, 2025 7:00 PM (EST)",,,"$3,106.97","$1,865.20",SoundLine,SoundLine,"December 28, 2028 7:00 PM (EST)","December 29, 2025 7:00 PM (EST)",22905,,,,,June 2026 retention import from Cohort_Jun26_wo_Payments_7.6.26---70f34bf5-b8e8-4d81-9703-88d2102c7435.xlsx; product-level MRR loaded.,$0.00,$0.00,$274.44,,,Billing,Active,,$0.00,
Rel Comm Inc,,,,"September 9, 2026 3:18 AM (EDT)",Sarah McGovern,Katerra Stephenson-Greenwood,"$2,295.00",$0.00,RELCOMMPSA,RELCOMMPSA,"September 9, 2026 3:18 AM (EDT)","April 5, 2026 8:00 PM (EDT)",22783,,,"September 18, 2025",,June 2026 retention import from Cohort_Jun26_wo_Payments_7.6.26---70f34bf5-b8e8-4d81-9703-88d2102c7435.xlsx; product-level MRR loaded.,$0.00,$0.00,$0.00,,,"PSA Web, Tigerpaw",Churned,,$0.00,
"J & K Communications, Inc.",,,,"September 9, 2026 3:17 AM (EDT)",rinor.berisha,Katerra Stephenson-Greenwood,"$3,362.67",$0.00,,,"September 9, 2026 3:17 AM (EDT)","September 9, 2026 3:17 AM (EDT)",22174,,,,,June 2026 retention import from Cohort_Jun26_wo_Payments_7.6.26---70f34bf5-b8e8-4d81-9703-88d2102c7435.xlsx; product-level MRR loaded.,$0.00,$0.00,$0.00,,,Tigerpaw,Active,,"$3,307.50",
Midwest Telecom of America,,,,"October 7, 2024 8:00 PM (EDT)",,Ingrid Beard,"$3,043.53","$3,046.27",MTA,MTA,"October 6, 2025 8:00 PM (EDT)","October 7, 2024 8:00 PM (EDT)",21055,,,"March 16, 2026",,June 2026 retention import from Cohort_Jun26_wo_Payments_7.6.26---70f34bf5-b8e8-4d81-9703-88d2102c7435.xlsx; product-level MRR loaded.,$0.00,$0.00,-$51.90,,,Billing,Active,,$0.00,
Future Digital 360,,,,"February 27, 2020 7:00 PM (EST)",,Katerra Stephenson-Greenwood,"$3,158.25","$3,090.00",FUTUREDIGITAL360,FUTUREDIGITAL360,"December 22, 2022 7:00 PM (EST)","December 23, 2019 7:00 PM (EST)",1348,,,"April 10, 2026",,June 2026 retention import from Cohort_Jun26_wo_Payments_7.6.26---70f34bf5-b8e8-4d81-9703-88d2102c7435.xlsx; product-level MRR loaded.,$0.00,$0.00,$316.50,,,"Billing, Payments",Active,,$0.00,
"Sun Communications, Inc.",,,,"May 21, 2023 8:00 PM (EDT)",,Ingrid Beard,"$3,226.61","$3,197.70",SUNCOMM,SUNCOMM,"May 20, 2026 8:00 PM (EDT)","May 21, 2023 8:00 PM (EDT)",1480,,,"January 23, 2026",,June 2026 retention import from Cohort_Jun26_wo_Payments_7.6.26---70f34bf5-b8e8-4d81-9703-88d2102c7435.xlsx; product-level MRR loaded.,$0.00,$0.00,$0.00,,,"Billing, Payments",Active,,$0.00,
"Hiscall Inc, (2nd db)",,,,"August 25, 2026 3:37 AM (EDT)",,Justin Lee,$0.00,,,,"August 25, 2026 3:37 AM (EDT)","August 25, 2026 3:37 AM (EDT)",22595,,,,,,,,,,,Tigerpaw,,,,
"Bridge Communications, LLC",,,,"July 29, 2025 8:00 PM (EDT)",jacob.williams,Jakob Champion,"$3,282.23","$2,466.33","BRIDGECOMM, BRIDGECOMMPSA","BRIDGECOMM, BRIDGECOMMPSA","July 28, 2028 8:00 PM (EDT)","July 29, 2025 8:00 PM (EDT)",21983,,,,,June 2026 retention import from Cohort_Jun26_wo_Payments_7.6.26---70f34bf5-b8e8-4d81-9703-88d2102c7435.xlsx; product-level MRR loaded.,$0.00,$749.00,$339.43,,,"Billing, PSA Web, Payments",Active,,$0.00,
Stratus Telecom,"May 17, 2026","June 16, 2026","July 16, 2026","March 30, 2021 8:00 PM (EDT)",Sarah McGovern,Ingrid Beard,"$3,543.54","$3,043.93","STRATUSTELECOM, STRATUSTELECOM_SANDBOX, STRATUSTELECOMPSA","STRATUSTELECOM, STRATUSTELECOM_SANDBOX, STRATUSTELECOMPSA","March 6, 2027 7:00 PM (EST)","March 7, 2026 7:00 PM (EST)",1382,"April 17, 2026",,"January 23, 2024",,June 2026 retention import from Cohort_Jun26_wo_Payments_7.6.26---70f34bf5-b8e8-4d81-9703-88d2102c7435.xlsx; product-level MRR loaded.,$0.00,$500.00,$228.71,,,"Billing, PSA Web",Active,,$0.00,
Comtec Cloud Services LLC,,,,"September 2, 2019 8:00 PM (EDT)",,,"$3,157.37","$3,164.60",COMTECCLOUDSERVICES,COMTECCLOUDSERVICES,"February 27, 2027 7:00 PM (EST)","February 29, 2024 7:00 PM (EST)",1283,,,,,June 2026 retention import from Cohort_Jun26_wo_Payments_7.6.26---70f34bf5-b8e8-4d81-9703-88d2102c7435.xlsx; product-level MRR loaded.,$0.00,$0.00,$0.00,,,"Billing, Payments",Active,,$0.00,
"Princeton Hosted Solutions, LLC",,,,"December 5, 2024 7:00 PM (EST)",,,"$3,114.02","$3,106.71",PHS,PHS,"December 4, 2025 7:00 PM (EST)","December 5, 2024 7:00 PM (EST)",21068,,,"May 12, 2026",,June 2026 retention import from Cohort_Jun26_wo_Payments_7.6.26---70f34bf5-b8e8-4d81-9703-88d2102c7435.xlsx; product-level MRR loaded.,$0.00,$0.00,$165.49,,,"Billing, Payments",Active,,$0.00,
BlueEdge Technologies,,,,"November 21, 2024 7:00 PM (EST)",Sarah McGovern,Justin Lee,"$3,149.30","$3,105.13","BLUEEDGE, BLUEEDGEPSA","BLUEEDGE, BLUEEDGEPSA","November 20, 2027 7:00 PM (EST)","November 21, 2024 7:00 PM (EST)",21947,,RTS - Ghosting,"July 7, 2026",,June 2026 retention import from Cohort_Jun26_wo_Payments_7.6.26---70f34bf5-b8e8-4d81-9703-88d2102c7435.xlsx; product-level MRR loaded.,$0.00,$0.00,$232.44,,,"Billing, PSA Web, Payments",Active,,$0.00,
Clear Connection,,,,"September 9, 2026 3:17 AM (EDT)",Olivia Sandefur,,"$3,250.38",$0.00,,,"September 9, 2026 3:17 AM (EDT)","September 9, 2026 3:17 AM (EDT)",22006,,,,,June 2026 retention import from Cohort_Jun26_wo_Payments_7.6.26---70f34bf5-b8e8-4d81-9703-88d2102c7435.xlsx; product-level MRR loaded.,$0.00,$0.00,$0.00,,,Tigerpaw,Active,,"$3,250.38",
TeleComp,,,,"December 30, 2019 7:00 PM (EST)",Ryan Burton,Ingrid Beard,"$3,000.00",$0.00,"Telcomp-, TELECOMPPBS","Telcomp-, TELECOMPPBS","March 30, 2028 8:00 PM (EDT)","March 31, 2026 8:00 PM (EDT)",1326,,,"February 9, 2022",,June 2026 retention import from Cohort_Jun26_wo_Payments_7.6.26---70f34bf5-b8e8-4d81-9703-88d2102c7435.xlsx; product-level MRR loaded.,"$3,000.00",$0.00,$0.00,,,"Billing, Odin, Payments",Active,,$0.00,
FTI Services,,,,"September 9, 2026 3:17 AM (EDT)",Olivia Sandefur,Ingrid Beard,"$3,224.70",$0.00,,,"September 9, 2026 3:17 AM (EDT)","September 9, 2026 3:17 AM (EDT)",22653,,,"October 2, 2024",,June 2026 retention import from Cohort_Jun26_wo_Payments_7.6.26---70f34bf5-b8e8-4d81-9703-88d2102c7435.xlsx; product-level MRR loaded.,$0.00,$0.00,$0.00,,,Tigerpaw,Active,,"$3,224.70",
CyberLynk Network,,,,"September 12, 2024 8:00 PM (EDT)",,Ingrid Beard,"$2,838.10","$2,825.06","21073, CYBERLYNK","21073, CYBERLYNK","September 11, 2027 8:00 PM (EDT)","September 12, 2024 8:00 PM (EDT)",21073,,,"May 6, 2024",,June 2026 retention import from Cohort_Jun26_wo_Payments_7.6.26---70f34bf5-b8e8-4d81-9703-88d2102c7435.xlsx; product-level MRR loaded.,$0.00,$0.00,$0.00,,,Billing,Active,,$0.00,
"Great America Networks, Inc.",,,,"December 31, 2013 7:00 PM (EST)",,,"$3,030.23",,BTI,BTI,"February 22, 2013 7:00 PM (EST)","February 22, 2010 7:00 PM (EST)",1019,,,"September 22, 2023","May 29, 2026",,,,,,,"Billing, Payments",,,,
RSS (Restaurant Service Solutions),,,,"September 9, 2026 3:17 AM (EDT)",Blaine Villafuerte,Jakob Champion,"$3,107.10",$0.00,,,"September 9, 2026 3:17 AM (EDT)","September 9, 2026 3:17 AM (EDT)",22268,,,"August 20, 2025",,June 2026 retention import from Cohort_Jun26_wo_Payments_7.6.26---70f34bf5-b8e8-4d81-9703-88d2102c7435.xlsx; product-level MRR loaded.,$0.00,$0.00,$0.00,,,Tigerpaw,Active,,"$3,094.08",
Reynwood Communications of NY/NJ LLC,,,,"September 30, 2015 8:00 PM (EDT)",,,"$2,461.14","$2,429.36",REYNWOOD,REYNWOOD,"September 29, 2018 8:00 PM (EDT)","September 30, 2015 8:00 PM (EDT)",1080,,,,,June 2026 retention import from Cohort_Jun26_wo_Payments_7.6.26---70f34bf5-b8e8-4d81-9703-88d2102c7435.xlsx; product-level MRR loaded.,$0.00,$0.00,$229.69,,,"Billing, Payments",Active,,$0.00,
AVSi,,,,"September 9, 2026 3:17 AM (EDT)",rinor.berisha,Jakob Champion,"$3,045.80",$0.00,,,"September 9, 2026 3:17 AM (EDT)","September 9, 2026 3:17 AM (EDT)",22404,,,"June 12, 2026",,June 2026 retention import from Cohort_Jun26_wo_Payments_7.6.26---70f34bf5-b8e8-4d81-9703-88d2102c7435.xlsx; product-level MRR loaded.,$0.00,$0.00,$0.00,,,Tigerpaw,Active,,"$3,004.60",
"1Path Managed Services, LLC",,,,"April 6, 2017 8:00 PM (EDT)",Sarah McGovern,,"$2,741.78","$2,659.45",ONEPATH,ONEPATH,"April 5, 2020 8:00 PM (EDT)","April 6, 2017 8:00 PM (EDT)",1157,,,,,June 2026 retention import from Cohort_Jun26_wo_Payments_7.6.26---70f34bf5-b8e8-4d81-9703-88d2102c7435.xlsx; product-level MRR loaded.,$0.00,$0.00,$0.00,,,Billing,Active,,$0.00,
"Celito Communications, Inc.",,,,"November 30, 2023 7:00 PM (EST)",,Justin Lee,"$3,000.00","$3,000.00",CELITO,CELITO,"May 15, 2026 8:00 PM (EDT)","May 16, 2023 8:00 PM (EDT)",1097,,,"July 22, 2025",,June 2026 retention import from Cohort_Jun26_wo_Payments_7.6.26---70f34bf5-b8e8-4d81-9703-88d2102c7435.xlsx; product-level MRR loaded.,$0.00,$0.00,$0.00,,,Billing,Active,,$0.00,
Atlanta Datacom Inc.,,,,"November 14, 2017 7:00 PM (EST)",Ryan Burton,Katerra Stephenson-Greenwood,"$15,984.69","$15,984.69",ADCOMNI,ADCOMNI,"July 13, 2026 3:18 AM (EDT)","July 13, 2026 3:18 AM (EDT)",1187,,,"July 23, 2025",,June 2026 retention import from Cohort_Jun26_wo_Payments_7.6.26---70f34bf5-b8e8-4d81-9703-88d2102c7435.xlsx; product-level MRR loaded.,$0.00,$0.00,$0.00,,,Billing,Active,,$0.00,
BSB Communications Inc,,,,"September 9, 2026 3:23 AM (EDT)",,Jamie Butler,$425.00,$0.00,,,"September 9, 2026 3:23 AM (EDT)","September 9, 2026 3:23 AM (EDT)",22748,,,"February 28, 2024",,June 2026 retention import from Cohort_Jun26_wo_Payments_7.6.26---70f34bf5-b8e8-4d81-9703-88d2102c7435.xlsx; product-level MRR loaded.,$0.00,$0.00,$0.00,,,Tigerpaw,Active,,$425.00,
"North Carolina Sound of Goldsboro, LLC",,,,"September 9, 2026 3:17 AM (EDT)",jacob.williams,Jakob Champion,"$2,957.57",$0.00,,,"September 9, 2026 3:17 AM (EDT)","September 9, 2026 3:17 AM (EDT)",22135,,,"March 5, 2024",,June 2026 retention import from Cohort_Jun26_wo_Payments_7.6.26---70f34bf5-b8e8-4d81-9703-88d2102c7435.xlsx; product-level MRR loaded.,$0.00,$0.00,$0.00,,,Tigerpaw,Active,,"$2,957.57",
Public Telephone Company,,,,"May 13, 2026 8:00 PM (EDT)",,Katerra Stephenson-Greenwood,"$1,265.70","$1,004.15",PTCOA,PTCOA,"May 12, 2029 8:00 PM (EDT)","May 13, 2026 8:00 PM (EDT)",22929,,,"May 15, 2026",,June 2026 retention import from Cohort_Jun26_wo_Payments_7.6.26---70f34bf5-b8e8-4d81-9703-88d2102c7435.xlsx; product-level MRR loaded.,$0.00,$0.00,$76.90,,,"Billing, Payments",Active,,$0.00,
CallSprout,"April 29, 2026","May 29, 2026","June 28, 2026","October 30, 2018 8:00 PM (EDT)",Rachael Buchtan,Justin Lee,"$2,900.00","$2,550.00","CALLSPROUT, CALLSPROUTPSA","CALLSPROUT, CALLSPROUTPSA","October 30, 2021 8:00 PM (EDT)","October 31, 2018 8:00 PM (EDT)",1237,"March 30, 2026",,"March 9, 2026",,June 2026 retention import from Cohort_Jun26_wo_Payments_7.6.26---70f34bf5-b8e8-4d81-9703-88d2102c7435.xlsx; product-level MRR loaded.,$0.00,$400.00,$0.00,,,"Billing, PSA Web",Active,,$0.00,
Haivision MCS,,,,"September 9, 2026 3:17 AM (EDT)",rinor.berisha,Justin Lee,"$2,783.00",$0.00,,,"September 9, 2026 3:17 AM (EDT)","September 9, 2026 3:17 AM (EDT)",22283,,,,,June 2026 retention import from Cohort_Jun26_wo_Payments_7.6.26---70f34bf5-b8e8-4d81-9703-88d2102c7435.xlsx; product-level MRR loaded.,$0.00,$0.00,$0.00,,,Tigerpaw,Active,,"$3,069.64",
PremCom Corporation,,,,"September 9, 2026 3:17 AM (EDT)",rinor.berisha,,"$2,910.88",$0.00,,,"September 9, 2026 3:17 AM (EDT)","September 9, 2026 3:17 AM (EDT)",22811,,,,,June 2026 retention import from Cohort_Jun26_wo_Payments_7.6.26---70f34bf5-b8e8-4d81-9703-88d2102c7435.xlsx; product-level MRR loaded.,$0.00,$0.00,$0.00,,,Tigerpaw,Active,,"$2,910.88",
"Centerpoint IT, Inc",,,,"September 9, 2026 3:17 AM (EDT)",rinor.berisha,,"$3,091.20",$0.00,,,"September 9, 2026 3:17 AM (EDT)","September 9, 2026 3:17 AM (EDT)",22788,,,"April 22, 2026",,June 2026 retention import from Cohort_Jun26_wo_Payments_7.6.26---70f34bf5-b8e8-4d81-9703-88d2102c7435.xlsx; product-level MRR loaded.,$0.00,$0.00,$98.05,,,Tigerpaw,Active,,"$3,091.20",
iNet Communications,"April 26, 2026","May 26, 2026","June 25, 2026","July 26, 2018 8:00 PM (EDT)",Rachael Buchtan,Katerra Stephenson-Greenwood,"$3,506.49","$3,194.24","INETCOMMUNICATIONS, INETCOMMUNICATIONSPSA","INETCOMMUNICATIONS, INETCOMMUNICATIONSPSA","December 20, 2020 7:00 PM (EST)","December 20, 2017 7:00 PM (EST)",1203,"March 27, 2026",,"February 19, 2026",,June 2026 retention import from Cohort_Jun26_wo_Payments_7.6.26---70f34bf5-b8e8-4d81-9703-88d2102c7435.xlsx; product-level MRR loaded.,$0.00,$0.00,$0.00,,,"Billing, PSA Web",Active,,$0.00,
First Choice Technology,,,,"September 9, 2026 3:17 AM (EDT)",,Katerra Stephenson-Greenwood,"$2,844.84","$2,897.48",FIRSTCHOICE,FIRSTCHOICE,"July 9, 2026 8:00 PM (EDT)","July 10, 2023 8:00 PM (EDT)",20009,,,"April 12, 2023",,June 2026 retention import from Cohort_Jun26_wo_Payments_7.6.26---70f34bf5-b8e8-4d81-9703-88d2102c7435.xlsx; product-level MRR loaded.,$0.00,$0.00,$0.00,,,Billing,Active,,$0.00,
Herring Technology,,,,"September 9, 2026 3:17 AM (EDT)",jacob.williams,Jakob Champion,"$2,846.44",$0.00,,,"September 9, 2026 3:17 AM (EDT)","September 9, 2026 3:17 AM (EDT)",22368,,,"August 13, 2024",,June 2026 retention import from Cohort_Jun26_wo_Payments_7.6.26---70f34bf5-b8e8-4d81-9703-88d2102c7435.xlsx; product-level MRR loaded.,$0.00,$0.00,$0.00,,,Tigerpaw,Active,,"$2,846.44",
Extended Office Solutions,,,,"April 25, 2017 8:00 PM (EDT)",,Jakob Champion,"$2,820.11","$2,784.94",EOSINC,EOSINC,"April 24, 2020 8:00 PM (EDT)","April 25, 2017 8:00 PM (EDT)",1159,,,"May 20, 2026",,June 2026 retention import from Cohort_Jun26_wo_Payments_7.6.26---70f34bf5-b8e8-4d81-9703-88d2102c7435.xlsx; product-level MRR loaded.,$0.00,$0.00,$0.00,,,Billing,Active,,$0.00,
"Doing Things Simply, Inc.",,,,"September 9, 2026 3:17 AM (EDT)",Olivia Sandefur,,"$2,818.80",$0.00,,,"September 9, 2026 3:17 AM (EDT)","September 9, 2026 3:17 AM (EDT)",22456,,,,,June 2026 retention import from Cohort_Jun26_wo_Payments_7.6.26---70f34bf5-b8e8-4d81-9703-88d2102c7435.xlsx; product-level MRR loaded.,$0.00,$0.00,$0.00,,,Tigerpaw,Active,,"$2,818.80",
Voicecentral LLC,,,,"March 8, 2023 7:00 PM (EST)",,,"$2,933.02",,VOICECENTRAL,VOICECENTRAL,"March 7, 2026 7:00 PM (EST)","March 8, 2023 7:00 PM (EST)",1498,,,,,,,,,,,Billing,,,,
The Phone Experts - Communications Ltd.,,,,"September 9, 2026 3:17 AM (EDT)",Olivia Sandefur,,"$3,022.48",$0.00,,,"September 9, 2026 3:17 AM (EDT)","September 9, 2026 3:17 AM (EDT)",22133,,,"July 15, 2026",,June 2026 retention import from Cohort_Jun26_wo_Payments_7.6.26---70f34bf5-b8e8-4d81-9703-88d2102c7435.xlsx; product-level MRR loaded.,$0.00,$0.00,$0.00,,,Tigerpaw,Active,,"$3,022.48",
Savvy Communications,"March 13, 2026","April 12, 2026","May 12, 2026","January 27, 2025 7:00 PM (EST)",Rachael Buchtan,Ingrid Beard,"$2,900.00","$2,500.00","SAVVY, SAVVYPSA","SAVVY, SAVVYPSA","January 26, 2028 7:00 PM (EST)","January 27, 2025 7:00 PM (EST)",21959,"February 11, 2026",Graduated,"February 20, 2026",,June 2026 retention import from Cohort_Jun26_wo_Payments_7.6.26---70f34bf5-b8e8-4d81-9703-88d2102c7435.xlsx; product-level MRR loaded.,$0.00,$400.00,$220.33,,,"Billing, PSA Web",Active,,$0.00,
Custom Tel,,,,"October 31, 2024 8:00 PM (EDT)",,Justin Lee,"$2,564.50","$2,456.96",CUSTOMTEL,CUSTOMTEL,"October 30, 2025 8:00 PM (EDT)","October 31, 2024 8:00 PM (EDT)",21054,,,"May 6, 2026",,June 2026 retention import from Cohort_Jun26_wo_Payments_7.6.26---70f34bf5-b8e8-4d81-9703-88d2102c7435.xlsx; product-level MRR loaded.,$0.00,$0.00,$0.00,,,Billing,Active,,$0.00,
Triware Technologies Incorporated,,,,"September 9, 2026 3:17 AM (EDT)",jacob.williams,Justin Lee,"$3,017.66",$0.00,,,"September 9, 2026 3:17 AM (EDT)","September 9, 2026 3:17 AM (EDT)",22672,,,"July 15, 2026",,June 2026 retention import from Cohort_Jun26_wo_Payments_7.6.26---70f34bf5-b8e8-4d81-9703-88d2102c7435.xlsx; product-level MRR loaded.,$0.00,$0.00,$0.00,,,Tigerpaw,Active,,"$3,171.11",
ASAP Security Services,,,,"September 9, 2026 3:17 AM (EDT)",jacob.williams,Justin Lee,"$2,739.38",$0.00,,,"September 9, 2026 3:17 AM (EDT)","September 9, 2026 3:17 AM (EDT)",22198,,,"June 25, 2026",,June 2026 retention import from Cohort_Jun26_wo_Payments_7.6.26---70f34bf5-b8e8-4d81-9703-88d2102c7435.xlsx; product-level MRR loaded.,$0.00,$0.00,$0.00,,,Tigerpaw,Active,,"$2,739.38",
Triad Telecom,,,,"November 19, 2018 7:00 PM (EST)",Sarah McGovern,Ingrid Beard,"$2,768.94","$2,672.80",TRIADTELECOM,TRIADTELECOM,"November 18, 2021 7:00 PM (EST)","November 19, 2018 7:00 PM (EST)",1241,,,,,June 2026 retention import from Cohort_Jun26_wo_Payments_7.6.26---70f34bf5-b8e8-4d81-9703-88d2102c7435.xlsx; product-level MRR loaded.,$0.00,$0.00,$0.00,,,Billing,Active,,$0.00,
Infinite Conferencing,,,,"December 5, 2024 7:00 PM (EST)",,Ingrid Beard,"$3,441.30","$2,661.32",INFINITE,INFINITE,"December 4, 2027 7:00 PM (EST)","December 5, 2024 7:00 PM (EST)",20027,,,"February 12, 2026",,June 2026 retention import from Cohort_Jun26_wo_Payments_7.6.26---70f34bf5-b8e8-4d81-9703-88d2102c7435.xlsx; product-level MRR loaded.,$0.00,$0.00,$0.00,,,Billing,Active,,$0.00,
Network Signals,,,,"April 22, 2024 8:00 PM (EDT)",Ryan Burton,Katerra Stephenson-Greenwood,"$2,676.15",$0.00,WADDELL,WADDELL,"April 21, 2027 8:00 PM (EDT)","April 22, 2024 8:00 PM (EDT)",21049,,,"March 17, 2026",,June 2026 retention import from Cohort_Jun26_wo_Payments_7.6.26---70f34bf5-b8e8-4d81-9703-88d2102c7435.xlsx; product-level MRR loaded.,$0.00,$0.00,$0.25,,,Billing,Active,,$0.00,
Southern Telecom,,,,"September 9, 2026 3:22 AM (EDT)",,Jakob Champion,$500.00,,SOUTHERNTELECOM,SOUTHERNTELECOM,"September 9, 2026 3:22 AM (EDT)","September 9, 2026 3:22 AM (EDT)",23027,,,,,,,,,,,Billing,,,,
ALD Telecom / GP Voice,,,,"October 31, 2024 8:00 PM (EDT)",,Katerra Stephenson-Greenwood,"$3,182.12",,"ALD_REPORTING, GPVOICE","ALD_REPORTING, GPVOICE","October 30, 2025 8:00 PM (EDT)","October 31, 2024 8:00 PM (EDT)",21058,,,"February 20, 2026",,,,,,,,Billing,,,,
WaveStreet,,,,"July 26, 2023 8:00 PM (EDT)",,Jakob Champion,"$2,681.61","$2,646.18",WAVESTREET,WAVESTREET,"July 25, 2026 8:00 PM (EDT)","July 26, 2023 8:00 PM (EDT)",1509,,,,,June 2026 retention import from Cohort_Jun26_wo_Payments_7.6.26---70f34bf5-b8e8-4d81-9703-88d2102c7435.xlsx; product-level MRR loaded.,$0.00,$0.00,$0.00,,,Billing,Active,,$0.00,
NetX Inc,,,,"September 9, 2026 3:17 AM (EDT)",Olivia Sandefur,Ingrid Beard,"$2,633.40",$0.00,,,"September 9, 2026 3:17 AM (EDT)","September 9, 2026 3:17 AM (EDT)",22378,,,,,June 2026 retention import from Cohort_Jun26_wo_Payments_7.6.26---70f34bf5-b8e8-4d81-9703-88d2102c7435.xlsx; product-level MRR loaded.,$0.00,$0.00,$0.00,,,Tigerpaw,Active,,"$2,633.40",
"TRACI.net, Inc.",,,,"November 30, 2021 7:00 PM (EST)",,Justin Lee,"$2,610.38",,TRACINET,TRACINET,"November 29, 2024 7:00 PM (EST)","November 30, 2021 7:00 PM (EST)",1407,,,"October 13, 2022",,,,,,,,"Billing, Payments",,,,
"Galaxy Integrated Technologies , Inc.",,,,"September 9, 2026 3:17 AM (EDT)",rinor.berisha,,"$2,792.70",,,,"September 9, 2026 3:17 AM (EDT)","September 9, 2026 3:17 AM (EDT)",22350,,,,,,,,,,,Tigerpaw,Active,,,
Class 5 Technologies,,,,"May 30, 2024 8:00 PM (EDT)",Ryan Burton,Jakob Champion,"$2,550.68","-$4,000.00","CLASS5, CLASS5PSA","CLASS5, CLASS5PSA","May 29, 2027 8:00 PM (EDT)","May 30, 2024 8:00 PM (EDT)",21043,,,,,June 2026 retention import from Cohort_Jun26_wo_Payments_7.6.26---70f34bf5-b8e8-4d81-9703-88d2102c7435.xlsx; product-level MRR loaded.,$0.00,-$500.00,$36.58,,,"Billing, PSA Web",Active,,$0.00,
RyTel,,,,"May 28, 2020 8:00 PM (EDT)",rinor.berisha,Ingrid Beard,"$2,912.20","$2,606.30",RYTEL,RYTEL,"October 14, 2026 8:00 PM (EDT)","October 15, 2025 8:00 PM (EDT)",1359,,NKO,"September 19, 2024",,June 2026 retention import from Cohort_Jun26_wo_Payments_7.6.26---70f34bf5-b8e8-4d81-9703-88d2102c7435.xlsx; product-level MRR loaded.,$0.00,$0.00,$463.13,,,"Billing, Payments",Active,,$0.00,
Nutec Electro-Tel,,,,"September 9, 2026 3:17 AM (EDT)",Sarah McGovern,Justin Lee,"$2,686.00",$0.00,,,"September 9, 2026 3:17 AM (EDT)","September 9, 2026 3:17 AM (EDT)",22258,,,"September 15, 2025",,June 2026 retention import from Cohort_Jun26_wo_Payments_7.6.26---70f34bf5-b8e8-4d81-9703-88d2102c7435.xlsx; product-level MRR loaded.,$0.00,$0.00,$0.00,,,Tigerpaw,Active,,"$2,686.00",
Starfish Computer Company,,,,"September 9, 2026 3:17 AM (EDT)",jacob.williams,Jakob Champion,"$2,541.08",$0.00,,,"September 9, 2026 3:17 AM (EDT)","September 9, 2026 3:17 AM (EDT)",22187,,,,,June 2026 retention import from Cohort_Jun26_wo_Payments_7.6.26---70f34bf5-b8e8-4d81-9703-88d2102c7435.xlsx; product-level MRR loaded.,$0.00,$0.00,$0.00,,,Tigerpaw,Active,,"$2,541.08",
Peerless Energy Systems,,,,"September 9, 2026 3:17 AM (EDT)",jacob.williams,Ingrid Beard,"$2,579.76",$0.00,,,"September 9, 2026 3:17 AM (EDT)","September 9, 2026 3:17 AM (EDT)",22128,,,"June 22, 2026",,June 2026 retention import from Cohort_Jun26_wo_Payments_7.6.26---70f34bf5-b8e8-4d81-9703-88d2102c7435.xlsx; product-level MRR loaded.,$0.00,$0.00,$0.00,,,Tigerpaw,Active,,"$2,579.76",
Net Tel One Communications,,,,"April 29, 2019 8:00 PM (EDT)",,Ingrid Beard,"$2,362.90","$2,362.96",NETTELONE,NETTELONE,"December 7, 2025 7:00 PM (EST)","December 8, 2024 7:00 PM (EST)",1250,,,"September 6, 2023",,June 2026 retention import from Cohort_Jun26_wo_Payments_7.6.26---70f34bf5-b8e8-4d81-9703-88d2102c7435.xlsx; product-level MRR loaded.,$0.00,$0.00,$0.00,,,Billing,Active,,$0.00,
Guest Tek Interactive Entertainment Inc,,,,"December 26, 2016 7:00 PM (EST)",,,"$2,500.00",,GUESTTEK,GUESTTEK,"September 9, 2026 3:17 AM (EDT)","September 9, 2026 3:17 AM (EDT)",1153,,,,,,,,,,,Billing,,,,
Wyoming.com,,,,"May 27, 2026 8:00 PM (EDT)",,Katerra Stephenson-Greenwood,"$4,890.02",$500.00,"WYOMINGCOM, WYOMINGCOMPSA","WYOMINGCOM, WYOMINGCOMPSA","May 26, 2029 8:00 PM (EDT)","May 27, 2026 8:00 PM (EDT)",22969,,On Hold - Billing,,,June 2026 retention import from Cohort_Jun26_wo_Payments_7.6.26---70f34bf5-b8e8-4d81-9703-88d2102c7435.xlsx; product-level MRR loaded.,$0.00,$0.00,$34.99,,,"Billing, PSA Web",Active,,$0.00,
Fusion Security Inc.,,,,"September 9, 2026 3:17 AM (EDT)",Blaine Villafuerte,,"$2,892.03",$0.00,,,"September 9, 2026 3:17 AM (EDT)","September 9, 2026 3:17 AM (EDT)",22421,,,"March 3, 2026",,June 2026 retention import from Cohort_Jun26_wo_Payments_7.6.26---70f34bf5-b8e8-4d81-9703-88d2102c7435.xlsx; product-level MRR loaded.,$0.00,$0.00,$0.00,,,Tigerpaw,Active,,"$3,030.33",
GymPhone,,,,"May 31, 2017 8:00 PM (EDT)",,Justin Lee,"$1,910.52","$1,917.73",GYMPHONE,GYMPHONE,"July 7, 2022 8:00 PM (EDT)","July 8, 2021 8:00 PM (EDT)",1174,,,"April 10, 2026",,June 2026 retention import from Cohort_Jun26_wo_Payments_7.6.26---70f34bf5-b8e8-4d81-9703-88d2102c7435.xlsx; product-level MRR loaded.,$0.00,$0.00,$0.00,,,Billing,Active,,$0.00,
Glessner Alarm & Communication,,,,"September 9, 2026 3:17 AM (EDT)",Blaine Villafuerte,Katerra Stephenson-Greenwood,"$2,528.00",$0.00,,,"September 9, 2026 3:17 AM (EDT)","September 9, 2026 3:17 AM (EDT)",22763,,,"July 22, 2025",,June 2026 retention import from Cohort_Jun26_wo_Payments_7.6.26---70f34bf5-b8e8-4d81-9703-88d2102c7435.xlsx; product-level MRR loaded.,$0.00,$0.00,$610.45,,,Tigerpaw,Active,,"$2,528.00",
Cybertex Solutions Inc.,,,,"March 6, 2025 7:00 PM (EST)",,,"$1,029.99","$1,004.00",CYBERTEXSOLUTIONS,CYBERTEXSOLUTIONS,"March 5, 2028 7:00 PM (EST)","March 6, 2025 7:00 PM (EST)",21974,,,"January 15, 2026",,June 2026 retention import from Cohort_Jun26_wo_Payments_7.6.26---70f34bf5-b8e8-4d81-9703-88d2102c7435.xlsx; product-level MRR loaded.,$0.00,$0.00,$0.00,,,Billing,Active,,$0.00,
"Advantage Computer Enterprises, Inc.",,,,"September 9, 2026 3:17 AM (EDT)",rinor.berisha,,"$2,576.00",$0.00,,,"September 9, 2026 3:17 AM (EDT)","September 9, 2026 3:17 AM (EDT)",22649,,,,,June 2026 retention import from Cohort_Jun26_wo_Payments_7.6.26---70f34bf5-b8e8-4d81-9703-88d2102c7435.xlsx; product-level MRR loaded.,$0.00,$0.00,$0.00,,,Tigerpaw,Active,,"$2,576.00",
Virtual Guardians,,,,"January 14, 2025 7:00 PM (EST)",,Justin Lee,"$2,272.93","$2,301.90",VIRTUALGUARDIANS,VIRTUALGUARDIANS,"January 13, 2028 7:00 PM (EST)","January 14, 2025 7:00 PM (EST)",21069,,,"April 6, 2026",,June 2026 retention import from Cohort_Jun26_wo_Payments_7.6.26---70f34bf5-b8e8-4d81-9703-88d2102c7435.xlsx; product-level MRR loaded.,$0.00,$0.00,$115.06,,,Billing,Active,,$0.00,
CC-Teknologies Inc.,,,,"September 9, 2026 3:17 AM (EDT)",Sarah McGovern,Justin Lee,"$2,485.39",$0.00,,,"September 9, 2026 3:17 AM (EDT)","September 9, 2026 3:17 AM (EDT)",22285,,,"March 21, 2025",,June 2026 retention import from Cohort_Jun26_wo_Payments_7.6.26---70f34bf5-b8e8-4d81-9703-88d2102c7435.xlsx; product-level MRR loaded.,$0.00,$0.00,$0.00,,,Tigerpaw,Active,,"$2,374.62",
Synectic Technologies,,,,"September 9, 2026 3:17 AM (EDT)",rinor.berisha,Jakob Champion,"$2,370.00",$0.00,,,"September 9, 2026 3:17 AM (EDT)","September 9, 2026 3:17 AM (EDT)",22087,,,"July 18, 2024",,June 2026 retention import from Cohort_Jun26_wo_Payments_7.6.26---70f34bf5-b8e8-4d81-9703-88d2102c7435.xlsx; product-level MRR loaded.,$0.00,$0.00,$0.00,,,Tigerpaw,Active,,"$2,370.00",
"SK Technology Group, Inc.",,,,"September 9, 2026 3:23 AM (EDT)",,Jakob Champion,$409.50,$0.00,,,"September 9, 2026 3:23 AM (EDT)","September 9, 2026 3:23 AM (EDT)",22191,,,,,June 2026 retention import from Cohort_Jun26_wo_Payments_7.6.26---70f34bf5-b8e8-4d81-9703-88d2102c7435.xlsx; product-level MRR loaded.,$0.00,$0.00,$0.00,,,Tigerpaw,Active,,$409.50,
DTS Technology,,,,"December 29, 2022 7:00 PM (EST)",,Jakob Champion,"$2,374.87","$2,993.63","DTS, DTSRESELLER","DTS, DTSRESELLER","December 28, 2025 7:00 PM (EST)","December 29, 2022 7:00 PM (EST)",1495,,,"May 19, 2023",,June 2026 retention import from Cohort_Jun26_wo_Payments_7.6.26---70f34bf5-b8e8-4d81-9703-88d2102c7435.xlsx; product-level MRR loaded.,$0.00,$0.00,$364.73,,,Billing,Active,,$0.00,
Chicago Business VoIP,,,,"February 27, 2015 7:00 PM (EST)",,Katerra Stephenson-Greenwood,"$2,316.90","$2,484.27",CBV,CBV,"September 9, 2026 3:18 AM (EDT)","September 9, 2026 3:18 AM (EDT)",1072,,,"April 9, 2026",,June 2026 retention import from Cohort_Jun26_wo_Payments_7.6.26---70f34bf5-b8e8-4d81-9703-88d2102c7435.xlsx; product-level MRR loaded.,$0.00,$0.00,$122.07,,,Billing,Active,,$0.00,
Rhode Island Telephone,,,,"March 12, 2026 8:00 PM (EDT)",Sarah McGovern,Ingrid Beard,"$4,593.09","$4,265.91",RHODEISLANDTELEPHONE,RHODEISLANDTELEPHONE,"March 11, 2029 8:00 PM (EDT)","March 12, 2026 8:00 PM (EDT)",22902,,,,,June 2026 retention import from Cohort_Jun26_wo_Payments_7.6.26---70f34bf5-b8e8-4d81-9703-88d2102c7435.xlsx; product-level MRR loaded.,$0.00,$0.00,$0.00,,,Billing,Active,,$0.00,
Access 411,,,,"September 9, 2026 3:18 AM (EDT)",Olivia Sandefur,Ingrid Beard,"$2,270.48",$0.00,,,"September 9, 2026 3:18 AM (EDT)","September 9, 2026 3:18 AM (EDT)",22171,,,"October 10, 2024",,June 2026 retention import from Cohort_Jun26_wo_Payments_7.6.26---70f34bf5-b8e8-4d81-9703-88d2102c7435.xlsx; product-level MRR loaded.,$0.00,$0.00,$0.00,,,Tigerpaw,Active,,"$2,270.48",
Fusion Digital,,,,"September 9, 2026 3:17 AM (EDT)",Blaine Villafuerte,Ingrid Beard,"$2,356.00",$0.00,,,"September 9, 2026 3:17 AM (EDT)","September 9, 2026 3:17 AM (EDT)",22482,,,"July 10, 2025",,June 2026 retention import from Cohort_Jun26_wo_Payments_7.6.26---70f34bf5-b8e8-4d81-9703-88d2102c7435.xlsx; product-level MRR loaded.,$0.00,$0.00,$0.00,,,Tigerpaw,Active,,"$2,356.00",
Click Computers,,,,"June 19, 2024 8:00 PM (EDT)",Sarah McGovern,,"$2,279.26","$2,271.07",CLICK,CLICK,"June 18, 2027 8:00 PM (EDT)","June 19, 2024 8:00 PM (EDT)",21062,,,"January 12, 2026",,June 2026 retention import from Cohort_Jun26_wo_Payments_7.6.26---70f34bf5-b8e8-4d81-9703-88d2102c7435.xlsx; product-level MRR loaded.,$0.00,$0.00,$0.00,,,Billing,Active,,$0.00,
WIRED Telcom,,,,"April 11, 2018 8:00 PM (EDT)",,,"$2,274.48","$2,250.00",WIREDTELCOM,WIREDTELCOM,"April 10, 2021 8:00 PM (EDT)","April 11, 2018 8:00 PM (EDT)",1209,,,,,June 2026 retention import from Cohort_Jun26_wo_Payments_7.6.26---70f34bf5-b8e8-4d81-9703-88d2102c7435.xlsx; product-level MRR loaded.,$0.00,$0.00,$0.00,,,"Billing, Payments",Active,,$0.00,
"Gazelle Telecommunications, Inc.",,,,"July 28, 2021 8:00 PM (EDT)",,,"$2,273.20",,GAZELLETEL,GAZELLETEL,"July 27, 2026 8:00 PM (EDT)","July 28, 2025 8:00 PM (EDT)",1396,,,,,,,,,,,"Billing, Payments",,,,
TLX,,,,"September 30, 2024 8:00 PM (EDT)",,Ingrid Beard,"$2,260.52","$2,259.07",TLX,TLX,"September 29, 2027 8:00 PM (EDT)","September 30, 2024 8:00 PM (EDT)",21951,,,,,June 2026 retention import from Cohort_Jun26_wo_Payments_7.6.26---70f34bf5-b8e8-4d81-9703-88d2102c7435.xlsx; product-level MRR loaded.,$0.00,$0.00,$0.00,,,Billing,Active,,$0.00,
Decibel,,,,"May 1, 2022 8:00 PM (EDT)",Rachael Buchtan,,"$2,250.00","$2,250.00",DECIBEL,DECIBEL,"May 19, 2028 8:00 PM (EDT)","May 20, 2025 8:00 PM (EDT)",1414,,,,,June 2026 retention import from Cohort_Jun26_wo_Payments_7.6.26---70f34bf5-b8e8-4d81-9703-88d2102c7435.xlsx; product-level MRR loaded.,$0.00,$0.00,$68.90,,,Billing,Active,,$0.00,
"DirecTech Connect, Inc.",,,,"October 29, 2025 8:00 PM (EDT)",,,"$2,284.09","$2,250.00",DIRECTECH,DIRECTECH,"October 28, 2028 8:00 PM (EDT)","October 29, 2025 8:00 PM (EDT)",22830,,,,,June 2026 retention import from Cohort_Jun26_wo_Payments_7.6.26---70f34bf5-b8e8-4d81-9703-88d2102c7435.xlsx; product-level MRR loaded.,$0.00,$0.00,$121.46,,,"Billing, Payments",Active,,$0.00,
Constellation Telecom LLC,,,,"December 14, 2023 7:00 PM (EST)",,,"$2,461.35","$2,470.82",CONSTELLATION,CONSTELLATION,"December 13, 2026 7:00 PM (EST)","December 14, 2023 7:00 PM (EST)",21040,,,"April 10, 2026",,June 2026 retention import from Cohort_Jun26_wo_Payments_7.6.26---70f34bf5-b8e8-4d81-9703-88d2102c7435.xlsx; product-level MRR loaded.,$0.00,$0.00,$0.00,,,Billing,Active,,$0.00,
Aldeberan,,,,"September 9, 2026 3:18 AM (EDT)",Olivia Sandefur,Ingrid Beard,"$2,221.46",$0.00,,,"September 9, 2026 3:18 AM (EDT)","September 9, 2026 3:18 AM (EDT)",22163,,,"July 11, 2025",,June 2026 retention import from Cohort_Jun26_wo_Payments_7.6.26---70f34bf5-b8e8-4d81-9703-88d2102c7435.xlsx; product-level MRR loaded.,$0.00,$0.00,$0.00,,,Tigerpaw,Active,,"$2,221.46",
Cielo,,,,"June 18, 2023 8:00 PM (EDT)",,Ingrid Beard,"$2,330.57","$2,318.98",CIELO,CIELO,"June 17, 2026 8:00 PM (EDT)","June 18, 2023 8:00 PM (EDT)",21004,,,"July 14, 2025",,June 2026 retention import from Cohort_Jun26_wo_Payments_7.6.26---70f34bf5-b8e8-4d81-9703-88d2102c7435.xlsx; product-level MRR loaded.,$0.00,$0.00,$64.22,,,Billing,Active,,$0.00,
Madrona Digital,,,,"September 9, 2026 3:17 AM (EDT)",jacob.williams,Katerra Stephenson-Greenwood,"$2,438.60",$0.00,,,"September 9, 2026 3:17 AM (EDT)","September 9, 2026 3:17 AM (EDT)",22362,,,"September 23, 2024",,June 2026 retention import from Cohort_Jun26_wo_Payments_7.6.26---70f34bf5-b8e8-4d81-9703-88d2102c7435.xlsx; product-level MRR loaded.,$0.00,$0.00,$0.00,,,Tigerpaw,Active,,"$2,404.84",
The Technology Depot,,,,"July 27, 2023 8:00 PM (EDT)",,Justin Lee,"$2,280.82","$2,201.35",TECHNOLOGYDEPOT,TECHNOLOGYDEPOT,"July 26, 2026 8:00 PM (EDT)","July 27, 2023 8:00 PM (EDT)",1395,,,"June 17, 2026",,June 2026 retention import from Cohort_Jun26_wo_Payments_7.6.26---70f34bf5-b8e8-4d81-9703-88d2102c7435.xlsx; product-level MRR loaded.,$0.00,$0.00,$5.49,,,Billing,Active,,$0.00,
Vodafone Iceland,,,,"June 13, 2023 8:00 PM (EDT)",,Jakob Champion,"$2,264.14",$0.00,VODAFONE,VODAFONE,"June 12, 2024 8:00 PM (EDT)","June 13, 2023 8:00 PM (EDT)",21006,,,,,June 2026 retention import from Cohort_Jun26_wo_Payments_7.6.26---70f34bf5-b8e8-4d81-9703-88d2102c7435.xlsx; product-level MRR loaded.,"$2,205.00",$0.00,$0.00,,,Odin,Active,,$0.00,
BBH Connectivity Inc,,,,"June 29, 2015 8:00 PM (EDT)",,,"$2,161.59","$2,190.87",BBHINC,BBHINC,"June 28, 2018 8:00 PM (EDT)","June 29, 2015 8:00 PM (EDT)",1096,,,"March 31, 2026",,June 2026 retention import from Cohort_Jun26_wo_Payments_7.6.26---70f34bf5-b8e8-4d81-9703-88d2102c7435.xlsx; product-level MRR loaded.,$0.00,$0.00,$0.00,,,Billing,Active,,$0.00,
Richmond Security,,,,"September 9, 2026 3:18 AM (EDT)",rinor.berisha,Katerra Stephenson-Greenwood,"$2,041.33",$0.00,RICHMONDSECURITYPSA,RICHMONDSECURITYPSA,"September 9, 2026 3:18 AM (EDT)","July 27, 2026 8:00 PM (EDT)",22380,,,"January 16, 2024",,June 2026 retention import from Cohort_Jun26_wo_Payments_7.6.26---70f34bf5-b8e8-4d81-9703-88d2102c7435.xlsx; product-level MRR loaded.,$0.00,$0.00,$0.00,,,"PSA Web, Tigerpaw",Active,,"$2,222.00",
North American Telecommunications Group,,,,"September 9, 2026 3:18 AM (EDT)",Olivia Sandefur,Ingrid Beard,"$1,947.54",$0.00,,,"September 9, 2026 3:18 AM (EDT)","September 9, 2026 3:18 AM (EDT)",22046,,,"May 20, 2026",,June 2026 retention import from Cohort_Jun26_wo_Payments_7.6.26---70f34bf5-b8e8-4d81-9703-88d2102c7435.xlsx; product-level MRR loaded.,$0.00,$0.00,$0.00,,,Tigerpaw,Active,,"$1,884.72",
Liberty Technology Solutions,,,,"January 10, 2023 7:00 PM (EST)",,Jamie Butler,"$2,032.51","$2,027.15",LIBERTYTECH,LIBERTYTECH,"January 9, 2026 7:00 PM (EST)","January 10, 2023 7:00 PM (EST)",1491,,,"November 21, 2024",,June 2026 retention import from Cohort_Jun26_wo_Payments_7.6.26---70f34bf5-b8e8-4d81-9703-88d2102c7435.xlsx; product-level MRR loaded.,$0.00,$0.00,$64.95,,,Billing,Active,,$0.00,
Native Network,,,,"October 30, 2017 8:00 PM (EDT)",,Katerra Stephenson-Greenwood,"$2,161.08","$2,150.00",NATIVENETWORK,NATIVENETWORK,"October 29, 2020 8:00 PM (EDT)","October 30, 2017 8:00 PM (EDT)",1182,,,"January 31, 2024",,June 2026 retention import from Cohort_Jun26_wo_Payments_7.6.26---70f34bf5-b8e8-4d81-9703-88d2102c7435.xlsx; product-level MRR loaded.,$0.00,$0.00,$0.00,,,Billing,Active,,$0.00,
"Vision CTS, LLC",,,,"June 27, 2016 8:00 PM (EDT)",,,"$2,162.95",,VISIONCTS,VISIONCTS,"June 26, 2019 8:00 PM (EDT)","June 27, 2016 8:00 PM (EDT)",1128,,,"February 4, 2026",,,,,,,,"Billing, Payments",,,,
"Kinetic VoIP, Inc",,,,"January 24, 2018 7:00 PM (EST)",,Katerra Stephenson-Greenwood,"$2,145.81","$2,146.39",KINETICVOIP,KINETICVOIP,"January 23, 2021 7:00 PM (EST)","January 24, 2018 7:00 PM (EST)",1149,,,"April 8, 2026",,June 2026 retention import from Cohort_Jun26_wo_Payments_7.6.26---70f34bf5-b8e8-4d81-9703-88d2102c7435.xlsx; product-level MRR loaded.,$0.00,$0.00,$0.00,,,Billing,Active,,$0.00,
VoPro,,,,"December 22, 2024 7:00 PM (EST)",,Ingrid Beard,"$2,145.13","$2,135.16",VOPRO,VOPRO,"December 21, 2027 7:00 PM (EST)","December 22, 2024 7:00 PM (EST)",21960,,,"February 6, 2026",,June 2026 retention import from Cohort_Jun26_wo_Payments_7.6.26---70f34bf5-b8e8-4d81-9703-88d2102c7435.xlsx; product-level MRR loaded.,$0.00,$0.00,$81.37,,,Billing,Active,,$0.00,
Digital Telecommunications,,,,"September 9, 2026 3:18 AM (EDT)",,Ingrid Beard,"$2,171.72",$0.00,,,"September 9, 2026 3:18 AM (EDT)","September 9, 2026 3:18 AM (EDT)",22086,,,"June 11, 2026",,June 2026 retention import from Cohort_Jun26_wo_Payments_7.6.26---70f34bf5-b8e8-4d81-9703-88d2102c7435.xlsx; product-level MRR loaded.,$0.00,$0.00,$64.18,,,Tigerpaw,Active,,"$2,171.72",
Homeland Technology Group,,,,"September 9, 2026 3:18 AM (EDT)",jacob.williams,Jakob Champion,"$2,158.80",$0.00,,,"September 9, 2026 3:18 AM (EDT)","September 9, 2026 3:18 AM (EDT)",22253,,,,,June 2026 retention import from Cohort_Jun26_wo_Payments_7.6.26---70f34bf5-b8e8-4d81-9703-88d2102c7435.xlsx; product-level MRR loaded.,$0.00,$0.00,$0.00,,,Tigerpaw,Active,,"$2,158.80",
Heritage Telecom,,,,"January 29, 2023 7:00 PM (EST)",,Jakob Champion,"$2,116.48","$2,110.88",HERITAGE,HERITAGE,"January 28, 2026 7:00 PM (EST)","January 29, 2023 7:00 PM (EST)",1497,,,"March 10, 2026",,June 2026 retention import from Cohort_Jun26_wo_Payments_7.6.26---70f34bf5-b8e8-4d81-9703-88d2102c7435.xlsx; product-level MRR loaded.,$0.00,$0.00,$88.18,,,"Billing, Payments",Active,,$0.00,
TELCLOUDRESELLER,,,,"September 9, 2026 3:17 AM (EDT)",Rachael Buchtan,,"$2,607.14",,TELCLOUDRESELLER,TELCLOUDRESELLER,"September 9, 2026 3:17 AM (EDT)","September 9, 2026 3:17 AM (EDT)",21036,,,,,,,,,,,Billing,Active,,,
Electronic Specialty Company,,,,"September 9, 2026 3:18 AM (EDT)",jacob.williams,Jakob Champion,"$2,088.54",$0.00,,,"September 9, 2026 3:18 AM (EDT)","September 9, 2026 3:18 AM (EDT)",22023,,,,,June 2026 retention import from Cohort_Jun26_wo_Payments_7.6.26---70f34bf5-b8e8-4d81-9703-88d2102c7435.xlsx; product-level MRR loaded.,$0.00,$0.00,$0.00,,,Tigerpaw,Active,,"$2,088.54",
TechSitters,,,,"October 26, 2017 8:00 PM (EDT)",,Ardit Berdyna,"$2,090.61","$2,078.98",TECHSITTERS,TECHSITTERS,"April 10, 2027 8:00 PM (EDT)","April 11, 2024 8:00 PM (EDT)",1190,,,,,June 2026 retention import from Cohort_Jun26_wo_Payments_7.6.26---70f34bf5-b8e8-4d81-9703-88d2102c7435.xlsx; product-level MRR loaded.,$0.00,$0.00,$0.00,,,Billing,Active,,$0.00,
"Area Wide Communications, LLC",,,,"September 9, 2026 3:18 AM (EDT)",jacob.williams,Justin Lee,"$2,147.15",$0.00,,,"September 9, 2026 3:18 AM (EDT)","September 9, 2026 3:18 AM (EDT)",22427,,,"June 25, 2026",,June 2026 retention import from Cohort_Jun26_wo_Payments_7.6.26---70f34bf5-b8e8-4d81-9703-88d2102c7435.xlsx; product-level MRR loaded.,$0.00,$0.00,$0.00,,,Tigerpaw,Active,,"$2,072.30",
Alarm and Communication Technologies,,,,"September 9, 2026 3:18 AM (EDT)",rinor.berisha,Jakob Champion,"$2,072.10",$0.00,,,"September 9, 2026 3:18 AM (EDT)","September 9, 2026 3:18 AM (EDT)",22346,,,,,June 2026 retention import from Cohort_Jun26_wo_Payments_7.6.26---70f34bf5-b8e8-4d81-9703-88d2102c7435.xlsx; product-level MRR loaded.,$0.00,$0.00,$0.00,,,Tigerpaw,Active,,"$2,072.10",
Community Network Services (Thomasville),,,,"February 27, 2014 7:00 PM (EST)",,,"$2,048.65","$2,050.84",CNS,CNS,"February 26, 2017 7:00 PM (EST)","February 27, 2014 7:00 PM (EST)",1052,,,,,June 2026 retention import from Cohort_Jun26_wo_Payments_7.6.26---70f34bf5-b8e8-4d81-9703-88d2102c7435.xlsx; product-level MRR loaded.,$0.00,$0.00,$0.00,,,Billing,Active,,$0.00,
Agility Telecom,,,,"September 24, 2024 8:00 PM (EDT)",,Jakob Champion,"$2,093.19","$2,156.64",AGILITY,AGILITY,"September 23, 2027 8:00 PM (EDT)","September 24, 2024 8:00 PM (EDT)",21949,,,"July 8, 2026",,June 2026 retention import from Cohort_Jun26_wo_Payments_7.6.26---70f34bf5-b8e8-4d81-9703-88d2102c7435.xlsx; product-level MRR loaded.,$0.00,$0.00,$47.08,,,Billing,Active,,$0.00,
"SBCS, Inc.",,,,"August 4, 2024 8:00 PM (EDT)",,Ingrid Beard,"$2,046.13","$2,025.98",STANDARDBELL,STANDARDBELL,"August 3, 2027 8:00 PM (EDT)","August 4, 2024 8:00 PM (EDT)",21059,,,"June 4, 2026",,June 2026 retention import from Cohort_Jun26_wo_Payments_7.6.26---70f34bf5-b8e8-4d81-9703-88d2102c7435.xlsx; product-level MRR loaded.,$0.00,$0.00,$131.42,,,Billing,Active,,$0.00,
Arcomm Communications,,,,"September 9, 2026 3:18 AM (EDT)",Blaine Villafuerte,Justin Lee,"$2,094.67",$0.00,ARCOMMPSAPSA,ARCOMMPSAPSA,"September 9, 2026 3:18 AM (EDT)","May 26, 2026 8:00 PM (EDT)",22232,,,"February 24, 2025",,June 2026 retention import from Cohort_Jun26_wo_Payments_7.6.26---70f34bf5-b8e8-4d81-9703-88d2102c7435.xlsx; product-level MRR loaded.,$0.00,$0.00,$0.00,,,"PSA Web, Tigerpaw",Churned,,"-$1,503.52",
ACCENT Communications Services,,,,"September 9, 2026 3:18 AM (EDT)",,,"$2,054.00",$0.00,,,"September 9, 2026 3:18 AM (EDT)","September 9, 2026 3:18 AM (EDT)",22738,,,,,June 2026 retention import from Cohort_Jun26_wo_Payments_7.6.26---70f34bf5-b8e8-4d81-9703-88d2102c7435.xlsx; product-level MRR loaded.,$0.00,$0.00,$0.00,,,Tigerpaw,Active,,"$2,054.00",
Advanced Hospitality Systems,,,,"September 9, 2026 3:18 AM (EDT)",jacob.williams,Katerra Stephenson-Greenwood,"$2,054.00",$0.00,,,"September 9, 2026 3:18 AM (EDT)","September 9, 2026 3:18 AM (EDT)",22729,,,"November 10, 2023",,June 2026 retention import from Cohort_Jun26_wo_Payments_7.6.26---70f34bf5-b8e8-4d81-9703-88d2102c7435.xlsx; product-level MRR loaded.,$0.00,$0.00,$0.00,,,Tigerpaw,Active,,"$2,054.00",
BEK Business Solutions,,,,"September 9, 2026 3:18 AM (EDT)",Sarah McGovern,Ingrid Beard,"$2,054.00",$0.00,,,"September 9, 2026 3:18 AM (EDT)","September 9, 2026 3:18 AM (EDT)",22807,,,"May 13, 2026",,June 2026 retention import from Cohort_Jun26_wo_Payments_7.6.26---70f34bf5-b8e8-4d81-9703-88d2102c7435.xlsx; product-level MRR loaded.,$0.00,$0.00,$0.00,,,Tigerpaw,Active,,"$2,054.00",
ClearPath Connections,,,,"September 9, 2026 3:18 AM (EDT)",rinor.berisha,Justin Lee,"$2,146.82",$0.00,,,"September 9, 2026 3:18 AM (EDT)","September 9, 2026 3:18 AM (EDT)",22349,,,"July 16, 2025",,June 2026 retention import from Cohort_Jun26_wo_Payments_7.6.26---70f34bf5-b8e8-4d81-9703-88d2102c7435.xlsx; product-level MRR loaded.,$0.00,$0.00,$0.00,,,Tigerpaw,Active,,"$2,051.08",
Top Hat Communications,,,,"February 27, 2018 7:00 PM (EST)",,Justin Lee,"$2,036.91","$2,038.22",TOPHAT,TOPHAT,"February 26, 2021 7:00 PM (EST)","February 27, 2018 7:00 PM (EST)",1202,,,"January 30, 2023",,June 2026 retention import from Cohort_Jun26_wo_Payments_7.6.26---70f34bf5-b8e8-4d81-9703-88d2102c7435.xlsx; product-level MRR loaded.,$0.00,$0.00,$0.00,,,Billing,Active,,$0.00,
B&T Telecom,,,,"March 26, 2023 8:00 PM (EDT)",,Jakob Champion,"$2,625.00","$2,625.00",BTTELECOM,BTTELECOM,"March 30, 2029 8:00 PM (EDT)","March 31, 2026 8:00 PM (EDT)",1508,,,"April 20, 2026",,June 2026 retention import from Cohort_Jun26_wo_Payments_7.6.26---70f34bf5-b8e8-4d81-9703-88d2102c7435.xlsx; product-level MRR loaded.,$0.00,$0.00,$112.22,,,Billing,Active,,$0.00,
PrimeCall,,,,"May 18, 2025 8:00 PM (EDT)",,Justin Lee,"$2,137.43","$2,146.96",PRIMECALLCOMM,PRIMECALLCOMM,"May 17, 2028 8:00 PM (EDT)","May 18, 2025 8:00 PM (EDT)",21965,,,"February 18, 2026",,June 2026 retention import from Cohort_Jun26_wo_Payments_7.6.26---70f34bf5-b8e8-4d81-9703-88d2102c7435.xlsx; product-level MRR loaded.,$0.00,$0.00,-$9.86,,,Billing,Active,,$0.00,
Sunshine Communications Mgt LLC - Broadstar,,,,"October 15, 2024 8:00 PM (EDT)",Sarah McGovern,Jakob Champion,"$2,029.21","$2,009.45",SUNSHINE,SUNSHINE,"October 14, 2025 8:00 PM (EDT)","October 15, 2024 8:00 PM (EDT)",21070,,,"February 11, 2026",,June 2026 retention import from Cohort_Jun26_wo_Payments_7.6.26---70f34bf5-b8e8-4d81-9703-88d2102c7435.xlsx; product-level MRR loaded.,$0.00,$0.00,"$1,019.24",,,Billing,Active,,$0.00,
Communication Resources,,,,"September 9, 2026 3:18 AM (EDT)",Olivia Sandefur,Katerra Stephenson-Greenwood,"$2,060.58",$0.00,,,"September 9, 2026 3:18 AM (EDT)","September 9, 2026 3:18 AM (EDT)",22668,,,"July 8, 2026",,June 2026 retention import from Cohort_Jun26_wo_Payments_7.6.26---70f34bf5-b8e8-4d81-9703-88d2102c7435.xlsx; product-level MRR loaded.,$0.00,$0.00,$0.00,,,Tigerpaw,Active,,"$2,060.58",
"Kloud Communications, Inc. / VTX",,,,"February 14, 2022 7:00 PM (EST)",Ryan Burton,,"$2,111.25",$0.00,"VTX, VTX_SANDBOX","VTX, VTX_SANDBOX","March 30, 2027 8:00 PM (EDT)","March 31, 2026 8:00 PM (EDT)",1392,,,,,June 2026 retention import from Cohort_Jun26_wo_Payments_7.6.26---70f34bf5-b8e8-4d81-9703-88d2102c7435.xlsx; product-level MRR loaded.,$0.00,$0.00,$224.61,,,"Billing, Payments",Active,,$0.00,
Tel Tec Inc.,,,,"November 28, 2018 7:00 PM (EST)",,,"$2,012.79","$2,006.75",TELTECINC,TELTECINC,"September 9, 2026 3:18 AM (EDT)","September 9, 2026 3:18 AM (EDT)",1225,,,,,June 2026 retention import from Cohort_Jun26_wo_Payments_7.6.26---70f34bf5-b8e8-4d81-9703-88d2102c7435.xlsx; product-level MRR loaded.,$0.00,$0.00,$0.00,,,Billing,Active,,$0.00,
Hinson Communications Inc.,,,,"June 10, 2025 8:00 PM (EDT)",Ryan Burton,Justin Lee,"$2,004.05","$1,136.16","HINSON, HINSONPSA","HINSON, HINSONPSA","June 9, 2028 8:00 PM (EDT)","June 10, 2025 8:00 PM (EDT)",21980,,,"December 11, 2024",,June 2026 retention import from Cohort_Jun26_wo_Payments_7.6.26---70f34bf5-b8e8-4d81-9703-88d2102c7435.xlsx; product-level MRR loaded.,$0.00,$0.00,$100.63,,,"Billing, Payments, Tigerpaw",Active,,$866.70,
"The RHINO Group, Inc.",,,,"September 9, 2026 3:18 AM (EDT)",rinor.berisha,,"$2,099.56",$0.00,THERHINOGROUPPSA,THERHINOGROUPPSA,"September 9, 2026 3:18 AM (EDT)","August 24, 2026 8:00 PM (EDT)",22651,,,,,June 2026 retention import from Cohort_Jun26_wo_Payments_7.6.26---70f34bf5-b8e8-4d81-9703-88d2102c7435.xlsx; product-level MRR loaded.,$0.00,$0.00,$199.53,,,"PSA Web, Tigerpaw",Active,,"$2,099.56",
Xpedient Communications Inc,,,,"September 9, 2026 3:18 AM (EDT)",jacob.williams,,"$2,049.11",$0.00,,,"September 9, 2026 3:18 AM (EDT)","September 9, 2026 3:18 AM (EDT)",22323,,,"June 11, 2026",,June 2026 retention import from Cohort_Jun26_wo_Payments_7.6.26---70f34bf5-b8e8-4d81-9703-88d2102c7435.xlsx; product-level MRR loaded.,$0.00,$0.00,$0.00,,,Tigerpaw,Active,,"$2,049.11",
Fisher Systems Inc.,,,,"September 9, 2026 3:19 AM (EDT)",,Katerra Stephenson-Greenwood,"$1,209.75",$0.00,,,"September 9, 2026 3:19 AM (EDT)","September 9, 2026 3:19 AM (EDT)",22762,,,"January 24, 2024",,June 2026 retention import from Cohort_Jun26_wo_Payments_7.6.26---70f34bf5-b8e8-4d81-9703-88d2102c7435.xlsx; product-level MRR loaded.,$0.00,$0.00,$0.00,,,Tigerpaw,Active,,"$1,071.00",
Connecticut Communications,,,,"September 9, 2026 3:18 AM (EDT)",rinor.berisha,Katerra Stephenson-Greenwood,"$1,982.30",$0.00,,,"September 9, 2026 3:18 AM (EDT)","September 9, 2026 3:18 AM (EDT)",22206,,,,,June 2026 retention import from Cohort_Jun26_wo_Payments_7.6.26---70f34bf5-b8e8-4d81-9703-88d2102c7435.xlsx; product-level MRR loaded.,$0.00,$0.00,$0.00,,,Tigerpaw,Active,,"$1,982.30",
"WSB Computer Services, Inc.",,,,"September 9, 2026 3:18 AM (EDT)",rinor.berisha,Jakob Champion,"$1,984.50",$0.00,,,"September 9, 2026 3:18 AM (EDT)","September 9, 2026 3:18 AM (EDT)",22056,,,,,June 2026 retention import from Cohort_Jun26_wo_Payments_7.6.26---70f34bf5-b8e8-4d81-9703-88d2102c7435.xlsx; product-level MRR loaded.,$0.00,$0.00,$0.00,,,Tigerpaw,Active,,"$1,984.50",
"Eternal Networks, LLC",,,,"June 29, 2026 12:57 PM (EDT)",,,$784.67,$0.00,,,"June 29, 2026 12:57 PM (EDT)","June 29, 2026 12:57 PM (EDT)",22577,,,,,June 2026 retention import from Cohort_Jun26_wo_Payments_7.6.26---70f34bf5-b8e8-4d81-9703-88d2102c7435.xlsx; product-level MRR loaded.,$0.00,$0.00,$0.00,,,Tigerpaw,Active,,$784.67,
Memory Lane Computer Electronics LTD,,,,"September 9, 2026 3:19 AM (EDT)",Sarah McGovern,Justin Lee,"$1,451.78",$0.00,,,"September 9, 2026 3:19 AM (EDT)","September 9, 2026 3:19 AM (EDT)",22625,,,,,June 2026 retention import from Cohort_Jun26_wo_Payments_7.6.26---70f34bf5-b8e8-4d81-9703-88d2102c7435.xlsx; product-level MRR loaded.,$0.00,$0.00,$0.00,,,Tigerpaw,Active,,"$1,380.00",
Avalora LLC,,,,"May 27, 2026 8:00 PM (EDT)",rinor.berisha,,"$4,758.55",,"AVALORA, AVALORAPSA","AVALORA, AVALORAPSA","May 26, 2029 8:00 PM (EDT)","May 27, 2026 8:00 PM (EDT)",22979,,,,,,,,,,,"Billing, PSA Web",Onboarding,,,
Tri-Tec Communications Inc,,,,"September 9, 2026 3:18 AM (EDT)",jacob.williams,,"$1,923.41",$0.00,,,"September 9, 2026 3:18 AM (EDT)","September 9, 2026 3:18 AM (EDT)",22794,,,,,June 2026 retention import from Cohort_Jun26_wo_Payments_7.6.26---70f34bf5-b8e8-4d81-9703-88d2102c7435.xlsx; product-level MRR loaded.,$0.00,$0.00,$0.00,,,Tigerpaw,Active,,"$1,957.76",
"Virtual Guard, Inc",,,,"September 9, 2026 3:19 AM (EDT)",,,"$1,510.23",$0.00,VIRTUALGUARDPSA,VIRTUALGUARDPSA,"September 9, 2026 3:19 AM (EDT)","June 23, 2026 8:00 PM (EDT)",22418,,,,,June 2026 retention import from Cohort_Jun26_wo_Payments_7.6.26---70f34bf5-b8e8-4d81-9703-88d2102c7435.xlsx; product-level MRR loaded.,$0.00,$0.00,$0.00,,,"PSA Web, Tigerpaw",Active,,"$1,970.68",
BTI Communications Group,,,,"September 9, 2026 3:18 AM (EDT)",Blaine Villafuerte,Justin Lee,"$1,896.18",$0.00,,,"September 9, 2026 3:18 AM (EDT)","September 9, 2026 3:18 AM (EDT)",22683,,,"December 23, 2024",,June 2026 retention import from Cohort_Jun26_wo_Payments_7.6.26---70f34bf5-b8e8-4d81-9703-88d2102c7435.xlsx; product-level MRR loaded.,$0.00,$0.00,$0.00,,,Tigerpaw,Active,,"$1,896.18",
Neuwave Systems Inc,,,,"September 9, 2026 3:19 AM (EDT)",,Jakob Champion,"$1,317.05",$0.00,,,"September 9, 2026 3:19 AM (EDT)","September 9, 2026 3:19 AM (EDT)",22291,,,"July 12, 2024",,June 2026 retention import from Cohort_Jun26_wo_Payments_7.6.26---70f34bf5-b8e8-4d81-9703-88d2102c7435.xlsx; product-level MRR loaded.,$0.00,$0.00,$0.00,,,Tigerpaw,Active,,"$1,050.72",
Firstline Communications,,,,"September 9, 2026 3:18 AM (EDT)",,Jakob Champion,"$1,881.00",$0.00,,,"September 9, 2026 3:18 AM (EDT)","September 9, 2026 3:18 AM (EDT)",22761,,,,,June 2026 retention import from Cohort_Jun26_wo_Payments_7.6.26---70f34bf5-b8e8-4d81-9703-88d2102c7435.xlsx; product-level MRR loaded.,$0.00,$0.00,$0.00,,,Tigerpaw,Active,,"$1,881.00",
IMC Facility Management,,,,"September 9, 2026 3:18 AM (EDT)",Olivia Sandefur,Ingrid Beard,"$1,897.25",$0.00,IMCSERVICEPSAPSA,IMCSERVICEPSAPSA,"September 9, 2026 3:18 AM (EDT)","June 29, 2026 8:00 PM (EDT)",22705,,,"May 13, 2026",,June 2026 retention import from Cohort_Jun26_wo_Payments_7.6.26---70f34bf5-b8e8-4d81-9703-88d2102c7435.xlsx; product-level MRR loaded.,$0.00,$0.00,$0.00,,,"PSA Web, Tigerpaw",Active,,"$1,856.45",
Riello UPS Australia Pty Ltd,,,,"September 9, 2026 3:18 AM (EDT)",Sarah McGovern,Justin Lee,"$1,910.83",$0.00,,,"September 9, 2026 3:18 AM (EDT)","September 9, 2026 3:18 AM (EDT)",22112,,,,,June 2026 retention import from Cohort_Jun26_wo_Payments_7.6.26---70f34bf5-b8e8-4d81-9703-88d2102c7435.xlsx; product-level MRR loaded.,$0.00,$0.00,$0.00,,,Tigerpaw,Active,,"$1,856.34",
Imagine Solutions,,,,"September 9, 2026 3:22 AM (EDT)",,Katerra Stephenson-Greenwood,$500.00,$0.00,,,"September 9, 2026 3:22 AM (EDT)","September 9, 2026 3:22 AM (EDT)",22227,,,,,June 2026 retention import from Cohort_Jun26_wo_Payments_7.6.26---70f34bf5-b8e8-4d81-9703-88d2102c7435.xlsx; product-level MRR loaded.,$0.00,$0.00,$0.00,,,Tigerpaw,Active,,$500.00,
Introtel Communications Inc.,,,,"September 9, 2026 3:18 AM (EDT)",rinor.berisha,Ingrid Beard,"$1,934.82",$0.00,,,"September 9, 2026 3:18 AM (EDT)","September 9, 2026 3:18 AM (EDT)",22259,,,"October 11, 2024",,June 2026 retention import from Cohort_Jun26_wo_Payments_7.6.26---70f34bf5-b8e8-4d81-9703-88d2102c7435.xlsx; product-level MRR loaded.,$0.00,$0.00,$0.00,,,Tigerpaw,Active,,"$1,934.82",
USA Security Inc.,,,,"September 9, 2026 3:18 AM (EDT)",jacob.williams,,"$1,905.75",$0.00,,,"September 9, 2026 3:18 AM (EDT)","September 9, 2026 3:18 AM (EDT)",22376,,,,,June 2026 retention import from Cohort_Jun26_wo_Payments_7.6.26---70f34bf5-b8e8-4d81-9703-88d2102c7435.xlsx; product-level MRR loaded.,$0.00,$0.00,$0.00,,,Tigerpaw,Active,,"$1,905.75",
NetGreene Solutions (DBA: CrossPath),,,,"January 22, 2026 7:00 PM (EST)",,,"$2,036.27","$1,787.25",CrossPath,CrossPath,"January 21, 2029 7:00 PM (EST)","January 22, 2026 7:00 PM (EST)",22914,,,,,June 2026 retention import from Cohort_Jun26_wo_Payments_7.6.26---70f34bf5-b8e8-4d81-9703-88d2102c7435.xlsx; product-level MRR loaded.,$0.00,$0.00,$271.72,,,Billing,Active,,$0.00,
Langguth America Ltd.,,,,"September 9, 2026 3:18 AM (EDT)",jacob.williams,Katerra Stephenson-Greenwood,"$1,881.00",$0.00,,,"September 9, 2026 3:18 AM (EDT)","September 9, 2026 3:18 AM (EDT)",22254,,,"May 6, 2024",,June 2026 retention import from Cohort_Jun26_wo_Payments_7.6.26---70f34bf5-b8e8-4d81-9703-88d2102c7435.xlsx; product-level MRR loaded.,$0.00,$0.00,$0.00,,,Tigerpaw,Active,,"$1,881.00",
P2 Telecom LLC,,,,"August 11, 2021 8:00 PM (EDT)",Ryan Burton,,"$1,700.00",$0.00,P2BROADBAND,P2BROADBAND,"December 30, 2027 7:00 PM (EST)","December 31, 2025 7:00 PM (EST)",1389,,,,,June 2026 retention import from Cohort_Jun26_wo_Payments_7.6.26---70f34bf5-b8e8-4d81-9703-88d2102c7435.xlsx; product-level MRR loaded.,$0.00,$0.00,$0.28,,,"Billing, Payments",Active,,$0.00,
ForgeOS LLC,,,,"February 27, 2025 7:00 PM (EST)",,Jakob Champion,"$2,100.00","$2,100.00",FORGEOS,FORGEOS,"February 26, 2028 7:00 PM (EST)","February 27, 2025 7:00 PM (EST)",21978,,,,,June 2026 retention import from Cohort_Jun26_wo_Payments_7.6.26---70f34bf5-b8e8-4d81-9703-88d2102c7435.xlsx; product-level MRR loaded.,$0.00,$0.00,$129.62,,,Billing,Active,,$0.00,
Razorline LLC,,,,"December 28, 2025 7:00 PM (EST)",,,"$1,506.78","$1,508.32",RAZORLINE,RAZORLINE,"December 27, 2028 7:00 PM (EST)","December 28, 2025 7:00 PM (EST)",22906,,,,,June 2026 retention import from Cohort_Jun26_wo_Payments_7.6.26---70f34bf5-b8e8-4d81-9703-88d2102c7435.xlsx; product-level MRR loaded.,$0.00,$0.00,$0.00,,,Billing,Active,,$0.00,
JES and Sons 2-Way,,,,"September 9, 2026 3:18 AM (EDT)",jacob.williams,Justin Lee,"$1,872.96",$0.00,,,"September 9, 2026 3:18 AM (EDT)","September 9, 2026 3:18 AM (EDT)",22326,,,"April 20, 2026",,June 2026 retention import from Cohort_Jun26_wo_Payments_7.6.26---70f34bf5-b8e8-4d81-9703-88d2102c7435.xlsx; product-level MRR loaded.,$0.00,$0.00,$0.00,,,Tigerpaw,Active,,"$1,872.96",
PHDTech,,,,"June 25, 2024 8:00 PM (EDT)",,Jakob Champion,"$1,759.33","$1,750.00",PHDTECH,PHDTECH,"June 24, 2027 8:00 PM (EDT)","June 25, 2024 8:00 PM (EDT)",21051,,,,,June 2026 retention import from Cohort_Jun26_wo_Payments_7.6.26---70f34bf5-b8e8-4d81-9703-88d2102c7435.xlsx; product-level MRR loaded.,$0.00,$0.00,$0.00,,,Billing,Active,,$0.00,
Nuvias UC,,,,"September 9, 2026 3:18 AM (EDT)",,Jakob Champion,"$1,650.00",$0.00,NUVIAS,NUVIAS,"October 25, 2023 8:00 PM (EDT)","October 26, 2022 8:00 PM (EDT)",1499,,,"December 5, 2024",,June 2026 retention import from Cohort_Jun26_wo_Payments_7.6.26---70f34bf5-b8e8-4d81-9703-88d2102c7435.xlsx; product-level MRR loaded.,"$1,650.00",$0.00,$0.00,,,Odin,Active,,$0.00,
Seibold Security,,,,"September 9, 2026 3:18 AM (EDT)",rinor.berisha,Katerra Stephenson-Greenwood,"$1,759.35",$0.00,,,"September 9, 2026 3:18 AM (EDT)","September 9, 2026 3:18 AM (EDT)",22210,,,"July 25, 2024",,June 2026 retention import from Cohort_Jun26_wo_Payments_7.6.26---70f34bf5-b8e8-4d81-9703-88d2102c7435.xlsx; product-level MRR loaded.,$0.00,$0.00,$0.00,,,Tigerpaw,Active,,"$1,730.52",
The Crowley Company,,,,"September 9, 2026 3:18 AM (EDT)",Sarah McGovern,Ingrid Beard,"$1,727.20",$0.00,,,"September 9, 2026 3:18 AM (EDT)","September 9, 2026 3:18 AM (EDT)",22702,,,,,June 2026 retention import from Cohort_Jun26_wo_Payments_7.6.26---70f34bf5-b8e8-4d81-9703-88d2102c7435.xlsx; product-level MRR loaded.,$0.00,$0.00,$0.00,,,Tigerpaw,Active,,"$1,727.20",
Green Electronics Solutions,,,,"September 9, 2026 3:18 AM (EDT)",rinor.berisha,,"$1,767.28",$0.00,,,"September 9, 2026 3:18 AM (EDT)","September 9, 2026 3:18 AM (EDT)",22216,,,,,June 2026 retention import from Cohort_Jun26_wo_Payments_7.6.26---70f34bf5-b8e8-4d81-9703-88d2102c7435.xlsx; product-level MRR loaded.,$0.00,$0.00,$35.14,,,Tigerpaw,Active,,"$1,726.98",
Mac's Heating Ltd.,,,,"September 9, 2026 3:18 AM (EDT)",,Ingrid Beard,"$1,792.70",$0.00,,,"September 9, 2026 3:18 AM (EDT)","September 9, 2026 3:18 AM (EDT)",22439,,,"May 19, 2026",,June 2026 retention import from Cohort_Jun26_wo_Payments_7.6.26---70f34bf5-b8e8-4d81-9703-88d2102c7435.xlsx; product-level MRR loaded.,$0.00,$0.00,$0.00,,,Tigerpaw,Active,,"$1,792.70",
Automated Telecom,"May 17, 2026","June 16, 2026","July 16, 2026","March 30, 2026 8:00 PM (EDT)",Rachael Buchtan,Justin Lee,"$3,193.71",,"AUTOMATEDTELECOM, AUTOMATEDTELECOMPSA","AUTOMATEDTELECOM, AUTOMATEDTELECOMPSA","March 29, 2029 8:00 PM (EDT)","March 30, 2026 8:00 PM (EDT)",22953,"April 17, 2026",,,,,,,,,,"Billing, PSA Web",Active,,,
Integrated Systems,,,,"September 9, 2026 3:18 AM (EDT)",rinor.berisha,Jakob Champion,"$1,810.16",$0.00,INTEGRATEDSYSTEMSPSA,INTEGRATEDSYSTEMSPSA,"September 9, 2026 3:18 AM (EDT)","August 3, 2026 8:00 PM (EDT)",22727,,,"March 1, 2024",,June 2026 retention import from Cohort_Jun26_wo_Payments_7.6.26---70f34bf5-b8e8-4d81-9703-88d2102c7435.xlsx; product-level MRR loaded.,$0.00,$0.00,$0.00,,,"PSA Web, Tigerpaw",Active,,"$1,810.16",
All Secured Security Services,"April 30, 2026","May 30, 2026","June 29, 2026","September 9, 2026 3:18 AM (EDT)",Sarah McGovern,Katerra Stephenson-Greenwood,"$1,917.00",$0.00,AllSECUREDSECURITYPSA,AllSECUREDSECURITYPSA,"September 9, 2026 3:18 AM (EDT)","September 9, 2026 3:18 AM (EDT)",22949,"March 31, 2026",,,,June 2026 retention import from Cohort_Jun26_wo_Payments_7.6.26---70f34bf5-b8e8-4d81-9703-88d2102c7435.xlsx; product-level MRR loaded.,$0.00,"$1,917.00",$0.00,,,PSA Web,"Active, Onboarding",,$0.00,
NuCloud Communications,,,,"January 28, 2026 7:00 PM (EST)",,,"$2,040.26","$1,539.14",NUCLOUDCOMMUNICATIONS,NUCLOUDCOMMUNICATIONS,"January 27, 2029 7:00 PM (EST)","January 28, 2026 7:00 PM (EST)",22942,,,,,June 2026 retention import from Cohort_Jun26_wo_Payments_7.6.26---70f34bf5-b8e8-4d81-9703-88d2102c7435.xlsx; product-level MRR loaded.,$0.00,$0.00,$0.00,,,Billing,Active,,$0.00,
CTS Services Inc.,,,,"September 9, 2026 3:18 AM (EDT)",rinor.berisha,,"$1,714.30",$0.00,,,"September 9, 2026 3:18 AM (EDT)","September 9, 2026 3:18 AM (EDT)",22691,,,,,June 2026 retention import from Cohort_Jun26_wo_Payments_7.6.26---70f34bf5-b8e8-4d81-9703-88d2102c7435.xlsx; product-level MRR loaded.,$0.00,$0.00,$0.00,,,,Active,,"$1,659.00",
Communication Service Solutions,,,,"September 9, 2026 3:18 AM (EDT)",jacob.williams,Katerra Stephenson-Greenwood,"$1,642.00","$1,000.00","COMMSERVICESOLUTIONSPSA, CSS","COMMSERVICESOLUTIONSPSA, CSS","September 19, 2026 8:00 PM (EDT)","September 20, 2023 8:00 PM (EDT)",21018,,,"March 18, 2026",,June 2026 retention import from Cohort_Jun26_wo_Payments_7.6.26---70f34bf5-b8e8-4d81-9703-88d2102c7435.xlsx; product-level MRR loaded.,$0.00,$0.00,$0.00,,,"Billing, PSA Web, Tigerpaw",Active,,$642.00,
BluDog Telecom,,,,"March 27, 2025 8:00 PM (EDT)",,Justin Lee,"$1,651.82","$1,651.07",BLUDOG,BLUDOG,"March 26, 2028 8:00 PM (EDT)","March 27, 2025 8:00 PM (EDT)",21961,,,"April 3, 2026",,June 2026 retention import from Cohort_Jun26_wo_Payments_7.6.26---70f34bf5-b8e8-4d81-9703-88d2102c7435.xlsx; product-level MRR loaded.,$0.00,$0.00,$0.00,,,Billing,Active,,$0.00,
All-Mode Communications Inc,,,,"September 9, 2026 3:18 AM (EDT)",Sarah McGovern,Katerra Stephenson-Greenwood,"$1,740.32",$0.00,,,"September 9, 2026 3:18 AM (EDT)","September 9, 2026 3:18 AM (EDT)",22741,,,"July 9, 2025",,June 2026 retention import from Cohort_Jun26_wo_Payments_7.6.26---70f34bf5-b8e8-4d81-9703-88d2102c7435.xlsx; product-level MRR loaded.,$0.00,$0.00,$0.00,,,Tigerpaw,Active,,"$1,740.32",
Audio Video Design Inc.,,,,"September 9, 2026 3:19 AM (EDT)",Sarah McGovern,Ingrid Beard,"$1,332.25",$0.00,,,"September 9, 2026 3:19 AM (EDT)","September 9, 2026 3:19 AM (EDT)",22154,,,"May 27, 2026",,June 2026 retention import from Cohort_Jun26_wo_Payments_7.6.26---70f34bf5-b8e8-4d81-9703-88d2102c7435.xlsx; product-level MRR loaded.,$0.00,$0.00,$0.00,,,Tigerpaw,Active,,"$1,332.25",
"White Label Communications, LLC",,,,"May 5, 2026 8:00 PM (EDT)",,,"$3,518.24","$3,473.65",WHITELABELCOMMUNICATIONS,WHITELABELCOMMUNICATIONS,"May 5, 2029 8:00 PM (EDT)","May 5, 2026 8:00 PM (EDT)",22965,,,,,June 2026 retention import from Cohort_Jun26_wo_Payments_7.6.26---70f34bf5-b8e8-4d81-9703-88d2102c7435.xlsx; product-level MRR loaded.,$0.00,$0.00,$0.00,,,Billing,Active,,$0.00,
Telcom Innovations Group,,,,"September 9, 2026 3:18 AM (EDT)",Olivia Sandefur,Katerra Stephenson-Greenwood,"$1,620.78",$0.00,,,"September 9, 2026 3:18 AM (EDT)","September 9, 2026 3:18 AM (EDT)",22016,,,,,June 2026 retention import from Cohort_Jun26_wo_Payments_7.6.26---70f34bf5-b8e8-4d81-9703-88d2102c7435.xlsx; product-level MRR loaded.,$0.00,$0.00,$0.00,,,Tigerpaw,Active,,"$1,620.78",
New England Communications,,,,"September 9, 2026 3:18 AM (EDT)",jacob.williams,Justin Lee,"$1,690.60",$0.00,,,"September 9, 2026 3:18 AM (EDT)","September 9, 2026 3:18 AM (EDT)",22810,,,"June 9, 2026",,June 2026 retention import from Cohort_Jun26_wo_Payments_7.6.26---70f34bf5-b8e8-4d81-9703-88d2102c7435.xlsx; product-level MRR loaded.,$0.00,$0.00,$0.00,,,Tigerpaw,Active,,"$1,690.60",
"Rave Systems, LLC dba Reference Audio Video & Security",,,,"September 9, 2026 3:18 AM (EDT)",Blaine Villafuerte,Ingrid Beard,"$1,519.40",$0.00,RAVETECHNOLOGIESPSA,RAVETECHNOLOGIESPSA,"September 9, 2026 3:18 AM (EDT)","July 6, 2026 8:00 PM (EDT)",22175,,,"September 17, 2025",,June 2026 retention import from Cohort_Jun26_wo_Payments_7.6.26---70f34bf5-b8e8-4d81-9703-88d2102c7435.xlsx; product-level MRR loaded.,$0.00,$0.00,$0.00,,,"PSA Web, Tigerpaw",Active,,"$1,616.77",
"Nightwatch Security & Telephone, LLC",,,,"September 9, 2026 3:18 AM (EDT)",rinor.berisha,Ingrid Beard,"$1,605.00",$0.00,,,"September 9, 2026 3:18 AM (EDT)","September 9, 2026 3:18 AM (EDT)",22643,,,,,June 2026 retention import from Cohort_Jun26_wo_Payments_7.6.26---70f34bf5-b8e8-4d81-9703-88d2102c7435.xlsx; product-level MRR loaded.,$0.00,$0.00,$44.14,,,Tigerpaw,Active,,$0.00,
Integrated Protection Services,,,,"September 9, 2026 3:18 AM (EDT)",jacob.williams,Katerra Stephenson-Greenwood,"$1,717.35",$0.00,,,"September 9, 2026 3:18 AM (EDT)","September 9, 2026 3:18 AM (EDT)",22415,,,"February 28, 2024",,June 2026 retention import from Cohort_Jun26_wo_Payments_7.6.26---70f34bf5-b8e8-4d81-9703-88d2102c7435.xlsx; product-level MRR loaded.,$0.00,$0.00,$0.00,,,Tigerpaw,Active,,"$1,717.35",
All Secure Lock Service,,,,"September 9, 2026 3:19 AM (EDT)",Blaine Villafuerte,Justin Lee,"$1,121.18",$0.00,ALLSECUREPSA,ALLSECUREPSA,"September 9, 2026 3:19 AM (EDT)","April 13, 2026 8:00 PM (EDT)",22480,,,"December 6, 2024",,June 2026 retention import from Cohort_Jun26_wo_Payments_7.6.26---70f34bf5-b8e8-4d81-9703-88d2102c7435.xlsx; product-level MRR loaded.,$0.00,$0.00,$427.95,,,"PSA Web, Tigerpaw",Active,,$0.00,
"Roadrunner Lock & Key , Inc.",,,,"September 9, 2026 3:18 AM (EDT)",rinor.berisha,Jakob Champion,"$1,706.18",$0.00,ROADRUNNERLOCKPSA,ROADRUNNERLOCKPSA,"September 9, 2026 3:18 AM (EDT)","June 23, 2026 8:00 PM (EDT)",22579,,,,,June 2026 retention import from Cohort_Jun26_wo_Payments_7.6.26---70f34bf5-b8e8-4d81-9703-88d2102c7435.xlsx; product-level MRR loaded.,$0.00,$0.00,$0.00,,,"PSA Web, Tigerpaw",Active,,"$1,599.65",
"Werner National, LLC",,,,"September 9, 2026 3:18 AM (EDT)",jacob.williams,,"$1,704.00",$0.00,,,"September 9, 2026 3:18 AM (EDT)","September 9, 2026 3:18 AM (EDT)",22234,,,,,June 2026 retention import from Cohort_Jun26_wo_Payments_7.6.26---70f34bf5-b8e8-4d81-9703-88d2102c7435.xlsx; product-level MRR loaded.,$0.00,$0.00,$0.00,,,Tigerpaw,Active,,"$1,704.00",
Professional Security Innovations,,,,"September 9, 2026 3:18 AM (EDT)",Blaine Villafuerte,Ingrid Beard,"$1,591.24",$0.00,PROFSECURITYINNOVATIONSPSA,PROFSECURITYINNOVATIONSPSA,"September 9, 2026 3:18 AM (EDT)","August 6, 2026 8:00 PM (EDT)",22543,,,"July 9, 2026",,June 2026 retention import from Cohort_Jun26_wo_Payments_7.6.26---70f34bf5-b8e8-4d81-9703-88d2102c7435.xlsx; product-level MRR loaded.,$0.00,$0.00,$107.94,,,"PSA Web, Tigerpaw",Active,,"$1,591.24",
Miken Technologies,,,,"September 9, 2026 3:18 AM (EDT)",jacob.williams,,"$1,587.60",$0.00,,,"September 9, 2026 3:18 AM (EDT)","September 9, 2026 3:18 AM (EDT)",22662,,,,,June 2026 retention import from Cohort_Jun26_wo_Payments_7.6.26---70f34bf5-b8e8-4d81-9703-88d2102c7435.xlsx; product-level MRR loaded.,$0.00,$0.00,$0.00,,,Tigerpaw,Active,,"$1,587.60",
"ETG Systems, Inc.",,,,"September 9, 2026 3:18 AM (EDT)",Olivia Sandefur,Jakob Champion,"$1,585.76",$0.00,,,"September 9, 2026 3:18 AM (EDT)","September 9, 2026 3:18 AM (EDT)",22425,,,,,June 2026 retention import from Cohort_Jun26_wo_Payments_7.6.26---70f34bf5-b8e8-4d81-9703-88d2102c7435.xlsx; product-level MRR loaded.,$0.00,$0.00,$0.00,,,Tigerpaw,Active,,"$1,585.76",
"SummitOne, LLC",,,,"April 20, 2026 8:00 PM (EDT)",,,$278.33,,SUMMITONE,SUMMITONE,"April 20, 2027 8:00 PM (EDT)","April 20, 2026 8:00 PM (EDT)",22980,,,,,,,,,,,Billing,,,,
Greenbrier Communications,,,,"September 9, 2026 3:18 AM (EDT)",Sarah McGovern,Justin Lee,"$1,580.04",$0.00,,,"September 9, 2026 3:18 AM (EDT)","September 9, 2026 3:18 AM (EDT)",22094,,,"December 13, 2024",,June 2026 retention import from Cohort_Jun26_wo_Payments_7.6.26---70f34bf5-b8e8-4d81-9703-88d2102c7435.xlsx; product-level MRR loaded.,$0.00,$0.00,$202.04,,,Tigerpaw,Active,,"$1,580.04",
Paulson's Audio & Video,,,,"September 9, 2026 3:18 AM (EDT)",Olivia Sandefur,Jakob Champion,"$1,659.00",$0.00,,,"September 9, 2026 3:18 AM (EDT)","September 9, 2026 3:18 AM (EDT)",22181,,,"November 22, 2024",,June 2026 retention import from Cohort_Jun26_wo_Payments_7.6.26---70f34bf5-b8e8-4d81-9703-88d2102c7435.xlsx; product-level MRR loaded.,$0.00,$0.00,$0.00,,,Tigerpaw,Active,,"$1,659.00",
B. Moyer Radio Communications LLC,,,,"September 9, 2026 3:18 AM (EDT)",Sarah McGovern,Ingrid Beard,"$1,633.32",$0.00,BMOYERCOMMUNICATIONSPSA,BMOYERCOMMUNICATIONSPSA,"September 9, 2026 3:18 AM (EDT)","June 30, 2026 8:00 PM (EDT)",22483,,,"May 19, 2026",,June 2026 retention import from Cohort_Jun26_wo_Payments_7.6.26---70f34bf5-b8e8-4d81-9703-88d2102c7435.xlsx; product-level MRR loaded.,$0.00,$0.00,$0.00,,,"PSA Web, Tigerpaw","Active, Onboarding",,"$1,579.98",
Advanced Integration Security (AIS),,,,"September 9, 2026 3:18 AM (EDT)",Olivia Sandefur,Jakob Champion,"$1,725.77",$0.00,,,"September 9, 2026 3:18 AM (EDT)","September 9, 2026 3:18 AM (EDT)",22383,,,"April 18, 2024",,June 2026 retention import from Cohort_Jun26_wo_Payments_7.6.26---70f34bf5-b8e8-4d81-9703-88d2102c7435.xlsx; product-level MRR loaded.,$0.00,$0.00,$0.00,,,Tigerpaw,Active,,"$1,641.90",
"Telco Data, LLC",,,,"September 9, 2026 3:18 AM (EDT)",Olivia Sandefur,Jakob Champion,"$1,611.66",$0.00,,,"September 9, 2026 3:18 AM (EDT)","September 9, 2026 3:18 AM (EDT)",22203,,,,,June 2026 retention import from Cohort_Jun26_wo_Payments_7.6.26---70f34bf5-b8e8-4d81-9703-88d2102c7435.xlsx; product-level MRR loaded.,$0.00,$0.00,$0.00,,,Tigerpaw,Active,,"$1,574.90",
Data Network Solutions,,,,"October 13, 2024 8:00 PM (EDT)",,Katerra Stephenson-Greenwood,"$1,828.79","$1,948.29",DATANETWORKSOLUTIONS,DATANETWORKSOLUTIONS,"October 12, 2025 8:00 PM (EDT)","October 13, 2024 8:00 PM (EDT)",21072,,,"April 16, 2026",,June 2026 retention import from Cohort_Jun26_wo_Payments_7.6.26---70f34bf5-b8e8-4d81-9703-88d2102c7435.xlsx; product-level MRR loaded.,$0.00,$0.00,$0.00,,,Billing,Active,,$0.00,
"Xact Communications, LLC",,,,"December 31, 2013 7:00 PM (EST)",,,"$2,507.53","$1,506.48",XACT,XACT,"January 27, 2026 7:00 PM (EST)","January 27, 2023 7:00 PM (EST)",1041,,,"January 15, 2026","May 29, 2026",June 2026 retention import from Cohort_Jun26_wo_Payments_7.6.26---70f34bf5-b8e8-4d81-9703-88d2102c7435.xlsx; product-level MRR loaded.,$0.00,$0.00,$55.85,,,"Billing, Payments",Active,,$0.00,
Lightning Technologies LLC,,,,"September 9, 2026 3:18 AM (EDT)",jacob.williams,Justin Lee,"$1,608.97",$0.00,,,"September 9, 2026 3:18 AM (EDT)","September 9, 2026 3:18 AM (EDT)",22540,,,"August 14, 2025",,June 2026 retention import from Cohort_Jun26_wo_Payments_7.6.26---70f34bf5-b8e8-4d81-9703-88d2102c7435.xlsx; product-level MRR loaded.,$0.00,$0.00,$0.00,,,Tigerpaw,Active,,"$1,537.24",
AA LOCK & ALARM INC.,,,,,,,$0.00,$0.00,,,,,22568,,,,,June 2026 retention import from Cohort_Jun26_wo_Payments_7.6.26---70f34bf5-b8e8-4d81-9703-88d2102c7435.xlsx; product-level MRR loaded.,$0.00,$0.00,$0.00,,,Tigerpaw,Churned,,$0.00,
"Delaware Audio Visual Integration & Design, LLC",,,,"September 9, 2026 3:19 AM (EDT)",,,"$1,011.15",$0.00,,,"September 9, 2026 3:19 AM (EDT)","September 9, 2026 3:19 AM (EDT)",22307,,,,,June 2026 retention import from Cohort_Jun26_wo_Payments_7.6.26---70f34bf5-b8e8-4d81-9703-88d2102c7435.xlsx; product-level MRR loaded.,$0.00,$0.00,$0.00,,,Tigerpaw,Active,,"$1,011.15",
EMW,,,,"May 15, 2024 8:00 PM (EDT)",,Jakob Champion,"$1,516.46",$0.00,EMW,EMW,"May 18, 2027 8:00 PM (EDT)","May 19, 2025 8:00 PM (EDT)",21056,,,,,June 2026 retention import from Cohort_Jun26_wo_Payments_7.6.26---70f34bf5-b8e8-4d81-9703-88d2102c7435.xlsx; product-level MRR loaded.,"$1,500.00",$0.00,$0.00,,,Odin,Active,,$0.00,
"DSI Distributing, Inc",,,,"August 26, 2025 8:00 PM (EDT)",,,"$1,535.31","$1,508.91",DSISYSTEMS,DSISYSTEMS,"August 25, 2028 8:00 PM (EDT)","August 26, 2025 8:00 PM (EDT)",21981,,,,,June 2026 retention import from Cohort_Jun26_wo_Payments_7.6.26---70f34bf5-b8e8-4d81-9703-88d2102c7435.xlsx; product-level MRR loaded.,$0.00,$0.00,$0.00,,,Billing,Active,,$0.00,
One Stop Telecom,,,,"October 30, 2024 8:00 PM (EDT)",,Jakob Champion,"$1,699.80","$1,519.27",Onestop,Onestop,"July 30, 2028 8:00 PM (EDT)","July 31, 2026 8:00 PM (EDT)",21954,,,"December 6, 2024",,June 2026 retention import from Cohort_Jun26_wo_Payments_7.6.26---70f34bf5-b8e8-4d81-9703-88d2102c7435.xlsx; product-level MRR loaded.,$0.00,$0.00,$141.91,,,Billing,Active,,$0.00,
"Inbound, Inc.",,,,"March 9, 2025 8:00 PM (EDT)",,Justin Lee,"$1,382.93","$1,375.35",INBOUNDINC,INBOUNDINC,"March 8, 2028 7:00 PM (EST)","March 9, 2025 8:00 PM (EDT)",21970,,,"May 7, 2026",,June 2026 retention import from Cohort_Jun26_wo_Payments_7.6.26---70f34bf5-b8e8-4d81-9703-88d2102c7435.xlsx; product-level MRR loaded.,$0.00,$0.00,$800.68,,,Billing,Active,,$0.00,
Exact IT Consulting,,,,"June 30, 2025 8:00 PM (EDT)",,Patrick Davies,"$1,856.68","$1,504.49",EXACTIT,EXACTIT,"June 29, 2028 8:00 PM (EDT)","June 30, 2025 8:00 PM (EDT)",21982,,,,,June 2026 retention import from Cohort_Jun26_wo_Payments_7.6.26---70f34bf5-b8e8-4d81-9703-88d2102c7435.xlsx; product-level MRR loaded.,$0.00,$0.00,$0.00,,,Billing,Active,,$0.00,
Dividia,,,,"September 9, 2026 3:19 AM (EDT)",Olivia Sandefur,Ingrid Beard,"$1,396.53",$0.00,DIVIDIAPSA,DIVIDIAPSA,"September 9, 2026 3:19 AM (EDT)","July 15, 2026 8:00 PM (EDT)",22384,,,"July 9, 2026",,June 2026 retention import from Cohort_Jun26_wo_Payments_7.6.26---70f34bf5-b8e8-4d81-9703-88d2102c7435.xlsx; product-level MRR loaded.,$0.00,$0.00,$0.00,,,"PSA Web, Tigerpaw",Active,,"$1,504.80",
Communication Network Corp,,,,"September 9, 2026 3:18 AM (EDT)",rinor.berisha,Justin Lee,"$1,607.52",$0.00,,,"September 9, 2026 3:18 AM (EDT)","September 9, 2026 3:18 AM (EDT)",22667,,,"May 1, 2024",,June 2026 retention import from Cohort_Jun26_wo_Payments_7.6.26---70f34bf5-b8e8-4d81-9703-88d2102c7435.xlsx; product-level MRR loaded.,$0.00,$0.00,$0.00,,,Tigerpaw,Active,,"$1,607.52",
Infrastructure Technology Solutions,,,,"September 9, 2026 3:19 AM (EDT)",rinor.berisha,Jakob Champion,"$1,501.00",$0.00,,,"September 9, 2026 3:19 AM (EDT)","September 9, 2026 3:19 AM (EDT)",22292,,,"May 11, 2026",,June 2026 retention import from Cohort_Jun26_wo_Payments_7.6.26---70f34bf5-b8e8-4d81-9703-88d2102c7435.xlsx; product-level MRR loaded.,$0.00,$0.00,$0.00,,,Tigerpaw,Active,,"$1,501.00",
"Innovative Telephone & Data Solutions, LLC",,,,"September 9, 2026 3:18 AM (EDT)",rinor.berisha,Justin Lee,"$1,700.20",$0.00,,,"September 9, 2026 3:18 AM (EDT)","September 9, 2026 3:18 AM (EDT)",22318,,,"September 26, 2024",,June 2026 retention import from Cohort_Jun26_wo_Payments_7.6.26---70f34bf5-b8e8-4d81-9703-88d2102c7435.xlsx; product-level MRR loaded.,$0.00,$0.00,$0.00,,,Tigerpaw,Active,,"$1,647.80",
Third Generation of Pennsylvania,,,,"September 9, 2026 3:19 AM (EDT)",,Ingrid Beard,"$1,500.00","$1,500.00",THIRDGENERATIONOFPENNSYLVANIA,THIRDGENERATIONOFPENNSYLVANIA,"September 9, 2026 3:19 AM (EDT)","September 9, 2026 3:19 AM (EDT)",21972,,,,,June 2026 retention import from Cohort_Jun26_wo_Payments_7.6.26---70f34bf5-b8e8-4d81-9703-88d2102c7435.xlsx; product-level MRR loaded.,$0.00,$0.00,-$1.19,,,Billing,Active,,$0.00,
Xclutel LLC,,,,"April 27, 2026 8:00 PM (EDT)",Ryan Burton,,"$4,030.95","$3,554.34","PSAXCLUTELPSA, XCLUTEL","PSAXCLUTELPSA, XCLUTEL","April 27, 2029 8:00 PM (EDT)","April 27, 2026 8:00 PM (EDT)",22962,,,,,June 2026 retention import from Cohort_Jun26_wo_Payments_7.6.26---70f34bf5-b8e8-4d81-9703-88d2102c7435.xlsx; product-level MRR loaded.,$0.00,$0.00,$0.00,,,"Billing, PSA Web, Tigerpaw",Active,,$0.00,
TRM Inc,,,,"September 9, 2026 3:19 AM (EDT)",Sarah McGovern,Ingrid Beard,"$1,475.24",$0.00,TRMINCPSAPSA,TRMINCPSAPSA,"September 9, 2026 3:19 AM (EDT)","July 27, 2026 8:00 PM (EDT)",22033,,,"June 29, 2026",,June 2026 retention import from Cohort_Jun26_wo_Payments_7.6.26---70f34bf5-b8e8-4d81-9703-88d2102c7435.xlsx; product-level MRR loaded.,$0.00,$0.00,$0.00,,,"PSA Web, Tigerpaw",Active,,"$1,602.86",
Netcom Management Group LLC,,,,"September 9, 2026 3:19 AM (EDT)",,,"$1,493.57","$1,511.19",NETCOM,NETCOM,"September 24, 2024 8:00 PM (EDT)","September 25, 2023 8:00 PM (EDT)",20041,,,,,June 2026 retention import from Cohort_Jun26_wo_Payments_7.6.26---70f34bf5-b8e8-4d81-9703-88d2102c7435.xlsx; product-level MRR loaded.,$0.00,$0.00,$0.00,,,Billing,Active,,$0.00,
"Revenue Management Systems, LLC",,,,"September 9, 2026 3:19 AM (EDT)",,,"$1,467.30","$1,472.42",RMS,RMS,"October 4, 2026 8:00 PM (EDT)","October 5, 2023 8:00 PM (EDT)",20044,,,,,June 2026 retention import from Cohort_Jun26_wo_Payments_7.6.26---70f34bf5-b8e8-4d81-9703-88d2102c7435.xlsx; product-level MRR loaded.,$0.00,$0.00,$0.00,,,Billing,Active,,$0.00,
Tricom Technology,,,,"January 29, 2026 7:00 PM (EST)",Rachael Buchtan,Ingrid Beard,"$1,668.91","$1,580.94","TRICOMTECHNOLOGY, TRICOMTECHNOLOGYPSA","TRICOMTECHNOLOGY, TRICOMTECHNOLOGYPSA","January 28, 2029 7:00 PM (EST)","January 29, 2026 7:00 PM (EST)",22839,,,"February 19, 2026",,June 2026 retention import from Cohort_Jun26_wo_Payments_7.6.26---70f34bf5-b8e8-4d81-9703-88d2102c7435.xlsx; product-level MRR loaded.,$0.00,$0.00,$164.96,,,"Billing, PSA Web",Active,,$0.00,
"Newport Network Solutions, Inc.",,,,"July 29, 2026 3:20 AM (EDT)",jacob.williams,,"$1,455.00",$0.00,,,"July 29, 2026 3:20 AM (EDT)","July 29, 2026 3:20 AM (EDT)",22823,,,,,June 2026 retention import from Cohort_Jun26_wo_Payments_7.6.26---70f34bf5-b8e8-4d81-9703-88d2102c7435.xlsx; product-level MRR loaded.,$0.00,$0.00,$0.00,,,Tigerpaw,Active,,"$1,455.00",
"Dominion Lock And Security, Inc.",,,,"September 9, 2026 3:19 AM (EDT)",rinor.berisha,Ingrid Beard,"$1,507.77",$0.00,,,"September 9, 2026 3:19 AM (EDT)","September 9, 2026 3:19 AM (EDT)",22208,,,,,June 2026 retention import from Cohort_Jun26_wo_Payments_7.6.26---70f34bf5-b8e8-4d81-9703-88d2102c7435.xlsx; product-level MRR loaded.,$0.00,$0.00,$0.00,,,Tigerpaw,Active,,"$1,452.30",
Romeo Computer Company Inc.,,,,"September 9, 2026 3:19 AM (EDT)",jacob.williams,Ingrid Beard,"$1,433.20",$0.00,,,"September 9, 2026 3:19 AM (EDT)","September 9, 2026 3:19 AM (EDT)",22711,,,,,June 2026 retention import from Cohort_Jun26_wo_Payments_7.6.26---70f34bf5-b8e8-4d81-9703-88d2102c7435.xlsx; product-level MRR loaded.,$0.00,$0.00,$0.00,,,Tigerpaw,Active,,"$1,433.20",
Audio-Video Corporation,,,,"September 9, 2026 3:18 AM (EDT)",rinor.berisha,Jakob Champion,"$1,522.78",$0.00,,,"September 9, 2026 3:18 AM (EDT)","September 9, 2026 3:18 AM (EDT)",22251,,,"May 29, 2026",,June 2026 retention import from Cohort_Jun26_wo_Payments_7.6.26---70f34bf5-b8e8-4d81-9703-88d2102c7435.xlsx; product-level MRR loaded.,$0.00,$0.00,$0.00,,,Tigerpaw,Active,,"$1,522.78",
Technology Unlimited,,,,"September 9, 2026 3:19 AM (EDT)",Sarah McGovern,Ingrid Beard,"$1,414.66",$0.00,,,"September 9, 2026 3:19 AM (EDT)","September 9, 2026 3:19 AM (EDT)",22660,,,"December 3, 2025",,June 2026 retention import from Cohort_Jun26_wo_Payments_7.6.26---70f34bf5-b8e8-4d81-9703-88d2102c7435.xlsx; product-level MRR loaded.,$0.00,$0.00,$0.00,,,Tigerpaw,Active,,"$1,414.66",
"Southern Computer Systems, Inc dba Cyber Technology Secuirty",,,,"September 9, 2026 3:19 AM (EDT)",Sarah McGovern,,"$1,412.40",$0.00,,,"September 9, 2026 3:19 AM (EDT)","September 9, 2026 3:19 AM (EDT)",22707,,,,,June 2026 retention import from Cohort_Jun26_wo_Payments_7.6.26---70f34bf5-b8e8-4d81-9703-88d2102c7435.xlsx; product-level MRR loaded.,$0.00,$0.00,$0.00,,,Tigerpaw,Active,,"$1,412.40",
IntegraServ,,,,"September 9, 2026 3:19 AM (EDT)",jacob.williams,Ingrid Beard,"$1,429.56",$0.00,,,"September 9, 2026 3:19 AM (EDT)","September 9, 2026 3:19 AM (EDT)",22685,,,,,June 2026 retention import from Cohort_Jun26_wo_Payments_7.6.26---70f34bf5-b8e8-4d81-9703-88d2102c7435.xlsx; product-level MRR loaded.,$0.00,$0.00,$0.00,,,Tigerpaw,Active,,"$1,429.56",
ITNS,,,,"March 28, 2024 8:00 PM (EDT)",,Justin Lee,"$1,442.28","$1,432.03",ITNS,ITNS,"March 27, 2027 8:00 PM (EDT)","March 28, 2024 8:00 PM (EDT)",21047,,,,,June 2026 retention import from Cohort_Jun26_wo_Payments_7.6.26---70f34bf5-b8e8-4d81-9703-88d2102c7435.xlsx; product-level MRR loaded.,$0.00,$0.00,$0.00,,,Billing,Active,,$0.00,
Kerr Controls Inc.,,,,"September 9, 2026 3:20 AM (EDT)",,Katerra Stephenson-Greenwood,$806.40,$0.00,,,"September 9, 2026 3:20 AM (EDT)","September 9, 2026 3:20 AM (EDT)",22414,,,"September 24, 2025",,June 2026 retention import from Cohort_Jun26_wo_Payments_7.6.26---70f34bf5-b8e8-4d81-9703-88d2102c7435.xlsx; product-level MRR loaded.,$0.00,$0.00,$0.00,,,Tigerpaw,Active,,"$1,419.21",
Technical Solutions,,,,"September 9, 2026 3:19 AM (EDT)",,Ingrid Beard,"$1,389.20",$0.00,,,"September 9, 2026 3:19 AM (EDT)","September 9, 2026 3:19 AM (EDT)",22674,,,,,June 2026 retention import from Cohort_Jun26_wo_Payments_7.6.26---70f34bf5-b8e8-4d81-9703-88d2102c7435.xlsx; product-level MRR loaded.,$0.00,$0.00,$0.00,,,Tigerpaw,Active,,"$1,389.20",
"Dynamix Labs, Inc",,,,"September 9, 2026 3:19 AM (EDT)",Rachael Buchtan,,"$1,413.31","$1,450.11","20056, DYNAMIX","20056, DYNAMIX","August 5, 2026 8:00 PM (EDT)","August 6, 2023 8:00 PM (EDT)",20056,,,,,June 2026 retention import from Cohort_Jun26_wo_Payments_7.6.26---70f34bf5-b8e8-4d81-9703-88d2102c7435.xlsx; product-level MRR loaded.,$0.00,$0.00,$0.00,,,Billing,Active,,$0.00,
Global Data Systems,,,,"September 9, 2026 3:19 AM (EDT)",,,"$1,515.60",,GLOBALDATASYSTEMS,GLOBALDATASYSTEMS,"September 9, 2026 3:19 AM (EDT)","September 9, 2026 3:19 AM (EDT)",22997,,,,,,,,,,,Billing,,,,
Marcotek LLC,,,,"June 29, 2026 1:02 PM (EDT)",,,$0.00,$0.00,,,"June 29, 2026 1:02 PM (EDT)","June 29, 2026 1:02 PM (EDT)",22586,,,,,June 2026 retention import from Cohort_Jun26_wo_Payments_7.6.26---70f34bf5-b8e8-4d81-9703-88d2102c7435.xlsx; product-level MRR loaded.,$0.00,$0.00,$0.00,,,"Payments, Tigerpaw",Churned,,$0.00,
"Uptime Electronics, Inc.",,,,"September 9, 2026 3:19 AM (EDT)",Sarah McGovern,Katerra Stephenson-Greenwood,"$1,373.88",$0.00,,,"September 9, 2026 3:19 AM (EDT)","September 9, 2026 3:19 AM (EDT)",22119,,,,,June 2026 retention import from Cohort_Jun26_wo_Payments_7.6.26---70f34bf5-b8e8-4d81-9703-88d2102c7435.xlsx; product-level MRR loaded.,$0.00,$0.00,$0.00,,,Tigerpaw,Active,,"$1,373.88",
"Global Data Technologies, Inc.",,,,"June 19, 2025 8:00 PM (EDT)",,,"$1,271.06",$921.31,GLOBALDATATECH,GLOBALDATATECH,"June 10, 2029 8:00 PM (EDT)","June 11, 2026 8:00 PM (EDT)",21987,,,,,June 2026 retention import from Cohort_Jun26_wo_Payments_7.6.26---70f34bf5-b8e8-4d81-9703-88d2102c7435.xlsx; product-level MRR loaded.,$0.00,$0.00,$61.41,,,Billing,Active,,$0.00,
Anderson Pump Service,,,,"September 9, 2026 3:19 AM (EDT)",Sarah McGovern,Justin Lee,"$1,433.44",$0.00,,,"September 9, 2026 3:19 AM (EDT)","September 9, 2026 3:19 AM (EDT)",22011,,,,,June 2026 retention import from Cohort_Jun26_wo_Payments_7.6.26---70f34bf5-b8e8-4d81-9703-88d2102c7435.xlsx; product-level MRR loaded.,$0.00,$0.00,$0.00,,,Tigerpaw,Active,,"$1,433.44",
NRM Communications,,,,"February 28, 2024 7:00 PM (EST)",,Jakob Champion,"$1,408.24","$1,404.88",NRMCOMM,NRMCOMM,"February 27, 2027 7:00 PM (EST)","February 28, 2024 7:00 PM (EST)",21045,,,"February 2, 2026",,June 2026 retention import from Cohort_Jun26_wo_Payments_7.6.26---70f34bf5-b8e8-4d81-9703-88d2102c7435.xlsx; product-level MRR loaded.,$0.00,$0.00,$0.00,,,Billing,Active,,$0.00,
"McElheney Security Solutions, Inc.",,,,"September 9, 2026 3:19 AM (EDT)",,Katerra Stephenson-Greenwood,"$1,348.20",$0.00,,,"September 9, 2026 3:19 AM (EDT)","September 9, 2026 3:19 AM (EDT)",22596,,,,,June 2026 retention import from Cohort_Jun26_wo_Payments_7.6.26---70f34bf5-b8e8-4d81-9703-88d2102c7435.xlsx; product-level MRR loaded.,$0.00,$0.00,$0.00,,,Tigerpaw,Active,,"$1,348.20",
"Eastern Fire & Safety, LLC",,,,"September 9, 2026 3:19 AM (EDT)",,Justin Lee,"$1,413.64",$0.00,,,"September 9, 2026 3:19 AM (EDT)","September 9, 2026 3:19 AM (EDT)",22301,,,"March 7, 2024",,June 2026 retention import from Cohort_Jun26_wo_Payments_7.6.26---70f34bf5-b8e8-4d81-9703-88d2102c7435.xlsx; product-level MRR loaded.,$0.00,$0.00,$0.00,,,Tigerpaw,Active,,"$1,413.64",
Managed Technology,,,,"September 9, 2026 3:19 AM (EDT)",Sarah McGovern,Ingrid Beard,"$1,343.00",$0.00,,,"September 9, 2026 3:19 AM (EDT)","September 9, 2026 3:19 AM (EDT)",22236,,,,,June 2026 retention import from Cohort_Jun26_wo_Payments_7.6.26---70f34bf5-b8e8-4d81-9703-88d2102c7435.xlsx; product-level MRR loaded.,$0.00,$0.00,$0.00,,,Tigerpaw,Active,,"$1,343.00",
CCPlus,,,,"September 9, 2026 3:19 AM (EDT)",Sarah McGovern,Katerra Stephenson-Greenwood,"$1,343.00",$0.00,,,"September 9, 2026 3:19 AM (EDT)","September 9, 2026 3:19 AM (EDT)",22186,,,"August 6, 2025",,June 2026 retention import from Cohort_Jun26_wo_Payments_7.6.26---70f34bf5-b8e8-4d81-9703-88d2102c7435.xlsx; product-level MRR loaded.,$0.00,$0.00,$490.98,,,Tigerpaw,Active,,"$1,343.00",
"Accurate Security Pros, Inc.",,,,"September 9, 2026 3:19 AM (EDT)",Sarah McGovern,Jakob Champion,"$1,342.26",$0.00,,,"September 9, 2026 3:19 AM (EDT)","September 9, 2026 3:19 AM (EDT)",22433,,,"May 12, 2026",,June 2026 retention import from Cohort_Jun26_wo_Payments_7.6.26---70f34bf5-b8e8-4d81-9703-88d2102c7435.xlsx; product-level MRR loaded.,$0.00,$0.00,$0.00,,,Tigerpaw,Active,,"$1,342.26",
Home Technology Experts,,,,"September 9, 2026 3:19 AM (EDT)",jacob.williams,Katerra Stephenson-Greenwood,"$1,435.94",$0.00,,,"September 9, 2026 3:19 AM (EDT)","September 9, 2026 3:19 AM (EDT)",22189,,,,,June 2026 retention import from Cohort_Jun26_wo_Payments_7.6.26---70f34bf5-b8e8-4d81-9703-88d2102c7435.xlsx; product-level MRR loaded.,$0.00,$0.00,$0.00,,,Tigerpaw,Active,,"$1,435.94",
Access 2 Networks Toronto,,,,"September 9, 2026 3:19 AM (EDT)",Sarah McGovern,,"$1,336.00",$0.00,,,"September 9, 2026 3:19 AM (EDT)","September 9, 2026 3:19 AM (EDT)",22331,,,,,June 2026 retention import from Cohort_Jun26_wo_Payments_7.6.26---70f34bf5-b8e8-4d81-9703-88d2102c7435.xlsx; product-level MRR loaded.,$0.00,$0.00,$0.00,,,Tigerpaw,Active,,"$1,336.00",
Network Datacom Solutions,,,,"September 9, 2026 3:19 AM (EDT)",,Jakob Champion,"$1,344.96",$0.00,NETWORKDATACOMSOLUTPSA,NETWORKDATACOMSOLUTPSA,"September 9, 2026 3:19 AM (EDT)","August 5, 2026 8:00 PM (EDT)",22381,,,,,June 2026 retention import from Cohort_Jun26_wo_Payments_7.6.26---70f34bf5-b8e8-4d81-9703-88d2102c7435.xlsx; product-level MRR loaded.,$0.00,$0.00,$0.00,,,"PSA Web, Tigerpaw",Active,,"$1,344.96",
ECI-Empire Communications,,,,"September 9, 2026 3:19 AM (EDT)",Sarah McGovern,Ingrid Beard,"$1,354.50",$0.00,,,"September 9, 2026 3:19 AM (EDT)","September 9, 2026 3:19 AM (EDT)",22153,,,"July 18, 2024",,June 2026 retention import from Cohort_Jun26_wo_Payments_7.6.26---70f34bf5-b8e8-4d81-9703-88d2102c7435.xlsx; product-level MRR loaded.,$0.00,$0.00,$0.00,,,Tigerpaw,Active,,"$1,424.25",
Bri-Tech Inc.,,,,"September 9, 2026 3:19 AM (EDT)",,Katerra Stephenson-Greenwood,"$1,318.72",$0.00,,,"September 9, 2026 3:19 AM (EDT)","September 9, 2026 3:19 AM (EDT)",22048,,,"August 15, 2024",,June 2026 retention import from Cohort_Jun26_wo_Payments_7.6.26---70f34bf5-b8e8-4d81-9703-88d2102c7435.xlsx; product-level MRR loaded.,$0.00,$0.00,$0.00,,,Tigerpaw,Active,,"$1,318.72",
BCS Voice and Data,,,,"September 9, 2026 3:19 AM (EDT)",Sarah McGovern,Jakob Champion,"$1,373.88",$0.00,,,"September 9, 2026 3:19 AM (EDT)","September 9, 2026 3:19 AM (EDT)",22749,,,"July 9, 2026",,June 2026 retention import from Cohort_Jun26_wo_Payments_7.6.26---70f34bf5-b8e8-4d81-9703-88d2102c7435.xlsx; product-level MRR loaded.,$0.00,$0.00,$0.00,,,Tigerpaw,Active,,"$1,373.88",
M&L Technical Systems,,,,"September 9, 2026 3:19 AM (EDT)",,Katerra Stephenson-Greenwood,"$1,398.62",$0.00,,,"September 9, 2026 3:19 AM (EDT)","September 9, 2026 3:19 AM (EDT)",22080,,,,,June 2026 retention import from Cohort_Jun26_wo_Payments_7.6.26---70f34bf5-b8e8-4d81-9703-88d2102c7435.xlsx; product-level MRR loaded.,$0.00,$0.00,$0.00,,,Tigerpaw,Active,,"$1,314.75",
The Computer Store,,,,"September 9, 2026 3:19 AM (EDT)",,Jakob Champion,"$1,361.54",$0.00,,,"September 9, 2026 3:19 AM (EDT)","September 9, 2026 3:19 AM (EDT)",22693,,,,,June 2026 retention import from Cohort_Jun26_wo_Payments_7.6.26---70f34bf5-b8e8-4d81-9703-88d2102c7435.xlsx; product-level MRR loaded.,$0.00,$0.00,$0.00,,,Tigerpaw,Active,,"$1,361.54",
Sentenia Systems,,,,"September 9, 2026 3:19 AM (EDT)",,Justin Lee,"$1,343.00",$0.00,,,"September 9, 2026 3:19 AM (EDT)","September 9, 2026 3:19 AM (EDT)",22648,,,,,June 2026 retention import from Cohort_Jun26_wo_Payments_7.6.26---70f34bf5-b8e8-4d81-9703-88d2102c7435.xlsx; product-level MRR loaded.,$0.00,$0.00,$0.00,,,Tigerpaw,Active,,"$1,343.00",
Universal Systems,,,,"September 9, 2026 3:19 AM (EDT)",,Katerra Stephenson-Greenwood,"$1,273.80",$0.00,,,"September 9, 2026 3:19 AM (EDT)","September 9, 2026 3:19 AM (EDT)",22194,,,"November 27, 2024",,June 2026 retention import from Cohort_Jun26_wo_Payments_7.6.26---70f34bf5-b8e8-4d81-9703-88d2102c7435.xlsx; product-level MRR loaded.,$0.00,$0.00,$220.97,,,Tigerpaw,Active,,"$1,273.80",
Beacon Telecom Inc,,,,"September 9, 2026 3:19 AM (EDT)",,,"$1,335.66",$0.00,,,"September 9, 2026 3:19 AM (EDT)","September 9, 2026 3:19 AM (EDT)",22746,,,,,June 2026 retention import from Cohort_Jun26_wo_Payments_7.6.26---70f34bf5-b8e8-4d81-9703-88d2102c7435.xlsx; product-level MRR loaded.,$0.00,$0.00,$0.00,,,Tigerpaw,Active,,"$1,335.66",
"Circle Industries, Inc.",,,,"September 9, 2026 3:19 AM (EDT)",,Jakob Champion,"$1,268.20",$0.00,,,"September 9, 2026 3:19 AM (EDT)","September 9, 2026 3:19 AM (EDT)",22263,,,,,June 2026 retention import from Cohort_Jun26_wo_Payments_7.6.26---70f34bf5-b8e8-4d81-9703-88d2102c7435.xlsx; product-level MRR loaded.,$0.00,$0.00,$0.00,,,Tigerpaw,Active,,"$1,268.20",
"Metropolitan Telephone Co., Inc.",,,,"September 9, 2026 3:20 AM (EDT)",,,$935.00,$0.00,,,"September 9, 2026 3:20 AM (EDT)","September 9, 2026 3:20 AM (EDT)",22774,,,"June 15, 2026",,June 2026 retention import from Cohort_Jun26_wo_Payments_7.6.26---70f34bf5-b8e8-4d81-9703-88d2102c7435.xlsx; product-level MRR loaded.,$0.00,$0.00,$0.00,,,Tigerpaw,Active,,$935.00,
TDS-Phone,,,,"September 9, 2026 3:19 AM (EDT)",,Katerra Stephenson-Greenwood,"$1,264.00",$0.00,,,"September 9, 2026 3:19 AM (EDT)","September 9, 2026 3:19 AM (EDT)",22392,,,"June 25, 2026",,June 2026 retention import from Cohort_Jun26_wo_Payments_7.6.26---70f34bf5-b8e8-4d81-9703-88d2102c7435.xlsx; product-level MRR loaded.,$0.00,$0.00,$0.00,,,Tigerpaw,Active,,"$1,264.00",
CRC Communications Limited,,,,"September 9, 2026 3:19 AM (EDT)",,Ingrid Beard,"$1,325.64",$0.00,,,"September 9, 2026 3:19 AM (EDT)","September 9, 2026 3:19 AM (EDT)",22003,,,"July 6, 2026",,June 2026 retention import from Cohort_Jun26_wo_Payments_7.6.26---70f34bf5-b8e8-4d81-9703-88d2102c7435.xlsx; product-level MRR loaded.,$0.00,$0.00,$0.00,,,Tigerpaw,Active,,"$1,261.85",
Rosenwach Group,,,,"September 9, 2026 3:19 AM (EDT)",,Justin Lee,"$1,323.00",$0.00,,,"September 9, 2026 3:19 AM (EDT)","September 9, 2026 3:19 AM (EDT)",22116,,,"April 17, 2024",,June 2026 retention import from Cohort_Jun26_wo_Payments_7.6.26---70f34bf5-b8e8-4d81-9703-88d2102c7435.xlsx; product-level MRR loaded.,$0.00,$0.00,$0.00,,,Tigerpaw,Active,,"$1,323.00",
Integrated Communications,,,,"September 9, 2026 3:19 AM (EDT)",,Jakob Champion,"$1,259.39",$0.00,,,"September 9, 2026 3:19 AM (EDT)","September 9, 2026 3:19 AM (EDT)",22076,,,,,June 2026 retention import from Cohort_Jun26_wo_Payments_7.6.26---70f34bf5-b8e8-4d81-9703-88d2102c7435.xlsx; product-level MRR loaded.,$0.00,$0.00,$0.00,,,Tigerpaw,Active,,"$1,259.39",
Computer World Inc,,,,"September 9, 2026 3:19 AM (EDT)",,Justin Lee,"$1,251.90",$0.00,,,"September 9, 2026 3:19 AM (EDT)","September 9, 2026 3:19 AM (EDT)",22111,,,"May 15, 2026",,June 2026 retention import from Cohort_Jun26_wo_Payments_7.6.26---70f34bf5-b8e8-4d81-9703-88d2102c7435.xlsx; product-level MRR loaded.,$0.00,$0.00,$0.00,,,Tigerpaw,Active,,"$1,251.90",
RCH Communications LLC,,,,"September 9, 2026 3:19 AM (EDT)",,,"$1,251.56",$0.00,RCHCOMMUNICATIONSPSA,RCHCOMMUNICATIONSPSA,"September 9, 2026 3:19 AM (EDT)","August 19, 2026 8:00 PM (EDT)",22166,,,,,June 2026 retention import from Cohort_Jun26_wo_Payments_7.6.26---70f34bf5-b8e8-4d81-9703-88d2102c7435.xlsx; product-level MRR loaded.,$0.00,$0.00,$7.01,,,"PSA Web, Tigerpaw",Active,,"$1,251.56",
Exabar Telecom,,,,"July 28, 2026 8:00 PM (EDT)",,Jakob Champion,$600.41,,EXABARTELECOM,EXABARTELECOM,"July 27, 2029 8:00 PM (EDT)","July 28, 2026 8:00 PM (EDT)",23009,,,,,,,,,,,Billing,,,,
Eastern American Data / Voice Inc.,,,,"September 9, 2026 3:19 AM (EDT)",Sarah McGovern,Katerra Stephenson-Greenwood,"$1,297.93",$0.00,,,"September 9, 2026 3:19 AM (EDT)","September 9, 2026 3:19 AM (EDT)",22758,,,"March 23, 2026",,June 2026 retention import from Cohort_Jun26_wo_Payments_7.6.26---70f34bf5-b8e8-4d81-9703-88d2102c7435.xlsx; product-level MRR loaded.,$0.00,$0.00,$0.00,,,Tigerpaw,Active,,"$1,239.72",
Telephone Communications Inc,,,,"September 9, 2026 3:19 AM (EDT)",,Justin Lee,"$1,279.08",$0.00,,,"September 9, 2026 3:19 AM (EDT)","September 9, 2026 3:19 AM (EDT)",22037,,,"July 2, 2026",,June 2026 retention import from Cohort_Jun26_wo_Payments_7.6.26---70f34bf5-b8e8-4d81-9703-88d2102c7435.xlsx; product-level MRR loaded.,$0.00,$0.00,$0.00,,,Tigerpaw,Active,,"$1,279.08",
CONDOR,,,,"September 9, 2026 3:23 AM (EDT)",,Jakob Champion,$8.46,"$1,174.77",CONDOR,CONDOR,"February 26, 2015 7:00 PM (EST)","February 26, 2008 7:00 PM (EST)",21027,,,"February 19, 2026",,June 2026 retention import from Cohort_Jun26_wo_Payments_7.6.26---70f34bf5-b8e8-4d81-9703-88d2102c7435.xlsx; product-level MRR loaded.,$0.00,$0.00,$0.00,,,Billing,Active,,$0.00,
Fire Team Security,,,,"September 9, 2026 3:19 AM (EDT)",Olivia Sandefur,,"$1,295.00",$0.00,FIRETEAMSECURITYPSA,FIRETEAMSECURITYPSA,"September 9, 2026 3:19 AM (EDT)","April 8, 2026 8:00 PM (EDT)",22360,,,,,June 2026 retention import from Cohort_Jun26_wo_Payments_7.6.26---70f34bf5-b8e8-4d81-9703-88d2102c7435.xlsx; product-level MRR loaded.,$0.00,$0.00,$35.14,,,"PSA Web, Tigerpaw",Active,,$0.00,
Intelligent Power Solutions,,,,"September 9, 2026 3:19 AM (EDT)",rinor.berisha,Katerra Stephenson-Greenwood,"$1,209.50",$0.00,,,"September 9, 2026 3:19 AM (EDT)","September 9, 2026 3:19 AM (EDT)",22196,,,"August 26, 2025",,June 2026 retention import from Cohort_Jun26_wo_Payments_7.6.26---70f34bf5-b8e8-4d81-9703-88d2102c7435.xlsx; product-level MRR loaded.,$0.00,$0.00,$0.00,,,Tigerpaw,Active,,"$1,209.50",
Data Smart Computers Inc,,,,"September 9, 2026 3:19 AM (EDT)",Sarah McGovern,Jakob Champion,"$1,343.92",$0.00,,,"September 9, 2026 3:19 AM (EDT)","September 9, 2026 3:19 AM (EDT)",22145,,,"July 3, 2025",,June 2026 retention import from Cohort_Jun26_wo_Payments_7.6.26---70f34bf5-b8e8-4d81-9703-88d2102c7435.xlsx; product-level MRR loaded.,$0.00,$0.00,$164.07,,,Tigerpaw,Active,,"$1,284.00",
C&W Technologies,,,,"September 9, 2026 3:19 AM (EDT)",,Justin Lee,"$1,203.84",$0.00,,,"September 9, 2026 3:19 AM (EDT)","September 9, 2026 3:19 AM (EDT)",22321,,,"August 26, 2024",,June 2026 retention import from Cohort_Jun26_wo_Payments_7.6.26---70f34bf5-b8e8-4d81-9703-88d2102c7435.xlsx; product-level MRR loaded.,$0.00,$0.00,$0.00,,,Tigerpaw,Active,,"$1,203.84",
Genesis Computers,,,,"September 9, 2026 3:19 AM (EDT)",,Ingrid Beard,"$1,229.16",$0.00,,,"September 9, 2026 3:19 AM (EDT)","September 9, 2026 3:19 AM (EDT)",22110,,,"July 24, 2024",,June 2026 retention import from Cohort_Jun26_wo_Payments_7.6.26---70f34bf5-b8e8-4d81-9703-88d2102c7435.xlsx; product-level MRR loaded.,$0.00,$0.00,$0.00,,,Tigerpaw,Active,,"$1,229.16",
United Systems Inc,,,,"September 9, 2026 3:19 AM (EDT)",Sarah McGovern,Justin Lee,"$1,227.65",$0.00,,,"September 9, 2026 3:19 AM (EDT)","September 9, 2026 3:19 AM (EDT)",22798,,,,,June 2026 retention import from Cohort_Jun26_wo_Payments_7.6.26---70f34bf5-b8e8-4d81-9703-88d2102c7435.xlsx; product-level MRR loaded.,$0.00,$0.00,$59.18,,,Tigerpaw,Active,,"$1,227.65",
CREG Systems Corp,,,,"September 9, 2026 3:19 AM (EDT)",Sarah McGovern,Katerra Stephenson-Greenwood,"$1,254.15",$0.00,,,"September 9, 2026 3:19 AM (EDT)","September 9, 2026 3:19 AM (EDT)",22755,,,,,June 2026 retention import from Cohort_Jun26_wo_Payments_7.6.26---70f34bf5-b8e8-4d81-9703-88d2102c7435.xlsx; product-level MRR loaded.,$0.00,$0.00,$0.00,,,Tigerpaw,Active,,"$1,254.15",
USPBX Communications,,,,"June 8, 2026 8:00 PM (EDT)",,,"$2,146.41",,"USPBXCOMMUNICATIONS, USPBXCOMMUNICATIONSPSA","USPBXCOMMUNICATIONS, USPBXCOMMUNICATIONSPSA","June 7, 2029 8:00 PM (EDT)","June 8, 2026 8:00 PM (EDT)",23028,,,,,,,,,,,"Billing, PSA Web",,,,
Maverick Networks,,,,"September 9, 2026 3:19 AM (EDT)",,Ingrid Beard,"$1,191.58",$0.00,,,"September 9, 2026 3:19 AM (EDT)","September 9, 2026 3:19 AM (EDT)",22150,,,"November 9, 2023",,June 2026 retention import from Cohort_Jun26_wo_Payments_7.6.26---70f34bf5-b8e8-4d81-9703-88d2102c7435.xlsx; product-level MRR loaded.,$0.00,$0.00,$0.00,,,Tigerpaw,Active,,"$1,191.58",
VTi Communications,,,,"January 11, 2026 7:00 PM (EST)",,Jakob Champion,$922.85,$925.20,VTICOMMUNICATIONS,VTICOMMUNICATIONS,"January 10, 2029 7:00 PM (EST)","January 11, 2026 7:00 PM (EST)",22936,,,,,June 2026 retention import from Cohort_Jun26_wo_Payments_7.6.26---70f34bf5-b8e8-4d81-9703-88d2102c7435.xlsx; product-level MRR loaded.,$0.00,$0.00,$0.00,,,Billing,Active,,$0.00,
ClearBearing,,,,"September 9, 2026 3:19 AM (EDT)",Sarah McGovern,Ingrid Beard,"$1,244.36",$0.00,,,"September 9, 2026 3:19 AM (EDT)","September 9, 2026 3:19 AM (EDT)",22280,,,,,June 2026 retention import from Cohort_Jun26_wo_Payments_7.6.26---70f34bf5-b8e8-4d81-9703-88d2102c7435.xlsx; product-level MRR loaded.,$0.00,$0.00,$0.00,,,Tigerpaw,Active,,"$1,244.36",
Goldfield Telecom LC,,,,"September 9, 2026 3:19 AM (EDT)",,,"$1,185.00",$0.00,,,"September 9, 2026 3:19 AM (EDT)","September 9, 2026 3:19 AM (EDT)",22764,,,,,June 2026 retention import from Cohort_Jun26_wo_Payments_7.6.26---70f34bf5-b8e8-4d81-9703-88d2102c7435.xlsx; product-level MRR loaded.,$0.00,$0.00,$0.00,,,Tigerpaw,Active,,"$1,185.00",
"IntelesysOne, Inc.",,,,"September 9, 2026 3:19 AM (EDT)",,,"$1,265.16",$0.00,,,"September 9, 2026 3:19 AM (EDT)","September 9, 2026 3:19 AM (EDT)",22122,,,"June 26, 2026",,June 2026 retention import from Cohort_Jun26_wo_Payments_7.6.26---70f34bf5-b8e8-4d81-9703-88d2102c7435.xlsx; product-level MRR loaded.,$0.00,$0.00,$0.00,,,Tigerpaw,Active,,"$1,265.16",
Peerless Network,,,,"September 9, 2026 3:21 AM (EDT)",Sarah McGovern,Justin Lee,$628.00,$0.00,,,"September 9, 2026 3:21 AM (EDT)","September 9, 2026 3:21 AM (EDT)",22090,,,"February 16, 2024",,June 2026 retention import from Cohort_Jun26_wo_Payments_7.6.26---70f34bf5-b8e8-4d81-9703-88d2102c7435.xlsx; product-level MRR loaded.,$0.00,$0.00,$0.00,,,Tigerpaw,Active,,$600.00,
Affiliated Telephone Inc - Plano,,,,"September 9, 2026 3:19 AM (EDT)",rinor.berisha,,"$1,180.60",$0.00,,,"September 9, 2026 3:19 AM (EDT)","September 9, 2026 3:19 AM (EDT)",22659,,,,,June 2026 retention import from Cohort_Jun26_wo_Payments_7.6.26---70f34bf5-b8e8-4d81-9703-88d2102c7435.xlsx; product-level MRR loaded.,$0.00,$0.00,$0.00,,,Tigerpaw,Active,,"$1,161.24",
BlueWire Communications,,,,"September 9, 2026 3:19 AM (EDT)",,Jakob Champion,"$1,160.54",$0.00,,,"September 9, 2026 3:19 AM (EDT)","September 9, 2026 3:19 AM (EDT)",22784,,,,,June 2026 retention import from Cohort_Jun26_wo_Payments_7.6.26---70f34bf5-b8e8-4d81-9703-88d2102c7435.xlsx; product-level MRR loaded.,$0.00,$0.00,$0.00,,,Tigerpaw,Active,,"$1,160.54",
Time Business Machines LTD.,,,,"September 9, 2026 3:19 AM (EDT)",,Katerra Stephenson-Greenwood,"$1,192.77",$0.00,,,"September 9, 2026 3:19 AM (EDT)","September 9, 2026 3:19 AM (EDT)",22089,,,,,June 2026 retention import from Cohort_Jun26_wo_Payments_7.6.26---70f34bf5-b8e8-4d81-9703-88d2102c7435.xlsx; product-level MRR loaded.,$0.00,$0.00,$0.00,,,Tigerpaw,Active,,"$1,192.77",
"QCC, Inc",,,,"September 9, 2026 3:19 AM (EDT)",,Ingrid Beard,"$1,170.32",$0.00,,,"September 9, 2026 3:19 AM (EDT)","September 9, 2026 3:19 AM (EDT)",22071,,,,,June 2026 retention import from Cohort_Jun26_wo_Payments_7.6.26---70f34bf5-b8e8-4d81-9703-88d2102c7435.xlsx; product-level MRR loaded.,$0.00,$0.00,$0.00,,,Tigerpaw,Active,,"$1,170.32",
Positive Technologies Inc,,,,"September 9, 2026 3:19 AM (EDT)",,,"$1,206.09",$0.00,,,"September 9, 2026 3:19 AM (EDT)","September 9, 2026 3:19 AM (EDT)",22100,,,"February 11, 2026",,June 2026 retention import from Cohort_Jun26_wo_Payments_7.6.26---70f34bf5-b8e8-4d81-9703-88d2102c7435.xlsx; product-level MRR loaded.,$0.00,$0.00,$0.00,,,Tigerpaw,Active,,"$1,206.09",
Computerized Business Solutions Inc.,,,,"September 9, 2026 3:23 AM (EDT)",,,$200.00,$0.00,,,"September 9, 2026 3:23 AM (EDT)","September 9, 2026 3:23 AM (EDT)",22162,,,,,June 2026 retention import from Cohort_Jun26_wo_Payments_7.6.26---70f34bf5-b8e8-4d81-9703-88d2102c7435.xlsx; product-level MRR loaded.,$0.00,$0.00,$0.00,,,Tigerpaw,Active,,$200.00,
Ameritel Voice and Data,,,,"September 9, 2026 3:20 AM (EDT)",jacob.williams,Justin Lee,$824.32,$0.00,,,"September 9, 2026 3:20 AM (EDT)","September 9, 2026 3:20 AM (EDT)",22409,,,"June 30, 2026",,June 2026 retention import from Cohort_Jun26_wo_Payments_7.6.26---70f34bf5-b8e8-4d81-9703-88d2102c7435.xlsx; product-level MRR loaded.,$0.00,$0.00,$0.00,,,Tigerpaw,Active,,$824.32,
ANI Networks,,,,"September 9, 2026 3:19 AM (EDT)",,Justin Lee,"$1,058.27",,TELRITE,TELRITE,"November 16, 2006 7:00 PM (EST)","November 17, 2005 7:00 PM (EST)",20013,,,,,,,,,,,Billing,,,,
"Ruder Electric, Inc.",,,,"September 9, 2026 3:19 AM (EDT)",,Justin Lee,"$1,133.88",$0.00,,,"September 9, 2026 3:19 AM (EDT)","September 9, 2026 3:19 AM (EDT)",22734,,,,,June 2026 retention import from Cohort_Jun26_wo_Payments_7.6.26---70f34bf5-b8e8-4d81-9703-88d2102c7435.xlsx; product-level MRR loaded.,$0.00,$0.00,$0.00,,,Tigerpaw,Active,,"$1,133.88",
Barry Communications,,,,"September 9, 2026 3:23 AM (EDT)",,Katerra Stephenson-Greenwood,$409.50,$0.00,,,"September 9, 2026 3:23 AM (EDT)","September 9, 2026 3:23 AM (EDT)",22745,,,"December 28, 2023",,June 2026 retention import from Cohort_Jun26_wo_Payments_7.6.26---70f34bf5-b8e8-4d81-9703-88d2102c7435.xlsx; product-level MRR loaded.,$0.00,$0.00,$0.00,,,Tigerpaw,Active,,$409.50,
Advanced Lighting & Sound,,,,"September 9, 2026 3:19 AM (EDT)",,Ingrid Beard,"$1,128.60",$0.00,,,"September 9, 2026 3:19 AM (EDT)","September 9, 2026 3:19 AM (EDT)",22723,,,,,June 2026 retention import from Cohort_Jun26_wo_Payments_7.6.26---70f34bf5-b8e8-4d81-9703-88d2102c7435.xlsx; product-level MRR loaded.,$0.00,$0.00,$0.00,,,Tigerpaw,Active,,"$1,128.60",
Executone Systems Co Of LA,,,,"September 9, 2026 3:19 AM (EDT)",Sarah McGovern,Ingrid Beard,"$1,128.60",$0.00,,,"September 9, 2026 3:19 AM (EDT)","September 9, 2026 3:19 AM (EDT)",22658,,,,,June 2026 retention import from Cohort_Jun26_wo_Payments_7.6.26---70f34bf5-b8e8-4d81-9703-88d2102c7435.xlsx; product-level MRR loaded.,$0.00,$0.00,$0.00,,,Tigerpaw,Active,,"$1,128.60",
Thomas Electronics Inc,,,,"September 9, 2026 3:19 AM (EDT)",,Jakob Champion,"$1,128.60",$0.00,,,"September 9, 2026 3:19 AM (EDT)","September 9, 2026 3:19 AM (EDT)",22671,,,"May 13, 2026",,June 2026 retention import from Cohort_Jun26_wo_Payments_7.6.26---70f34bf5-b8e8-4d81-9703-88d2102c7435.xlsx; product-level MRR loaded.,$0.00,$0.00,$0.00,,,Tigerpaw,Active,,"$1,128.60",
Indiana Electronics Corp,,,,"September 9, 2026 3:19 AM (EDT)",,Justin Lee,"$1,128.60",$0.00,,,"September 9, 2026 3:19 AM (EDT)","September 9, 2026 3:19 AM (EDT)",22638,,,,,June 2026 retention import from Cohort_Jun26_wo_Payments_7.6.26---70f34bf5-b8e8-4d81-9703-88d2102c7435.xlsx; product-level MRR loaded.,$0.00,$0.00,$0.00,,,Tigerpaw,Active,,"$1,128.60",
Audio Electronics Inc.,,,,"September 9, 2026 3:19 AM (EDT)",rinor.berisha,Katerra Stephenson-Greenwood,"$1,128.60",$0.00,,,"September 9, 2026 3:19 AM (EDT)","September 9, 2026 3:19 AM (EDT)",22165,,,"March 18, 2026",,June 2026 retention import from Cohort_Jun26_wo_Payments_7.6.26---70f34bf5-b8e8-4d81-9703-88d2102c7435.xlsx; product-level MRR loaded.,$0.00,$0.00,$0.00,,,Tigerpaw,Active,,"$1,128.60",
Global Telecom Supply,,,,"September 9, 2026 3:19 AM (EDT)",Sarah McGovern,Katerra Stephenson-Greenwood,"$1,132.83",$0.00,,,"September 9, 2026 3:19 AM (EDT)","September 9, 2026 3:19 AM (EDT)",22328,,,"August 16, 2024",,June 2026 retention import from Cohort_Jun26_wo_Payments_7.6.26---70f34bf5-b8e8-4d81-9703-88d2102c7435.xlsx; product-level MRR loaded.,$0.00,$0.00,$58.41,,,Tigerpaw,Active,,"$1,126.71",
"Communication Systems Specialists, LLC",,,,"June 29, 2026 12:58 PM (EDT)",,,$0.00,$0.00,,,"June 29, 2026 12:58 PM (EDT)","June 29, 2026 12:58 PM (EDT)",22597,,,,,June 2026 retention import from Cohort_Jun26_wo_Payments_7.6.26---70f34bf5-b8e8-4d81-9703-88d2102c7435.xlsx; product-level MRR loaded.,$0.00,$0.00,$0.00,,,Tigerpaw,Churned,,$0.00,
Communications Technologies,,,,"September 9, 2026 3:19 AM (EDT)",,Justin Lee,"$1,111.36",$0.00,,,"September 9, 2026 3:19 AM (EDT)","September 9, 2026 3:19 AM (EDT)",22742,,,,,June 2026 retention import from Cohort_Jun26_wo_Payments_7.6.26---70f34bf5-b8e8-4d81-9703-88d2102c7435.xlsx; product-level MRR loaded.,$0.00,$0.00,$0.00,,,Tigerpaw,Active,,"$1,111.36",
Gregg Communications Systems,,,,"September 9, 2026 3:19 AM (EDT)",,Katerra Stephenson-Greenwood,"$1,106.00",$0.00,,,"September 9, 2026 3:19 AM (EDT)","September 9, 2026 3:19 AM (EDT)",22765,,,,,June 2026 retention import from Cohort_Jun26_wo_Payments_7.6.26---70f34bf5-b8e8-4d81-9703-88d2102c7435.xlsx; product-level MRR loaded.,$0.00,$0.00,$0.00,,,Tigerpaw,Active,,"$1,106.00",
Velosity Electronics,,,,"September 9, 2026 3:19 AM (EDT)",,Ingrid Beard,"$1,102.24",$0.00,,,"September 9, 2026 3:19 AM (EDT)","September 9, 2026 3:19 AM (EDT)",22680,,,"August 8, 2024",,June 2026 retention import from Cohort_Jun26_wo_Payments_7.6.26---70f34bf5-b8e8-4d81-9703-88d2102c7435.xlsx; product-level MRR loaded.,$0.00,$0.00,$0.00,,,Tigerpaw,Active,,"$1,102.24",
Commlink Communications,,,,"September 9, 2026 3:19 AM (EDT)",Sarah McGovern,Katerra Stephenson-Greenwood,"$1,100.00",$0.00,,,"September 9, 2026 3:19 AM (EDT)","September 9, 2026 3:19 AM (EDT)",22469,,,,,June 2026 retention import from Cohort_Jun26_wo_Payments_7.6.26---70f34bf5-b8e8-4d81-9703-88d2102c7435.xlsx; product-level MRR loaded.,$0.00,$0.00,$0.00,,,Tigerpaw,Active,,"$1,100.00",
CL Sams Business Solutions LLC,,,,"September 9, 2026 3:19 AM (EDT)",Olivia Sandefur,Justin Lee,"$1,100.00",,CLSAMSPSA,CLSAMSPSA,"September 9, 2026 3:19 AM (EDT)","September 9, 2026 3:19 AM (EDT)",22411,,,,,,,,,,,PSA Web,"Active, On Hold",,,
"Hosted America, LLC",,,,"September 9, 2026 3:19 AM (EDT)",,,"$1,353.24",$0.00,HOSTEDAMERICAPSAPSA,HOSTEDAMERICAPSAPSA,"September 9, 2026 3:19 AM (EDT)","June 29, 2026 8:00 PM (EDT)",22357,,,,,June 2026 retention import from Cohort_Jun26_wo_Payments_7.6.26---70f34bf5-b8e8-4d81-9703-88d2102c7435.xlsx; product-level MRR loaded.,$0.00,$0.00,$0.00,,,"PSA Web, Tigerpaw",Active,,"$1,179.72",
Atlantic STS,,,,"September 9, 2026 3:20 AM (EDT)",,,$813.02,$0.00,ATLANTICSTSPSA,ATLANTICSTSPSA,"September 9, 2026 3:20 AM (EDT)","June 15, 2026 8:00 PM (EDT)",22434,,,,,June 2026 retention import from Cohort_Jun26_wo_Payments_7.6.26---70f34bf5-b8e8-4d81-9703-88d2102c7435.xlsx; product-level MRR loaded.,$0.00,$0.00,$0.00,,,"PSA Web, Tigerpaw",Active,,"$1,099.07",
MicroAge Basics,,,,"September 9, 2026 3:19 AM (EDT)",Sarah McGovern,Justin Lee,"$1,098.48",$0.00,,,"September 9, 2026 3:19 AM (EDT)","September 9, 2026 3:19 AM (EDT)",22390,,,"June 17, 2024",,June 2026 retention import from Cohort_Jun26_wo_Payments_7.6.26---70f34bf5-b8e8-4d81-9703-88d2102c7435.xlsx; product-level MRR loaded.,$0.00,$0.00,$0.00,,,Tigerpaw,Active,,"$1,098.48",
Southeastern TeleCommunications,,,,"September 9, 2026 3:19 AM (EDT)",,Ingrid Beard,"$1,244.43",$0.00,,,"September 9, 2026 3:19 AM (EDT)","September 9, 2026 3:19 AM (EDT)",22047,,,"September 25, 2025",,June 2026 retention import from Cohort_Jun26_wo_Payments_7.6.26---70f34bf5-b8e8-4d81-9703-88d2102c7435.xlsx; product-level MRR loaded.,$0.00,$0.00,$0.00,,,Tigerpaw,Active,,"$1,144.76",
Golden West Technologies,,,,"September 9, 2026 3:23 AM (EDT)",,Ingrid Beard,$200.00,$0.00,,,"September 9, 2026 3:23 AM (EDT)","September 9, 2026 3:23 AM (EDT)",22690,,,"January 19, 2024",,June 2026 retention import from Cohort_Jun26_wo_Payments_7.6.26---70f34bf5-b8e8-4d81-9703-88d2102c7435.xlsx; product-level MRR loaded.,$0.00,$0.00,$0.00,,,,Active,,$200.00,
BestComm Networks,,,,"September 9, 2026 3:19 AM (EDT)",,Ingrid Beard,"$1,082.68",$0.00,,,"September 9, 2026 3:19 AM (EDT)","September 9, 2026 3:19 AM (EDT)",22747,,,,,June 2026 retention import from Cohort_Jun26_wo_Payments_7.6.26---70f34bf5-b8e8-4d81-9703-88d2102c7435.xlsx; product-level MRR loaded.,$0.00,$0.00,$0.00,,,Tigerpaw,Active,,"$1,082.68",
Automated Systems Inc,,,,"September 9, 2026 3:19 AM (EDT)",,,"$1,040.00",$0.00,,,"September 9, 2026 3:19 AM (EDT)","September 9, 2026 3:19 AM (EDT)",22105,,,,,June 2026 retention import from Cohort_Jun26_wo_Payments_7.6.26---70f34bf5-b8e8-4d81-9703-88d2102c7435.xlsx; product-level MRR loaded.,$0.00,$0.00,$0.00,,,Tigerpaw,Active,,$425.00,
Versanet Solutions,,,,"September 9, 2026 3:19 AM (EDT)",,Justin Lee,"$1,070.00",$0.00,,,"September 9, 2026 3:19 AM (EDT)","September 9, 2026 3:19 AM (EDT)",22561,,,,,June 2026 retention import from Cohort_Jun26_wo_Payments_7.6.26---70f34bf5-b8e8-4d81-9703-88d2102c7435.xlsx; product-level MRR loaded.,$0.00,$0.00,$0.00,,,Tigerpaw,Active,,"$1,070.00",
TCG Tech,,,,"June 29, 2026 12:58 PM (EDT)",rinor.berisha,Andrew Whisenant,$35.14,$0.00,TCGTECHPSA,TCGTECHPSA,"June 29, 2026 12:58 PM (EDT)","June 29, 2026 12:58 PM (EDT)",22941,,,,,June 2026 retention import from Cohort_Jun26_wo_Payments_7.6.26---70f34bf5-b8e8-4d81-9703-88d2102c7435.xlsx; product-level MRR loaded.,$0.00,$0.00,$35.14,,,Payments,Active,,$0.00,
The Phone Experts Communications Ltd. (2nd DB),,,,"September 9, 2026 3:19 AM (EDT)",,,"$1,116.26",$0.00,,,"September 9, 2026 3:19 AM (EDT)","September 9, 2026 3:19 AM (EDT)",22313,,,,,June 2026 retention import from Cohort_Jun26_wo_Payments_7.6.26---70f34bf5-b8e8-4d81-9703-88d2102c7435.xlsx; product-level MRR loaded.,$0.00,$0.00,$0.00,,,Tigerpaw,Active,,"$1,116.26",
Advanced Security Technologies,,,,"September 9, 2026 3:19 AM (EDT)",,Katerra Stephenson-Greenwood,"$1,112.87",$0.00,,,"September 9, 2026 3:19 AM (EDT)","September 9, 2026 3:19 AM (EDT)",22563,,,"February 17, 2026",,June 2026 retention import from Cohort_Jun26_wo_Payments_7.6.26---70f34bf5-b8e8-4d81-9703-88d2102c7435.xlsx; product-level MRR loaded.,$0.00,$0.00,$116.30,,,Tigerpaw,Active,,"$1,112.87",
Mid-Cities Data Comm Inc.,,,,"September 9, 2026 3:19 AM (EDT)",,Katerra Stephenson-Greenwood,"$1,036.38",$0.00,,,"September 9, 2026 3:19 AM (EDT)","September 9, 2026 3:19 AM (EDT)",22039,,,,,June 2026 retention import from Cohort_Jun26_wo_Payments_7.6.26---70f34bf5-b8e8-4d81-9703-88d2102c7435.xlsx; product-level MRR loaded.,$0.00,$0.00,$0.00,,,Tigerpaw,Active,,"$1,036.38",
Pathcom Inc.,,,,"September 9, 2026 3:19 AM (EDT)",,,"$1,033.20",$0.00,,,"September 9, 2026 3:19 AM (EDT)","September 9, 2026 3:19 AM (EDT)",22686,,,,,June 2026 retention import from Cohort_Jun26_wo_Payments_7.6.26---70f34bf5-b8e8-4d81-9703-88d2102c7435.xlsx; product-level MRR loaded.,$0.00,$0.00,$0.00,,,Tigerpaw,Active,,"$1,033.20",
Omidi Enterprises,,,,"September 9, 2026 3:20 AM (EDT)",,Katerra Stephenson-Greenwood,$973.15,$0.00,OMIDIPSA,OMIDIPSA,"September 9, 2026 3:20 AM (EDT)","July 22, 2026 8:00 PM (EDT)",22045,,,,,June 2026 retention import from Cohort_Jun26_wo_Payments_7.6.26---70f34bf5-b8e8-4d81-9703-88d2102c7435.xlsx; product-level MRR loaded.,$0.00,$0.00,$0.00,,,"PSA Web, Tigerpaw",Active,,"$1,030.40",
Digitel Systems Inc.,,,,"September 9, 2026 3:19 AM (EDT)",Sarah McGovern,Jakob Champion,"$1,102.50",$0.00,,,"September 9, 2026 3:19 AM (EDT)","September 9, 2026 3:19 AM (EDT)",21999,,,"August 28, 2024",,June 2026 retention import from Cohort_Jun26_wo_Payments_7.6.26---70f34bf5-b8e8-4d81-9703-88d2102c7435.xlsx; product-level MRR loaded.,$0.00,$0.00,$0.00,,,Tigerpaw,Active,,"$1,102.50",
ADN Internet Telephone LLC,,,,"March 30, 2025 8:00 PM (EDT)",,Justin Lee,"$1,124.34","$1,206.56",ADNINTERNETTELEPHONE,ADNINTERNETTELEPHONE,"March 29, 2027 8:00 PM (EDT)","March 30, 2025 8:00 PM (EDT)",21977,,,,,June 2026 retention import from Cohort_Jun26_wo_Payments_7.6.26---70f34bf5-b8e8-4d81-9703-88d2102c7435.xlsx; product-level MRR loaded.,$0.00,$0.00,-$1.00,,,Billing,Active,,$0.00,
A-Z Printers Plus Inc.,,,,"September 9, 2026 3:19 AM (EDT)",Sarah McGovern,,"$1,093.40",$0.00,,,"September 9, 2026 3:19 AM (EDT)","September 9, 2026 3:19 AM (EDT)",22695,,,"June 29, 2026",,June 2026 retention import from Cohort_Jun26_wo_Payments_7.6.26---70f34bf5-b8e8-4d81-9703-88d2102c7435.xlsx; product-level MRR loaded.,$0.00,$0.00,$0.00,,,Tigerpaw,Active,,"$1,093.40",
Dominion Design & Integration,,,,"September 9, 2026 3:19 AM (EDT)",,Ingrid Beard,"$1,009.24",$0.00,,,"September 9, 2026 3:19 AM (EDT)","September 9, 2026 3:19 AM (EDT)",22455,,,"June 30, 2026",,June 2026 retention import from Cohort_Jun26_wo_Payments_7.6.26---70f34bf5-b8e8-4d81-9703-88d2102c7435.xlsx; product-level MRR loaded.,$0.00,$0.00,$0.00,,,Tigerpaw,Active,,"$1,009.24",
Bi-County Scale & Equipment,,,,"September 9, 2026 3:19 AM (EDT)",,Katerra Stephenson-Greenwood,"$1,046.77",$0.00,,,"September 9, 2026 3:19 AM (EDT)","September 9, 2026 3:19 AM (EDT)",22121,,,,,June 2026 retention import from Cohort_Jun26_wo_Payments_7.6.26---70f34bf5-b8e8-4d81-9703-88d2102c7435.xlsx; product-level MRR loaded.,$0.00,$0.00,$0.00,,,Tigerpaw,Active,,"$1,013.00",
American Security Devices,"June 28, 2026","July 28, 2026","August 27, 2026","September 9, 2026 3:19 AM (EDT)",jacob.williams,Justin Lee,"$1,030.42",$0.00,,,"September 9, 2026 3:19 AM (EDT)","September 9, 2026 3:19 AM (EDT)",22449,"May 29, 2026",,,,June 2026 retention import from Cohort_Jun26_wo_Payments_7.6.26---70f34bf5-b8e8-4d81-9703-88d2102c7435.xlsx; product-level MRR loaded.,$0.00,$0.00,$355.69,,,Tigerpaw,Active,,"$1,030.42",
"Mutare, Inc.",,,,"September 9, 2026 3:18 AM (EDT)",,,"$2,022.73",,"MUTAREREGGAPPBS, MUTARETELECOMPPBS","MUTAREREGGAPPBS, MUTARETELECOMPPBS","May 25, 2026 8:00 PM (EDT)","May 26, 2020 8:00 PM (EDT)",1457,,,,,,,,,,,Odin,,,,
Telecommunications Designs,,,,"September 9, 2026 3:19 AM (EDT)",,Jakob Champion,"$1,004.98",$0.00,,,"September 9, 2026 3:19 AM (EDT)","September 9, 2026 3:19 AM (EDT)",22101,,,,,June 2026 retention import from Cohort_Jun26_wo_Payments_7.6.26---70f34bf5-b8e8-4d81-9703-88d2102c7435.xlsx; product-level MRR loaded.,$0.00,$0.00,$0.00,,,Tigerpaw,Active,,"$1,004.98",
"Hiscall, Inc.",,,,"September 15, 2025 8:00 PM (EDT)",,,"$1,424.53","$1,000.00",HISCALL,HISCALL,"September 14, 2028 8:00 PM (EDT)","September 15, 2025 8:00 PM (EDT)",21990,,,"June 5, 2026",,June 2026 retention import from Cohort_Jun26_wo_Payments_7.6.26---70f34bf5-b8e8-4d81-9703-88d2102c7435.xlsx; product-level MRR loaded.,$0.00,$0.00,$143.76,,,Billing,Active,,$0.00,
Aum Technologies LLC DBA NK Voice,,,,"January 25, 2026 7:00 PM (EST)",,,"$8,902.32","$12,892.26",AUMNKVOICE,AUMNKVOICE,"January 24, 2027 7:00 PM (EST)","January 25, 2026 7:00 PM (EST)",22950,,,,,June 2026 retention import from Cohort_Jun26_wo_Payments_7.6.26---70f34bf5-b8e8-4d81-9703-88d2102c7435.xlsx; product-level MRR loaded.,$0.00,$0.00,$1.85,,,Billing,Active,,$0.00,
"Voda Networks, Inc., dba Voda Voice and Data",,,,"March 17, 2026 8:00 PM (EDT)",,,"$1,640.04","$1,377.18",VODAVOICEANDDATA,VODAVOICEANDDATA,"March 16, 2029 8:00 PM (EDT)","March 17, 2026 8:00 PM (EDT)",22946,,,,"May 21, 2026",June 2026 retention import from Cohort_Jun26_wo_Payments_7.6.26---70f34bf5-b8e8-4d81-9703-88d2102c7435.xlsx; product-level MRR loaded.,$0.00,$0.00,$0.00,,,"Billing, Payments",Active,,$0.00,
Digital Market POS,"June 28, 2026","July 28, 2026","August 27, 2026","September 9, 2026 3:19 AM (EDT)",jacob.williams,Jakob Champion,$990.00,,DIGITALMARKETPOSPSA,DIGITALMARKETPOSPSA,"September 9, 2026 3:19 AM (EDT)","September 9, 2026 3:19 AM (EDT)",22927,"May 29, 2026",,,,,,,,,,PSA Web,Active,,,
Americas Phone Guys,,,,"December 1, 2025 7:00 PM (EST)",,,"$1,324.36","$1,079.31","AMERICASPHONEGUYS, AMERICASPHONEGUYSPSA","AMERICASPHONEGUYS, AMERICASPHONEGUYSPSA","November 30, 2028 7:00 PM (EST)","December 1, 2025 7:00 PM (EST)",22873,,,"June 16, 2026",,June 2026 retention import from Cohort_Jun26_wo_Payments_7.6.26---70f34bf5-b8e8-4d81-9703-88d2102c7435.xlsx; product-level MRR loaded.,$0.00,$0.00,$188.67,,,"Billing, PSA Web",Active,,$0.00,
Premier Communications,,,,"September 9, 2026 3:19 AM (EDT)",,Ingrid Beard,"$1,007.52",$0.00,,,"September 9, 2026 3:19 AM (EDT)","September 9, 2026 3:19 AM (EDT)",22296,,,"August 13, 2024",,June 2026 retention import from Cohort_Jun26_wo_Payments_7.6.26---70f34bf5-b8e8-4d81-9703-88d2102c7435.xlsx; product-level MRR loaded.,$0.00,$0.00,$0.00,,,Tigerpaw,Active,,$984.54,
Surf Fire & Security Inc,,,,"September 9, 2026 3:19 AM (EDT)",,Justin Lee,"$1,014.46",$0.00,,,"September 9, 2026 3:19 AM (EDT)","September 9, 2026 3:19 AM (EDT)",22248,,,"March 28, 2024",,June 2026 retention import from Cohort_Jun26_wo_Payments_7.6.26---70f34bf5-b8e8-4d81-9703-88d2102c7435.xlsx; product-level MRR loaded.,$0.00,$0.00,$0.00,,,Tigerpaw,Active,,$981.75,
Executive Network Technologies Inc,,,,"September 9, 2026 3:19 AM (EDT)",Sarah McGovern,Ingrid Beard,"$1,408.23",$0.00,,,"September 9, 2026 3:19 AM (EDT)","September 9, 2026 3:19 AM (EDT)",22201,,,,,June 2026 retention import from Cohort_Jun26_wo_Payments_7.6.26---70f34bf5-b8e8-4d81-9703-88d2102c7435.xlsx; product-level MRR loaded.,$0.00,$0.00,$31.98,,,Tigerpaw,Active,,"$1,047.42",
"Paramount Security Partners, LLC",,,,"September 9, 2026 3:19 AM (EDT)",,Justin Lee,$986.99,$0.00,,,"September 9, 2026 3:19 AM (EDT)","September 9, 2026 3:19 AM (EDT)",22451,,,"January 30, 2024",,June 2026 retention import from Cohort_Jun26_wo_Payments_7.6.26---70f34bf5-b8e8-4d81-9703-88d2102c7435.xlsx; product-level MRR loaded.,$0.00,$0.00,$0.00,,,Tigerpaw,Active,,$982.08,
Forth Foods,,,,"September 9, 2026 3:19 AM (EDT)",,Katerra Stephenson-Greenwood,$991.26,$0.00,,,"September 9, 2026 3:19 AM (EDT)","September 9, 2026 3:19 AM (EDT)",22430,,,"May 2, 2024",,June 2026 retention import from Cohort_Jun26_wo_Payments_7.6.26---70f34bf5-b8e8-4d81-9703-88d2102c7435.xlsx; product-level MRR loaded.,$0.00,$0.00,$0.00,,,Tigerpaw,Active,,$975.01,
Franklin Electric Co Inc,,,,"September 9, 2026 3:19 AM (EDT)",rinor.berisha,Justin Lee,$975.00,$0.00,FRANKLINELECTRICPSA,FRANKLINELECTRICPSA,"September 9, 2026 3:19 AM (EDT)","April 13, 2026 8:00 PM (EDT)",22276,,,,,June 2026 retention import from Cohort_Jun26_wo_Payments_7.6.26---70f34bf5-b8e8-4d81-9703-88d2102c7435.xlsx; product-level MRR loaded.,$0.00,$0.00,$0.00,,,"PSA Web, Tigerpaw",Churned,,$0.00,
"FST Technologies, LLC",,,,"September 9, 2026 3:19 AM (EDT)",Sarah McGovern,Ingrid Beard,"$1,041.93",$0.00,,,"September 9, 2026 3:19 AM (EDT)","September 9, 2026 3:19 AM (EDT)",22471,,,"July 23, 2025",,June 2026 retention import from Cohort_Jun26_wo_Payments_7.6.26---70f34bf5-b8e8-4d81-9703-88d2102c7435.xlsx; product-level MRR loaded.,$0.00,$0.00,$0.00,,,Tigerpaw,Active,,"$1,041.93",
Five Star Telecom Inc,,,,"September 9, 2026 3:19 AM (EDT)",Sarah McGovern,,"$1,041.93",$0.00,,,"September 9, 2026 3:19 AM (EDT)","September 9, 2026 3:19 AM (EDT)",22773,,,,,June 2026 retention import from Cohort_Jun26_wo_Payments_7.6.26---70f34bf5-b8e8-4d81-9703-88d2102c7435.xlsx; product-level MRR loaded.,$0.00,$0.00,$0.00,,,Tigerpaw,Active,,"$1,041.93",
CPE Communications and Security Systems Inc. DBA CPE Interlink,,,,"June 30, 2026 3:21 AM (EDT)",,Justin Lee,$960.86,$0.00,,,"June 30, 2026 3:21 AM (EDT)","June 30, 2026 3:21 AM (EDT)",22754,,,"October 20, 2025",,June 2026 retention import from Cohort_Jun26_wo_Payments_7.6.26---70f34bf5-b8e8-4d81-9703-88d2102c7435.xlsx; product-level MRR loaded.,$0.00,$0.00,$0.00,,,Tigerpaw,Active,,$960.86,
Augusta Communications,,,,"September 9, 2026 3:20 AM (EDT)",,Justin Lee,$948.00,$0.00,,,"September 9, 2026 3:20 AM (EDT)","September 9, 2026 3:20 AM (EDT)",22109,,,"June 16, 2026",,June 2026 retention import from Cohort_Jun26_wo_Payments_7.6.26---70f34bf5-b8e8-4d81-9703-88d2102c7435.xlsx; product-level MRR loaded.,$0.00,$0.00,$0.00,,,Tigerpaw,Active,,$948.00,
"West Coast Cabling, Inc.",,,,"September 9, 2026 3:20 AM (EDT)",,Ingrid Beard,$949.33,$0.00,TELDATAPSA,TELDATAPSA,"September 9, 2026 3:20 AM (EDT)","June 23, 2026 8:00 PM (EDT)",22118,,,,,June 2026 retention import from Cohort_Jun26_wo_Payments_7.6.26---70f34bf5-b8e8-4d81-9703-88d2102c7435.xlsx; product-level MRR loaded.,$0.00,$0.00,$0.00,,,"PSA Web, Tigerpaw",Active,,$948.00,
PCM Networking,,,,"September 9, 2026 3:20 AM (EDT)",,Katerra Stephenson-Greenwood,$948.00,$0.00,,,"September 9, 2026 3:20 AM (EDT)","September 9, 2026 3:20 AM (EDT)",22020,,,,,June 2026 retention import from Cohort_Jun26_wo_Payments_7.6.26---70f34bf5-b8e8-4d81-9703-88d2102c7435.xlsx; product-level MRR loaded.,$0.00,$0.00,$0.00,,,Tigerpaw,Active,,$948.00,
Intec,,,,"July 29, 2026 3:21 AM (EDT)",,,$944.24,$0.00,,,"July 29, 2026 3:21 AM (EDT)","July 29, 2026 3:21 AM (EDT)",22049,,,,,June 2026 retention import from Cohort_Jun26_wo_Payments_7.6.26---70f34bf5-b8e8-4d81-9703-88d2102c7435.xlsx; product-level MRR loaded.,$0.00,$0.00,$0.00,,,Tigerpaw,Active,,$944.24,
AFEC Guardian Fire Protection,,,,"September 9, 2026 3:20 AM (EDT)",,Abbey Mcintosh,$937.17,$0.00,,,"September 9, 2026 3:20 AM (EDT)","September 9, 2026 3:20 AM (EDT)",22335,,,,,June 2026 retention import from Cohort_Jun26_wo_Payments_7.6.26---70f34bf5-b8e8-4d81-9703-88d2102c7435.xlsx; product-level MRR loaded.,$0.00,$0.00,$0.00,,,Tigerpaw,Active,,$937.17,
Roger's Two Way Radio,,,,"September 9, 2026 3:20 AM (EDT)",,Ingrid Beard,$933.49,$0.00,,,"September 9, 2026 3:20 AM (EDT)","September 9, 2026 3:20 AM (EDT)",22355,,,"August 22, 2025",,June 2026 retention import from Cohort_Jun26_wo_Payments_7.6.26---70f34bf5-b8e8-4d81-9703-88d2102c7435.xlsx; product-level MRR loaded.,$0.00,$0.00,$0.00,,,Tigerpaw,Active,,$933.49,
KGM Gaming,,,,"September 9, 2026 3:20 AM (EDT)",Sarah McGovern,Justin Lee,$931.02,$0.00,,,"September 9, 2026 3:20 AM (EDT)","September 9, 2026 3:20 AM (EDT)",22544,,,,,June 2026 retention import from Cohort_Jun26_wo_Payments_7.6.26---70f34bf5-b8e8-4d81-9703-88d2102c7435.xlsx; product-level MRR loaded.,$0.00,$0.00,$0.00,,,Tigerpaw,Active,,$931.02,
Complete Communications Inc.,,,,"September 9, 2026 3:20 AM (EDT)",,Jakob Champion,$930.90,$0.00,,,"September 9, 2026 3:20 AM (EDT)","September 9, 2026 3:20 AM (EDT)",22008,,,"September 12, 2024",,June 2026 retention import from Cohort_Jun26_wo_Payments_7.6.26---70f34bf5-b8e8-4d81-9703-88d2102c7435.xlsx; product-level MRR loaded.,$0.00,$0.00,$0.00,,,Tigerpaw,Active,,$930.90,
Command Corporation,"May 10, 2026","June 9, 2026","July 9, 2026","July 30, 2026 3:22 AM (EDT)",Sarah McGovern,Katerra Stephenson-Greenwood,$933.94,$0.00,COMMANDCORPPSA,COMMANDCORPPSA,"July 30, 2026 3:22 AM (EDT)","July 30, 2026 3:22 AM (EDT)",22889,"April 10, 2026",,,,June 2026 retention import from Cohort_Jun26_wo_Payments_7.6.26---70f34bf5-b8e8-4d81-9703-88d2102c7435.xlsx; product-level MRR loaded.,$0.00,"-$4,080.00",$35.14,,,PSA Web,Churned,,$0.00,
"Makara, Inc. DBA Total Temp",,,,"July 7, 2026 3:21 AM (EDT)",,,$844.20,,MAKARAPSA,MAKARAPSA,"July 7, 2026 3:21 AM (EDT)","July 7, 2026 3:21 AM (EDT)",23012,,,,,,,,,,,PSA Web,"Active, Onboarding",,,
Ex-Cel Solutions,,,,"September 9, 2026 3:20 AM (EDT)",,Connor Flynn,$948.00,$0.00,,,"September 9, 2026 3:20 AM (EDT)","September 9, 2026 3:20 AM (EDT)",22650,,,"January 10, 2024",,June 2026 retention import from Cohort_Jun26_wo_Payments_7.6.26---70f34bf5-b8e8-4d81-9703-88d2102c7435.xlsx; product-level MRR loaded.,$0.00,$0.00,$0.00,,,Tigerpaw,Active,,$948.00,
DTEL Telecommunications Inc,,,,"September 9, 2026 3:20 AM (EDT)",,Jakob Champion,$914.64,$0.00,,,"September 9, 2026 3:20 AM (EDT)","September 9, 2026 3:20 AM (EDT)",22697,,,,,June 2026 retention import from Cohort_Jun26_wo_Payments_7.6.26---70f34bf5-b8e8-4d81-9703-88d2102c7435.xlsx; product-level MRR loaded.,$0.00,$0.00,$0.00,,,Tigerpaw,Active,,$914.64,
Protector Security Systems Corporation,,,,"September 9, 2026 3:20 AM (EDT)",,,$955.32,$0.00,,,"September 9, 2026 3:20 AM (EDT)","September 9, 2026 3:20 AM (EDT)",22364,,,,,June 2026 retention import from Cohort_Jun26_wo_Payments_7.6.26---70f34bf5-b8e8-4d81-9703-88d2102c7435.xlsx; product-level MRR loaded.,$0.00,$0.00,$0.00,,,Tigerpaw,Active,,$955.32,
Tidal Communications LLC,,,,"September 9, 2026 3:20 AM (EDT)",,Justin Lee,$966.30,$0.00,,,"September 9, 2026 3:20 AM (EDT)","September 9, 2026 3:20 AM (EDT)",22143,,,"July 7, 2026",,June 2026 retention import from Cohort_Jun26_wo_Payments_7.6.26---70f34bf5-b8e8-4d81-9703-88d2102c7435.xlsx; product-level MRR loaded.,$0.00,$0.00,$0.00,,,Tigerpaw,Active,,$966.30,
American Business Phones,,,,"September 9, 2026 3:20 AM (EDT)",,Jakob Champion,$902.88,$0.00,AMERICANBUSINESSPHONESPSA,AMERICANBUSINESSPHONESPSA,"September 9, 2026 3:20 AM (EDT)","August 26, 2026 8:00 PM (EDT)",22743,,,,,June 2026 retention import from Cohort_Jun26_wo_Payments_7.6.26---70f34bf5-b8e8-4d81-9703-88d2102c7435.xlsx; product-level MRR loaded.,$0.00,$0.00,-$9.86,,,"PSA Web, Tigerpaw",Active,,$902.88,
Brothers Lazer Svc,,,,"September 9, 2026 3:20 AM (EDT)",,Ingrid Beard,$899.92,$0.00,,,"September 9, 2026 3:20 AM (EDT)","September 9, 2026 3:20 AM (EDT)",22731,,,"July 2, 2026",,June 2026 retention import from Cohort_Jun26_wo_Payments_7.6.26---70f34bf5-b8e8-4d81-9703-88d2102c7435.xlsx; product-level MRR loaded.,$0.00,$0.00,$0.00,,,Tigerpaw,Active,,$899.92,
Kozi Media Design,,,,"September 9, 2026 3:20 AM (EDT)",Sarah McGovern,Justin Lee,$899.51,$0.00,,,"September 9, 2026 3:20 AM (EDT)","September 9, 2026 3:20 AM (EDT)",22391,,,,,June 2026 retention import from Cohort_Jun26_wo_Payments_7.6.26---70f34bf5-b8e8-4d81-9703-88d2102c7435.xlsx; product-level MRR loaded.,$0.00,$0.00,$0.00,,,Tigerpaw,Active,,$899.51,
Peace of Mind Technologies (POM),,,,"September 9, 2026 3:20 AM (EDT)",,Katerra Stephenson-Greenwood,$898.80,$0.00,,,"September 9, 2026 3:20 AM (EDT)","September 9, 2026 3:20 AM (EDT)",22212,,,,,June 2026 retention import from Cohort_Jun26_wo_Payments_7.6.26---70f34bf5-b8e8-4d81-9703-88d2102c7435.xlsx; product-level MRR loaded.,$0.00,$0.00,$0.00,,,Tigerpaw,Active,,$898.80,
Southeastern Communications Services Inc.,,,,"September 9, 2026 3:20 AM (EDT)",,Katerra Stephenson-Greenwood,$911.76,$0.00,,,"September 9, 2026 3:20 AM (EDT)","September 9, 2026 3:20 AM (EDT)",22632,,,"August 28, 2024",,June 2026 retention import from Cohort_Jun26_wo_Payments_7.6.26---70f34bf5-b8e8-4d81-9703-88d2102c7435.xlsx; product-level MRR loaded.,$0.00,$0.00,$0.00,,,Tigerpaw,Active,,$911.76,
TW Enterprises,,,,"September 9, 2026 3:20 AM (EDT)",,Justin Lee,$892.50,$0.00,,,"September 9, 2026 3:20 AM (EDT)","September 9, 2026 3:20 AM (EDT)",22367,,,,,June 2026 retention import from Cohort_Jun26_wo_Payments_7.6.26---70f34bf5-b8e8-4d81-9703-88d2102c7435.xlsx; product-level MRR loaded.,$0.00,$0.00,$0.00,,,Tigerpaw,Active,,$892.50,
Votacall Inc.,,,,"September 9, 2026 3:20 AM (EDT)",,,$892.50,$0.00,,,"September 9, 2026 3:20 AM (EDT)","September 9, 2026 3:20 AM (EDT)",22077,,,,,June 2026 retention import from Cohort_Jun26_wo_Payments_7.6.26---70f34bf5-b8e8-4d81-9703-88d2102c7435.xlsx; product-level MRR loaded.,$0.00,$0.00,$0.00,,,Tigerpaw,Active,,$892.50,
Southern Communications & Cons,,,,"September 9, 2026 3:20 AM (EDT)",,Jakob Champion,$899.24,$0.00,,,"September 9, 2026 3:20 AM (EDT)","September 9, 2026 3:20 AM (EDT)",22104,,,"August 2, 2024",,June 2026 retention import from Cohort_Jun26_wo_Payments_7.6.26---70f34bf5-b8e8-4d81-9703-88d2102c7435.xlsx; product-level MRR loaded.,$0.00,$0.00,$0.00,,,Tigerpaw,Active,,$899.24,
Acada Communications,,,,"September 9, 2026 3:20 AM (EDT)",Sarah McGovern,Justin Lee,$880.00,$0.00,,,"September 9, 2026 3:20 AM (EDT)","September 9, 2026 3:20 AM (EDT)",22347,,,,,June 2026 retention import from Cohort_Jun26_wo_Payments_7.6.26---70f34bf5-b8e8-4d81-9703-88d2102c7435.xlsx; product-level MRR loaded.,$0.00,$0.00,$0.00,,,Tigerpaw,Active,,$880.00,
TDArx,,,,"September 9, 2026 3:19 AM (EDT)",,,"$1,183.37",$0.00,,,"September 9, 2026 3:19 AM (EDT)","September 9, 2026 3:19 AM (EDT)",22696,,,,,June 2026 retention import from Cohort_Jun26_wo_Payments_7.6.26---70f34bf5-b8e8-4d81-9703-88d2102c7435.xlsx; product-level MRR loaded.,$0.00,$0.00,$0.00,,,Tigerpaw,Active,,$694.62,
Amtek Computer Services,,,,"August 31, 2026 3:21 AM (EDT)",,Ingrid Beard,$875.20,$0.00,,,"August 31, 2026 3:21 AM (EDT)","August 31, 2026 3:21 AM (EDT)",22209,,,"October 9, 2024",,June 2026 retention import from Cohort_Jun26_wo_Payments_7.6.26---70f34bf5-b8e8-4d81-9703-88d2102c7435.xlsx; product-level MRR loaded.,$0.00,$0.00,$0.00,,,Tigerpaw,Active,,$875.20,
Independent Telecommunications Corp,,,,"September 9, 2026 3:20 AM (EDT)",,Justin Lee,$875.16,$0.00,,,"September 9, 2026 3:20 AM (EDT)","September 9, 2026 3:20 AM (EDT)",22214,,,"September 4, 2025",,June 2026 retention import from Cohort_Jun26_wo_Payments_7.6.26---70f34bf5-b8e8-4d81-9703-88d2102c7435.xlsx; product-level MRR loaded.,$0.00,$0.00,$0.00,,,Tigerpaw,Active,,$875.16,
Phonism,,,,"September 9, 2026 3:19 AM (EDT)",,,"$1,212.08",$0.00,PHONISMLABPBS,PHONISMLABPBS,"June 9, 2025 8:00 PM (EDT)","June 10, 2020 8:00 PM (EDT)",1458,,,,,June 2026 retention import from Cohort_Jun26_wo_Payments_7.6.26---70f34bf5-b8e8-4d81-9703-88d2102c7435.xlsx; product-level MRR loaded.,$375.00,$0.00,$0.00,,,Odin,Active,,$0.00,
"Young Scale Co., LLC",,,,"September 9, 2026 3:20 AM (EDT)",,,$902.88,$0.00,,,"September 9, 2026 3:20 AM (EDT)","September 9, 2026 3:20 AM (EDT)",22802,,,,,June 2026 retention import from Cohort_Jun26_wo_Payments_7.6.26---70f34bf5-b8e8-4d81-9703-88d2102c7435.xlsx; product-level MRR loaded.,$0.00,$0.00,$0.00,,,Tigerpaw,Active,,$902.88,
Life Safety Integrated Inc,,,,"September 9, 2026 3:20 AM (EDT)",,,$909.50,$0.00,,,"September 9, 2026 3:20 AM (EDT)","September 9, 2026 3:20 AM (EDT)",22610,,,,,June 2026 retention import from Cohort_Jun26_wo_Payments_7.6.26---70f34bf5-b8e8-4d81-9703-88d2102c7435.xlsx; product-level MRR loaded.,$0.00,$0.00,$0.00,,,Tigerpaw,Active,,$909.50,
CC&M Inc.,,,,"September 9, 2026 3:20 AM (EDT)",Sarah McGovern,Katerra Stephenson-Greenwood,$869.00,$0.00,,,"September 9, 2026 3:20 AM (EDT)","September 9, 2026 3:20 AM (EDT)",22416,,,,,June 2026 retention import from Cohort_Jun26_wo_Payments_7.6.26---70f34bf5-b8e8-4d81-9703-88d2102c7435.xlsx; product-level MRR loaded.,$0.00,$0.00,$0.00,,,Tigerpaw,Active,,$869.00,
"Unitel, Inc",,,,"September 9, 2026 3:20 AM (EDT)",,,$869.00,$0.00,,,"September 9, 2026 3:20 AM (EDT)","September 9, 2026 3:20 AM (EDT)",22706,,,,,June 2026 retention import from Cohort_Jun26_wo_Payments_7.6.26---70f34bf5-b8e8-4d81-9703-88d2102c7435.xlsx; product-level MRR loaded.,$0.00,$0.00,$0.00,,,Tigerpaw,Active,,$869.00,
Cross Country Communications,,,,"September 9, 2026 3:20 AM (EDT)",,,$926.16,$0.00,,,"September 9, 2026 3:20 AM (EDT)","September 9, 2026 3:20 AM (EDT)",22460,,,,,June 2026 retention import from Cohort_Jun26_wo_Payments_7.6.26---70f34bf5-b8e8-4d81-9703-88d2102c7435.xlsx; product-level MRR loaded.,$0.00,$0.00,$8.05,,,Tigerpaw,Active,,$926.16,
Austin Security Ltd.,,,,"September 9, 2026 3:20 AM (EDT)",,Justin Lee,$861.66,$0.00,,,"September 9, 2026 3:20 AM (EDT)","September 9, 2026 3:20 AM (EDT)",22160,,,"October 9, 2024",,June 2026 retention import from Cohort_Jun26_wo_Payments_7.6.26---70f34bf5-b8e8-4d81-9703-88d2102c7435.xlsx; product-level MRR loaded.,$0.00,$0.00,$0.00,,,Tigerpaw,Active,,$861.66,
Empire Communication Systems Inc,,,,"September 9, 2026 3:20 AM (EDT)",,Justin Lee,$895.73,$0.00,,,"September 9, 2026 3:20 AM (EDT)","September 9, 2026 3:20 AM (EDT)",22226,,,"June 12, 2024",,June 2026 retention import from Cohort_Jun26_wo_Payments_7.6.26---70f34bf5-b8e8-4d81-9703-88d2102c7435.xlsx; product-level MRR loaded.,$0.00,$0.00,$0.00,,,Tigerpaw,Active,,$858.25,
Intermed-Pal,,,,"September 9, 2026 3:20 AM (EDT)",Sarah McGovern,Katerra Stephenson-Greenwood,$903.44,$0.00,,,"September 9, 2026 3:20 AM (EDT)","September 9, 2026 3:20 AM (EDT)",22115,,,"September 4, 2024",,June 2026 retention import from Cohort_Jun26_wo_Payments_7.6.26---70f34bf5-b8e8-4d81-9703-88d2102c7435.xlsx; product-level MRR loaded.,$0.00,$0.00,$0.00,,,Tigerpaw,Active,,$858.25,
Harris Computer,,,,"September 9, 2026 3:20 AM (EDT)",,Katerra Stephenson-Greenwood,$875.88,$0.00,,,"September 9, 2026 3:20 AM (EDT)","September 9, 2026 3:20 AM (EDT)",22120,,,"June 10, 2026",,June 2026 retention import from Cohort_Jun26_wo_Payments_7.6.26---70f34bf5-b8e8-4d81-9703-88d2102c7435.xlsx; product-level MRR loaded.,$0.00,$0.00,$0.00,,,Tigerpaw,Active,,$875.88,
Certified Lock & Access LLC,,,,"June 29, 2026 12:57 PM (EDT)",,,$0.00,$0.00,,,"June 29, 2026 12:57 PM (EDT)","June 29, 2026 12:57 PM (EDT)",22479,,,,,June 2026 retention import from Cohort_Jun26_wo_Payments_7.6.26---70f34bf5-b8e8-4d81-9703-88d2102c7435.xlsx; product-level MRR loaded.,$0.00,$0.00,$0.00,,,Tigerpaw,Churned,,$0.00,
Strobe Tech,,,,"September 9, 2026 3:20 AM (EDT)",Sarah McGovern,Jakob Champion,$915.92,$0.00,,,"September 9, 2026 3:20 AM (EDT)","September 9, 2026 3:20 AM (EDT)",22240,,,"March 24, 2026",,June 2026 retention import from Cohort_Jun26_wo_Payments_7.6.26---70f34bf5-b8e8-4d81-9703-88d2102c7435.xlsx; product-level MRR loaded.,$0.00,$0.00,$0.00,,,Tigerpaw,Active,,$915.92,
MicroMed LLC,,,,"September 9, 2026 3:20 AM (EDT)",,,$915.92,$0.00,,,"September 9, 2026 3:20 AM (EDT)","September 9, 2026 3:20 AM (EDT)",22298,,,,,June 2026 retention import from Cohort_Jun26_wo_Payments_7.6.26---70f34bf5-b8e8-4d81-9703-88d2102c7435.xlsx; product-level MRR loaded.,$0.00,$0.00,$0.00,,,Tigerpaw,Active,,$915.92,
Telecom Unlimited,,,,"September 9, 2026 3:20 AM (EDT)",,Jakob Champion,$820.48,$0.00,TELECOMUNLIMITEDPSA,TELECOMUNLIMITEDPSA,"September 9, 2026 3:20 AM (EDT)","July 27, 2026 8:00 PM (EDT)",22813,,,"May 22, 2026",,June 2026 retention import from Cohort_Jun26_wo_Payments_7.6.26---70f34bf5-b8e8-4d81-9703-88d2102c7435.xlsx; product-level MRR loaded.,$0.00,$0.00,$0.00,,,"PSA Web, Tigerpaw",Active,,$913.22,
Marchese Computer Products,,,,"September 9, 2026 3:20 AM (EDT)",,Jamie Butler,$879.08,$0.00,,,"September 9, 2026 3:20 AM (EDT)","September 9, 2026 3:20 AM (EDT)",22190,,,,,June 2026 retention import from Cohort_Jun26_wo_Payments_7.6.26---70f34bf5-b8e8-4d81-9703-88d2102c7435.xlsx; product-level MRR loaded.,$0.00,$0.00,$0.00,,,Tigerpaw,Active,,$850.73,
Pye-Barker Fire & Safety (United Automation),,,,"September 9, 2026 3:20 AM (EDT)",,,$847.44,$0.00,,,"September 9, 2026 3:20 AM (EDT)","September 9, 2026 3:20 AM (EDT)",22107,,,,,June 2026 retention import from Cohort_Jun26_wo_Payments_7.6.26---70f34bf5-b8e8-4d81-9703-88d2102c7435.xlsx; product-level MRR loaded.,$0.00,$0.00,$0.00,,,Tigerpaw,Active,,$847.44,
Covoda Communications,,,,"December 19, 2019 7:00 PM (EST)",,Justin Lee,$732.63,,"COVODA, TOLY","COVODA, TOLY","June 24, 2022 8:00 PM (EDT)","June 25, 2019 8:00 PM (EDT)",1294,,,"January 3, 2024",,,,,,,,"Billing, Payments",,,,
DFW Office Systems,,,,"September 9, 2026 3:20 AM (EDT)",,Jake Borah,$882.06,$0.00,,,"September 9, 2026 3:20 AM (EDT)","September 9, 2026 3:20 AM (EDT)",22547,,,,,June 2026 retention import from Cohort_Jun26_wo_Payments_7.6.26---70f34bf5-b8e8-4d81-9703-88d2102c7435.xlsx; product-level MRR loaded.,$0.00,$0.00,$0.00,,,Tigerpaw,Active,,$882.06,
NCC Systems inc,,,,"September 9, 2026 3:20 AM (EDT)",,Justin Lee,$843.39,$0.00,,,"September 9, 2026 3:20 AM (EDT)","September 9, 2026 3:20 AM (EDT)",22396,,,,,June 2026 retention import from Cohort_Jun26_wo_Payments_7.6.26---70f34bf5-b8e8-4d81-9703-88d2102c7435.xlsx; product-level MRR loaded.,$0.00,$0.00,$0.00,,,Tigerpaw,Active,,$843.39,
Smartcom Home Technologies,,,,"September 9, 2026 3:20 AM (EDT)",rinor.berisha,,$845.00,$0.00,SMARTCOMHOMEPSA,SMARTCOMHOMEPSA,"September 9, 2026 3:20 AM (EDT)","April 13, 2026 8:00 PM (EDT)",22314,,,,,June 2026 retention import from Cohort_Jun26_wo_Payments_7.6.26---70f34bf5-b8e8-4d81-9703-88d2102c7435.xlsx; product-level MRR loaded.,$0.00,$0.00,$0.00,,,"PSA Web, Tigerpaw",Churned,,$0.00,
Grennan Communications,,,,"September 9, 2026 3:20 AM (EDT)",,Katerra Stephenson-Greenwood,$825.79,$0.00,GRENNANCOMMUNICATIONSPSA,GRENNANCOMMUNICATIONSPSA,"September 9, 2026 3:20 AM (EDT)","June 24, 2026 8:00 PM (EDT)",22766,,,"May 15, 2026",,June 2026 retention import from Cohort_Jun26_wo_Payments_7.6.26---70f34bf5-b8e8-4d81-9703-88d2102c7435.xlsx; product-level MRR loaded.,$0.00,$0.00,$0.00,,,"PSA Web, Tigerpaw",Active,,$837.38,
Bartholomew Electric,,,,"September 9, 2026 3:20 AM (EDT)",,Ingrid Beard,$832.85,$0.00,,,"September 9, 2026 3:20 AM (EDT)","September 9, 2026 3:20 AM (EDT)",22541,,,"March 10, 2025",,June 2026 retention import from Cohort_Jun26_wo_Payments_7.6.26---70f34bf5-b8e8-4d81-9703-88d2102c7435.xlsx; product-level MRR loaded.,$0.00,$0.00,$0.00,,,Tigerpaw,Active,,$832.85,
TIPS Resources,,,,"August 31, 2026 3:22 AM (EDT)",,Justin Lee,$824.34,$0.00,,,"August 31, 2026 3:22 AM (EDT)","August 31, 2026 3:22 AM (EDT)",22551,,,,,June 2026 retention import from Cohort_Jun26_wo_Payments_7.6.26---70f34bf5-b8e8-4d81-9703-88d2102c7435.xlsx; product-level MRR loaded.,$0.00,$0.00,$0.00,,,Tigerpaw,Active,,$824.34,
River Parish Security,,,,"September 9, 2026 3:21 AM (EDT)",,Katerra Stephenson-Greenwood,$588.50,$0.00,,,"September 9, 2026 3:21 AM (EDT)","September 9, 2026 3:21 AM (EDT)",22448,,,"June 18, 2024",,June 2026 retention import from Cohort_Jun26_wo_Payments_7.6.26---70f34bf5-b8e8-4d81-9703-88d2102c7435.xlsx; product-level MRR loaded.,$0.00,$0.00,-$7.15,,,Tigerpaw,Active,,$588.50,
Idea Networks Inc.,,,,"September 9, 2026 3:20 AM (EDT)",,Jakob Champion,$823.90,$0.00,,,"September 9, 2026 3:20 AM (EDT)","September 9, 2026 3:20 AM (EDT)",22402,,,"June 9, 2026",,June 2026 retention import from Cohort_Jun26_wo_Payments_7.6.26---70f34bf5-b8e8-4d81-9703-88d2102c7435.xlsx; product-level MRR loaded.,$0.00,$0.00,$0.00,,,Tigerpaw,Active,,$823.90,
Integrated POS,,,,"September 9, 2026 3:21 AM (EDT)",Sarah McGovern,Ingrid Beard,$720.00,$0.00,,,"September 9, 2026 3:21 AM (EDT)","September 9, 2026 3:21 AM (EDT)",22075,,,"January 8, 2024",,June 2026 retention import from Cohort_Jun26_wo_Payments_7.6.26---70f34bf5-b8e8-4d81-9703-88d2102c7435.xlsx; product-level MRR loaded.,$0.00,$0.00,$0.00,,,,Active,,$720.00,
"Compu-Tech, Inc.",,,,"September 9, 2026 3:20 AM (EDT)",Sarah McGovern,Justin Lee,$810.00,$0.00,COMPUTECHPSA,COMPUTECHPSA,"September 9, 2026 3:20 AM (EDT)","April 5, 2026 8:00 PM (EDT)",22654,,,"December 15, 2025",,June 2026 retention import from Cohort_Jun26_wo_Payments_7.6.26---70f34bf5-b8e8-4d81-9703-88d2102c7435.xlsx; product-level MRR loaded.,$0.00,$0.00,$0.00,,,"PSA Web, Tigerpaw",Active,,$0.00,
Teleco Charleston,,,,"September 9, 2026 3:20 AM (EDT)",Sarah McGovern,Ingrid Beard,$880.40,$0.00,,,"September 9, 2026 3:20 AM (EDT)","September 9, 2026 3:20 AM (EDT)",22652,,,"August 7, 2023",,June 2026 retention import from Cohort_Jun26_wo_Payments_7.6.26---70f34bf5-b8e8-4d81-9703-88d2102c7435.xlsx; product-level MRR loaded.,$0.00,$0.00,$0.00,,,Tigerpaw,Active,,$880.40,
"Harris Technology Services, Inc",,,,"September 9, 2026 3:20 AM (EDT)",Sarah McGovern,Katerra Stephenson-Greenwood,$804.54,$0.00,,,"September 9, 2026 3:20 AM (EDT)","September 9, 2026 3:20 AM (EDT)",22146,,,,,June 2026 retention import from Cohort_Jun26_wo_Payments_7.6.26---70f34bf5-b8e8-4d81-9703-88d2102c7435.xlsx; product-level MRR loaded.,$0.00,$0.00,$0.00,,,Tigerpaw,Active,,$804.54,
Globalscope Communications Crp,,,,"September 9, 2026 3:20 AM (EDT)",,,$801.43,$0.00,,,"September 9, 2026 3:20 AM (EDT)","September 9, 2026 3:20 AM (EDT)",22093,,,,,June 2026 retention import from Cohort_Jun26_wo_Payments_7.6.26---70f34bf5-b8e8-4d81-9703-88d2102c7435.xlsx; product-level MRR loaded.,$0.00,$0.00,$0.00,,,Tigerpaw,Active,,$801.43,
"E. Berkowitz & Co., Inc. dba SECURITY SYSTEMS UNLIMITED",,,,"April 30, 2025 8:00 PM (EDT)",,,$856.00,$0.00,,,"September 9, 2026 3:20 AM (EDT)","September 9, 2026 3:20 AM (EDT)",22431,,,,,June 2026 retention import from Cohort_Jun26_wo_Payments_7.6.26---70f34bf5-b8e8-4d81-9703-88d2102c7435.xlsx; product-level MRR loaded.,$0.00,$0.00,$35.14,,,Tigerpaw,Active,,$856.00,
Particle Communications,,,,"June 29, 2026 1:00 PM (EDT)",,Andrew Whisenant,$0.00,$0.00,PARTICLEPSA,PARTICLEPSA,"June 29, 2026 1:00 PM (EDT)","June 29, 2026 1:00 PM (EDT)",22901,,,,,June 2026 retention import from Cohort_Jun26_wo_Payments_7.6.26---70f34bf5-b8e8-4d81-9703-88d2102c7435.xlsx; product-level MRR loaded.,$0.00,$0.00,$0.00,,,PSA Web,Churned,,$0.00,
SAIA Electric,,,,"August 24, 2026 3:24 AM (EDT)",,Katerra Stephenson-Greenwood,$800.00,$0.00,SAIAELECTRICPSA,SAIAELECTRICPSA,"August 24, 2026 3:24 AM (EDT)","August 24, 2026 3:24 AM (EDT)",22933,,,,,June 2026 retention import from Cohort_Jun26_wo_Payments_7.6.26---70f34bf5-b8e8-4d81-9703-88d2102c7435.xlsx; product-level MRR loaded.,$0.00,$800.00,$0.00,,,PSA Web,Active,,$0.00,
Security Vision,,,,"June 29, 2026 1:00 PM (EDT)",,Jaylin Bender,$35.14,$0.00,SECURITYVISIONPSA,SECURITYVISIONPSA,"June 29, 2026 1:00 PM (EDT)","June 29, 2026 1:00 PM (EDT)",22960,,,,,June 2026 retention import from Cohort_Jun26_wo_Payments_7.6.26---70f34bf5-b8e8-4d81-9703-88d2102c7435.xlsx; product-level MRR loaded.,$0.00,$0.00,$35.14,,,Payments,Active,,$0.00,
"Techoptics, Inc",,,,"September 9, 2026 3:20 AM (EDT)",,Justin Lee,$837.92,$0.00,,,"September 9, 2026 3:20 AM (EDT)","September 9, 2026 3:20 AM (EDT)",22728,,,,,June 2026 retention import from Cohort_Jun26_wo_Payments_7.6.26---70f34bf5-b8e8-4d81-9703-88d2102c7435.xlsx; product-level MRR loaded.,$0.00,$0.00,$0.00,,,Tigerpaw,Active,,$837.92,
Tolleson Inc,"December 4, 2025","January 3, 2026","February 2, 2026","August 31, 2025 8:00 PM (EDT)",Ryan Burton,Katerra Stephenson-Greenwood,$798.05,$0.00,TOLLESONPSA,TOLLESONPSA,"August 6, 2026 3:23 AM (EDT)","August 14, 2025 8:00 PM (EDT)",22884,"November 4, 2025",,,,June 2026 retention import from Cohort_Jun26_wo_Payments_7.6.26---70f34bf5-b8e8-4d81-9703-88d2102c7435.xlsx; product-level MRR loaded.,$0.00,$796.00,$34.01,,,PSA Web,Active,,$0.00,
H & H Communications,,,,"September 9, 2026 3:20 AM (EDT)",,,$850.86,$0.00,,,"September 9, 2026 3:20 AM (EDT)","September 9, 2026 3:20 AM (EDT)",22438,,,,,June 2026 retention import from Cohort_Jun26_wo_Payments_7.6.26---70f34bf5-b8e8-4d81-9703-88d2102c7435.xlsx; product-level MRR loaded.,$0.00,$0.00,$0.00,,,Tigerpaw,Active,,$850.86,
Argo Medical,,,,"September 9, 2026 3:19 AM (EDT)",,,"$1,070.86",$0.00,,,"September 9, 2026 3:19 AM (EDT)","September 9, 2026 3:19 AM (EDT)",22473,,,,,June 2026 retention import from Cohort_Jun26_wo_Payments_7.6.26---70f34bf5-b8e8-4d81-9703-88d2102c7435.xlsx; product-level MRR loaded.,$0.00,$0.00,$0.00,,,Tigerpaw,Active,,"$1,070.86",
PCS Technologies Inc,,,,"September 9, 2026 3:20 AM (EDT)",,Jakob Champion,$849.00,$0.00,,,"September 9, 2026 3:20 AM (EDT)","September 9, 2026 3:20 AM (EDT)",22403,,,"November 21, 2024",,June 2026 retention import from Cohort_Jun26_wo_Payments_7.6.26---70f34bf5-b8e8-4d81-9703-88d2102c7435.xlsx; product-level MRR loaded.,$0.00,$0.00,$0.00,,,Tigerpaw,Active,,$849.00,
KeyComm,,,,"September 9, 2026 3:20 AM (EDT)",,Katerra Stephenson-Greenwood,$826.68,$0.00,,,"September 9, 2026 3:20 AM (EDT)","September 9, 2026 3:20 AM (EDT)",22255,,,,,June 2026 retention import from Cohort_Jun26_wo_Payments_7.6.26---70f34bf5-b8e8-4d81-9703-88d2102c7435.xlsx; product-level MRR loaded.,$0.00,$0.00,$94.54,,,Tigerpaw,Active,,$826.68,
Xclutel,"July 18, 2026","August 17, 2026","September 16, 2026","June 29, 2026 1:00 PM (EDT)",,Ingrid Beard,$0.00,$0.00,,,"June 29, 2026 1:00 PM (EDT)","June 29, 2026 1:00 PM (EDT)",22279,"June 18, 2026",,"April 13, 2026",,June 2026 retention import from Cohort_Jun26_wo_Payments_7.6.26---70f34bf5-b8e8-4d81-9703-88d2102c7435.xlsx; product-level MRR loaded.,$0.00,$0.00,$0.00,,,Tigerpaw,Churned,,$0.00,
Tri-State Security,,,,"September 9, 2026 3:20 AM (EDT)",,Jakob Champion,$790.00,$0.00,,,"September 9, 2026 3:20 AM (EDT)","September 9, 2026 3:20 AM (EDT)",22235,,,"September 3, 2024",,June 2026 retention import from Cohort_Jun26_wo_Payments_7.6.26---70f34bf5-b8e8-4d81-9703-88d2102c7435.xlsx; product-level MRR loaded.,$0.00,$0.00,$0.00,,,Tigerpaw,Active,,$790.00,
E & H Integrated Systems,,,,"September 9, 2026 3:20 AM (EDT)",,Justin Lee,$790.00,$0.00,,,"September 9, 2026 3:20 AM (EDT)","September 9, 2026 3:20 AM (EDT)",22096,,,"August 12, 2025",,June 2026 retention import from Cohort_Jun26_wo_Payments_7.6.26---70f34bf5-b8e8-4d81-9703-88d2102c7435.xlsx; product-level MRR loaded.,$0.00,$0.00,$0.00,,,Tigerpaw,Active,,$790.00,
AVC Home Theaters,,,,"September 9, 2026 3:20 AM (EDT)",rinor.berisha,Jakob Champion,$790.00,$0.00,,,"September 9, 2026 3:20 AM (EDT)","September 9, 2026 3:20 AM (EDT)",22159,,,,,June 2026 retention import from Cohort_Jun26_wo_Payments_7.6.26---70f34bf5-b8e8-4d81-9703-88d2102c7435.xlsx; product-level MRR loaded.,$0.00,$0.00,$0.00,,,Tigerpaw,Active,,$790.00,
CNR Inc.,,,,"September 9, 2026 3:20 AM (EDT)",,Ingrid Beard,$816.33,$0.00,,,"September 9, 2026 3:20 AM (EDT)","September 9, 2026 3:20 AM (EDT)",22753,,,,,June 2026 retention import from Cohort_Jun26_wo_Payments_7.6.26---70f34bf5-b8e8-4d81-9703-88d2102c7435.xlsx; product-level MRR loaded.,$0.00,$0.00,$0.00,,,Tigerpaw,Active,,$790.00,
World Radio Telecommunications,,,,"September 9, 2026 3:20 AM (EDT)",,Katerra Stephenson-Greenwood,$790.00,$0.00,,,"September 9, 2026 3:20 AM (EDT)","September 9, 2026 3:20 AM (EDT)",22800,,,"September 3, 2024",,June 2026 retention import from Cohort_Jun26_wo_Payments_7.6.26---70f34bf5-b8e8-4d81-9703-88d2102c7435.xlsx; product-level MRR loaded.,$0.00,$0.00,$0.00,,,Tigerpaw,Active,,$790.00,
Sru Communications & Technology,,,,"February 10, 2025 7:00 PM (EST)",,,$537.76,$530.50,SRU,SRU,"February 9, 2027 7:00 PM (EST)","February 10, 2026 7:00 PM (EST)",21968,,,,,June 2026 retention import from Cohort_Jun26_wo_Payments_7.6.26---70f34bf5-b8e8-4d81-9703-88d2102c7435.xlsx; product-level MRR loaded.,$0.00,$0.00,$0.00,,,Billing,Active,,$0.00,
B & L Telephone,,,,"September 9, 2026 3:20 AM (EDT)",,Justin Lee,$782.66,$0.00,,,"September 9, 2026 3:20 AM (EDT)","September 9, 2026 3:20 AM (EDT)",22172,,,,,June 2026 retention import from Cohort_Jun26_wo_Payments_7.6.26---70f34bf5-b8e8-4d81-9703-88d2102c7435.xlsx; product-level MRR loaded.,$0.00,$0.00,$0.00,,,Tigerpaw,Active,,$782.66,
Datapro Solutions,,,,"September 9, 2026 3:20 AM (EDT)",,Katerra Stephenson-Greenwood,$782.66,$0.00,,,"September 9, 2026 3:20 AM (EDT)","September 9, 2026 3:20 AM (EDT)",22704,,,"July 14, 2026",,June 2026 retention import from Cohort_Jun26_wo_Payments_7.6.26---70f34bf5-b8e8-4d81-9703-88d2102c7435.xlsx; product-level MRR loaded.,$0.00,$0.00,$0.00,,,Tigerpaw,Active,,$782.66,
Sound & Vision Design Center,,,,"September 9, 2026 3:20 AM (EDT)",,Justin Lee,$836.12,$0.00,,,"September 9, 2026 3:20 AM (EDT)","September 9, 2026 3:20 AM (EDT)",22176,,,,,June 2026 retention import from Cohort_Jun26_wo_Payments_7.6.26---70f34bf5-b8e8-4d81-9703-88d2102c7435.xlsx; product-level MRR loaded.,$0.00,$0.00,$0.00,,,Tigerpaw,Active,,$836.12,
Ustele Inc.,,,,"September 9, 2026 3:20 AM (EDT)",,Jakob Champion,$831.22,$0.00,,,"September 9, 2026 3:20 AM (EDT)","September 9, 2026 3:20 AM (EDT)",22152,,,"April 15, 2024",,June 2026 retention import from Cohort_Jun26_wo_Payments_7.6.26---70f34bf5-b8e8-4d81-9703-88d2102c7435.xlsx; product-level MRR loaded.,$0.00,$0.00,$0.00,,,Tigerpaw,Active,,$831.22,
Texas Computer Associates,,,,"July 8, 2026 3:23 AM (EDT)",,Katerra Stephenson-Greenwood,$390.00,$0.00,,,"July 8, 2026 3:23 AM (EDT)","July 8, 2026 3:23 AM (EDT)",22446,,,,,June 2026 retention import from Cohort_Jun26_wo_Payments_7.6.26---70f34bf5-b8e8-4d81-9703-88d2102c7435.xlsx; product-level MRR loaded.,$0.00,$0.00,$0.00,,,Tigerpaw,Active,,$390.00,
Best Products Sales & Service,,,,"September 9, 2026 3:20 AM (EDT)",,Justin Lee,$813.89,$0.00,,,"September 9, 2026 3:20 AM (EDT)","September 9, 2026 3:20 AM (EDT)",22173,,,"April 2, 2024",,June 2026 retention import from Cohort_Jun26_wo_Payments_7.6.26---70f34bf5-b8e8-4d81-9703-88d2102c7435.xlsx; product-level MRR loaded.,$0.00,$0.00,$0.00,,,Tigerpaw,Active,,$813.89,
Convergent Solutions,,,,"September 9, 2026 3:20 AM (EDT)",,Justin Lee,$810.39,$0.00,,,"September 9, 2026 3:20 AM (EDT)","September 9, 2026 3:20 AM (EDT)",22665,,,,,June 2026 retention import from Cohort_Jun26_wo_Payments_7.6.26---70f34bf5-b8e8-4d81-9703-88d2102c7435.xlsx; product-level MRR loaded.,$0.00,$0.00,$0.00,,,Tigerpaw,Active,,$810.39,
Raytec Systems,,,,"September 9, 2026 3:20 AM (EDT)",Sarah McGovern,Jakob Champion,$810.39,$0.00,RAYTECSYSTEMSPSA,RAYTECSYSTEMSPSA,"September 9, 2026 3:20 AM (EDT)","August 3, 2026 8:00 PM (EDT)",22782,,,,,June 2026 retention import from Cohort_Jun26_wo_Payments_7.6.26---70f34bf5-b8e8-4d81-9703-88d2102c7435.xlsx; product-level MRR loaded.,$0.00,$0.00,$0.00,,,"PSA Web, Tigerpaw",Active,,$810.39,
"Network Enhancement Systems, Inc",,,,"September 9, 2026 3:20 AM (EDT)",,,$854.15,$0.00,,NETWORKENHANCEMENTSYSTEMSPSA,"September 9, 2026 3:20 AM (EDT)","September 9, 2026 3:20 AM (EDT)",22546,,,,,June 2026 retention import from Cohort_Jun26_wo_Payments_7.6.26---70f34bf5-b8e8-4d81-9703-88d2102c7435.xlsx; product-level MRR loaded.,$0.00,$0.00,$0.00,,,Tigerpaw,Active,,$771.72,
DTEL Telecommunications 2nd DB,,,,"September 9, 2026 3:20 AM (EDT)",,Jakob Champion,$770.40,$0.00,,,"September 9, 2026 3:20 AM (EDT)","September 9, 2026 3:20 AM (EDT)",22468,,,,,June 2026 retention import from Cohort_Jun26_wo_Payments_7.6.26---70f34bf5-b8e8-4d81-9703-88d2102c7435.xlsx; product-level MRR loaded.,$0.00,$0.00,$0.00,,,Tigerpaw,Active,,$770.40,
Davis Ulmer Fire Protection,,,,"September 9, 2026 3:20 AM (EDT)",,,$806.36,$0.00,,,"September 9, 2026 3:20 AM (EDT)","September 9, 2026 3:20 AM (EDT)",22570,,,,,June 2026 retention import from Cohort_Jun26_wo_Payments_7.6.26---70f34bf5-b8e8-4d81-9703-88d2102c7435.xlsx; product-level MRR loaded.,$0.00,$0.00,$0.00,,,Tigerpaw,Active,,$770.40,
Orkestra LLC,,,,"April 6, 2026 8:00 PM (EDT)",,,$650.00,$650.00,ORKESTRA,ORKESTRA,"April 5, 2029 8:00 PM (EDT)","April 6, 2026 8:00 PM (EDT)",22984,,,,,June 2026 retention import from Cohort_Jun26_wo_Payments_7.6.26---70f34bf5-b8e8-4d81-9703-88d2102c7435.xlsx; product-level MRR loaded.,$0.00,$0.00,$0.00,,,Billing,Active,,$0.00,
Agility Integration,,,,"September 9, 2026 3:20 AM (EDT)",rinor.berisha,Ingrid Beard,$765.72,$0.00,,,"September 9, 2026 3:20 AM (EDT)","September 9, 2026 3:20 AM (EDT)",22397,,,,,June 2026 retention import from Cohort_Jun26_wo_Payments_7.6.26---70f34bf5-b8e8-4d81-9703-88d2102c7435.xlsx; product-level MRR loaded.,$0.00,$0.00,$0.00,,,Tigerpaw,Active,,$765.72,
"Carrier SI, Inc.",,,,"September 9, 2026 3:20 AM (EDT)",,,$790.00,$0.00,,,"September 9, 2026 3:20 AM (EDT)","September 9, 2026 3:20 AM (EDT)",22635,,,"July 8, 2026",,June 2026 retention import from Cohort_Jun26_wo_Payments_7.6.26---70f34bf5-b8e8-4d81-9703-88d2102c7435.xlsx; product-level MRR loaded.,$0.00,$0.00,$0.00,,,Tigerpaw,Active,,$790.00,
Semetra,,,,"June 29, 2026 1:00 PM (EDT)",,Jake Borah,$0.00,$0.00,SEMETRAPSA,SEMETRAPSA,"June 29, 2026 1:00 PM (EDT)","June 29, 2026 1:00 PM (EDT)",22909,,,,,June 2026 retention import from Cohort_Jun26_wo_Payments_7.6.26---70f34bf5-b8e8-4d81-9703-88d2102c7435.xlsx; product-level MRR loaded.,$0.00,$0.00,$0.00,,,PSA Web,Churned,,$0.00,
"Advanced Communication Technologies, Inc.",,,,"September 9, 2026 3:20 AM (EDT)",rinor.berisha,,$774.13,$0.00,,,"September 9, 2026 3:20 AM (EDT)","September 9, 2026 3:20 AM (EDT)",22180,,,,,June 2026 retention import from Cohort_Jun26_wo_Payments_7.6.26---70f34bf5-b8e8-4d81-9703-88d2102c7435.xlsx; product-level MRR loaded.,$0.00,$0.00,$0.00,,,Tigerpaw,Active,,$756.49,
Savvy AI,"March 27, 2026","April 26, 2026","May 26, 2026","December 19, 2025 7:00 PM (EST)",rinor.berisha,,$0.00,$0.00,SAVVYAIPSA,SAVVYAIPSA,"June 29, 2026 1:02 PM (EDT)","October 20, 2025 8:00 PM (EDT)",22932,"February 25, 2026",Graduated,,,June 2026 retention import from Cohort_Jun26_wo_Payments_7.6.26---70f34bf5-b8e8-4d81-9703-88d2102c7435.xlsx; product-level MRR loaded.,$0.00,$0.00,$0.00,,,PSA Web,Churned,,$0.00,
Communications Unlimited,,,,"September 9, 2026 3:20 AM (EDT)",Sarah McGovern,Justin Lee,$788.45,$0.00,,,"September 9, 2026 3:20 AM (EDT)","September 9, 2026 3:20 AM (EDT)",22678,,,"February 27, 2024",,June 2026 retention import from Cohort_Jun26_wo_Payments_7.6.26---70f34bf5-b8e8-4d81-9703-88d2102c7435.xlsx; product-level MRR loaded.,$0.00,$0.00,$0.00,,,Tigerpaw,Active,,$753.28,
Sunrise Solutions Inc,"August 29, 2026","September 28, 2026","October 28, 2026","September 9, 2026 3:21 AM (EDT)",,Ingrid Beard,$702.37,$0.00,SUNRISESOLUTIONSPSA,SUNRISESOLUTIONSPSA,"September 9, 2026 3:21 AM (EDT)","April 22, 2026 8:00 PM (EDT)",22238,"July 30, 2026",,"November 1, 2023",,June 2026 retention import from Cohort_Jun26_wo_Payments_7.6.26---70f34bf5-b8e8-4d81-9703-88d2102c7435.xlsx; product-level MRR loaded.,$0.00,$0.00,$0.00,,,"PSA Web, Tigerpaw",Churned,,-$606.69,
"P. J. Kortens and Company, Inc.",,,,"September 9, 2026 3:20 AM (EDT)",,Jakob Champion,$802.50,$0.00,,,"September 9, 2026 3:20 AM (EDT)","September 9, 2026 3:20 AM (EDT)",22188,,,"March 13, 2024",,June 2026 retention import from Cohort_Jun26_wo_Payments_7.6.26---70f34bf5-b8e8-4d81-9703-88d2102c7435.xlsx; product-level MRR loaded.,$0.00,$0.00,$0.00,,,Tigerpaw,Active,,$802.50,
Transcom Telecommunications,,,,"September 9, 2026 3:20 AM (EDT)",Sarah McGovern,Justin Lee,$745.36,$0.00,,,"September 9, 2026 3:20 AM (EDT)","September 9, 2026 3:20 AM (EDT)",22675,,,,,June 2026 retention import from Cohort_Jun26_wo_Payments_7.6.26---70f34bf5-b8e8-4d81-9703-88d2102c7435.xlsx; product-level MRR loaded.,$0.00,$0.00,$0.00,,,Tigerpaw,Active,,$745.36,
Audio & Light,,,,"September 9, 2026 3:20 AM (EDT)",,,$761.39,$0.00,,,"September 9, 2026 3:20 AM (EDT)","September 9, 2026 3:20 AM (EDT)",22342,,,,,June 2026 retention import from Cohort_Jun26_wo_Payments_7.6.26---70f34bf5-b8e8-4d81-9703-88d2102c7435.xlsx; product-level MRR loaded.,$0.00,$0.00,$0.00,,,Tigerpaw,Active,,$761.39,
4D IT,,,,"September 9, 2026 3:20 AM (EDT)",,Ingrid Beard,$740.19,$0.00,,,"September 9, 2026 3:20 AM (EDT)","September 9, 2026 3:20 AM (EDT)",22466,,,,,June 2026 retention import from Cohort_Jun26_wo_Payments_7.6.26---70f34bf5-b8e8-4d81-9703-88d2102c7435.xlsx; product-level MRR loaded.,$0.00,$0.00,$9.40,,,Tigerpaw,Active,,$740.19,
Telewire Inc.,,,,"September 9, 2026 3:20 AM (EDT)",Sarah McGovern,Katerra Stephenson-Greenwood,$733.39,$0.00,,,"September 9, 2026 3:20 AM (EDT)","September 9, 2026 3:20 AM (EDT)",22703,,,"July 2, 2026",,June 2026 retention import from Cohort_Jun26_wo_Payments_7.6.26---70f34bf5-b8e8-4d81-9703-88d2102c7435.xlsx; product-level MRR loaded.,$0.00,$0.00,$0.00,,,Tigerpaw,Active,,$729.74,
Greenwire LLC,,,,"September 25, 2025 8:00 PM (EDT)",,,$705.95,$625.47,GREENWIRE,GREENWIRE,"September 24, 2027 8:00 PM (EDT)","September 25, 2025 8:00 PM (EDT)",22837,,,,,June 2026 retention import from Cohort_Jun26_wo_Payments_7.6.26---70f34bf5-b8e8-4d81-9703-88d2102c7435.xlsx; product-level MRR loaded.,$0.00,$0.00,$0.00,,,Billing,Active,,$0.00,
E-Z Tel Inc.,,,,"September 9, 2026 3:20 AM (EDT)",,Katerra Stephenson-Greenwood,$759.42,$0.00,,,"September 9, 2026 3:20 AM (EDT)","September 9, 2026 3:20 AM (EDT)",22054,,,"August 27, 2024",,June 2026 retention import from Cohort_Jun26_wo_Payments_7.6.26---70f34bf5-b8e8-4d81-9703-88d2102c7435.xlsx; product-level MRR loaded.,$0.00,$0.00,$0.00,,,Tigerpaw,Active,,$755.64,
Empire Communications,,,,"September 9, 2026 3:20 AM (EDT)",,,$721.00,$0.00,,,"September 9, 2026 3:20 AM (EDT)","September 9, 2026 3:20 AM (EDT)",22013,,,,,June 2026 retention import from Cohort_Jun26_wo_Payments_7.6.26---70f34bf5-b8e8-4d81-9703-88d2102c7435.xlsx; product-level MRR loaded.,$0.00,$0.00,$0.00,,,Tigerpaw,Active,,$721.00,
Docuquest,,,,"September 9, 2026 3:20 AM (EDT)",,Jakob Champion,$753.90,$0.00,,,"September 9, 2026 3:20 AM (EDT)","September 9, 2026 3:20 AM (EDT)",22538,,,"April 8, 2024",,June 2026 retention import from Cohort_Jun26_wo_Payments_7.6.26---70f34bf5-b8e8-4d81-9703-88d2102c7435.xlsx; product-level MRR loaded.,$0.00,$0.00,$205.58,,,Tigerpaw,Active,,$720.30,
Huntel Communications,,,,"September 9, 2026 3:20 AM (EDT)",,Katerra Stephenson-Greenwood,$753.60,$0.00,,,"September 9, 2026 3:20 AM (EDT)","September 9, 2026 3:20 AM (EDT)",22816,,,,,June 2026 retention import from Cohort_Jun26_wo_Payments_7.6.26---70f34bf5-b8e8-4d81-9703-88d2102c7435.xlsx; product-level MRR loaded.,$0.00,$0.00,$0.00,,,Tigerpaw,Active,,$720.00,
TCW Computer Systems,,,,"September 9, 2026 3:21 AM (EDT)",,Jakob Champion,$714.00,$0.00,,,"September 9, 2026 3:21 AM (EDT)","September 9, 2026 3:21 AM (EDT)",22720,,,,,June 2026 retention import from Cohort_Jun26_wo_Payments_7.6.26---70f34bf5-b8e8-4d81-9703-88d2102c7435.xlsx; product-level MRR loaded.,$0.00,$0.00,$0.00,,,Tigerpaw,Active,,$714.00,
AJK Communications,,,,"September 9, 2026 3:20 AM (EDT)",,Katerra Stephenson-Greenwood,$745.89,$0.00,,,"September 9, 2026 3:20 AM (EDT)","September 9, 2026 3:20 AM (EDT)",22575,,,,,June 2026 retention import from Cohort_Jun26_wo_Payments_7.6.26---70f34bf5-b8e8-4d81-9703-88d2102c7435.xlsx; product-level MRR loaded.,$0.00,$0.00,$0.00,,,Tigerpaw,Active,,$712.62,
Infotel Systems,,,,"September 9, 2026 3:21 AM (EDT)",,Ingrid Beard,$711.00,$0.00,,,"September 9, 2026 3:21 AM (EDT)","September 9, 2026 3:21 AM (EDT)",22102,,,"April 22, 2024",,June 2026 retention import from Cohort_Jun26_wo_Payments_7.6.26---70f34bf5-b8e8-4d81-9703-88d2102c7435.xlsx; product-level MRR loaded.,$0.00,$0.00,$195.67,,,Tigerpaw,Active,,$711.00,
KCG Communications,,,,"September 9, 2026 3:21 AM (EDT)",,Justin Lee,$711.00,$0.00,,,"September 9, 2026 3:21 AM (EDT)","September 9, 2026 3:21 AM (EDT)",22818,,,,,June 2026 retention import from Cohort_Jun26_wo_Payments_7.6.26---70f34bf5-b8e8-4d81-9703-88d2102c7435.xlsx; product-level MRR loaded.,$0.00,$0.00,-$0.77,,,Tigerpaw,Active,,$711.00,
Lubbock Sight Sound & Security,,,,"June 29, 2026 1:04 PM (EDT)",,Ingrid Beard,$0.00,,LUBBOCKS3PSA,LUBBOCKS3PSA,"June 29, 2026 1:04 PM (EDT)","June 29, 2026 1:04 PM (EDT)",22926,,,,,,,,,,,PSA Web,"At Risk, Onboarding",,,
Ragan Communications,,,,"September 9, 2026 3:21 AM (EDT)",,Justin Lee,$711.00,$0.00,,,"September 9, 2026 3:21 AM (EDT)","September 9, 2026 3:21 AM (EDT)",22241,,,,,June 2026 retention import from Cohort_Jun26_wo_Payments_7.6.26---70f34bf5-b8e8-4d81-9703-88d2102c7435.xlsx; product-level MRR loaded.,$0.00,$0.00,$0.00,,,Tigerpaw,Active,,$711.00,
A & A Telecom Group Inc.,,,,"September 9, 2026 3:20 AM (EDT)",,Katerra Stephenson-Greenwood,$758.88,$0.00,,,"September 9, 2026 3:20 AM (EDT)","September 9, 2026 3:20 AM (EDT)",22051,,,,,June 2026 retention import from Cohort_Jun26_wo_Payments_7.6.26---70f34bf5-b8e8-4d81-9703-88d2102c7435.xlsx; product-level MRR loaded.,$0.00,$0.00,$0.00,,,Tigerpaw,Active,,$758.88,
Phoenix Geothermal Services,,,,"September 9, 2026 3:20 AM (EDT)",,,$749.00,$0.00,,,"September 9, 2026 3:20 AM (EDT)","September 9, 2026 3:20 AM (EDT)",22199,,,,,June 2026 retention import from Cohort_Jun26_wo_Payments_7.6.26---70f34bf5-b8e8-4d81-9703-88d2102c7435.xlsx; product-level MRR loaded.,$0.00,$0.00,$0.00,,,Tigerpaw,Active,,$749.00,
Business Communications Solutions,,,,"June 29, 2026 1:00 PM (EDT)",,Jaylin Bender,$0.00,$0.00,,,"June 29, 2026 1:00 PM (EDT)","June 29, 2026 1:00 PM (EDT)",22474,,,,,June 2026 retention import from Cohort_Jun26_wo_Payments_7.6.26---70f34bf5-b8e8-4d81-9703-88d2102c7435.xlsx; product-level MRR loaded.,$0.00,$0.00,$0.00,,,Tigerpaw,Churned,,$0.00,
Enhanced Telecommunications & Data Inc.,,,,"September 9, 2026 3:21 AM (EDT)",,,$706.20,$0.00,,,"September 9, 2026 3:21 AM (EDT)","September 9, 2026 3:21 AM (EDT)",22733,,,,,June 2026 retention import from Cohort_Jun26_wo_Payments_7.6.26---70f34bf5-b8e8-4d81-9703-88d2102c7435.xlsx; product-level MRR loaded.,$0.00,$0.00,$0.00,,,Tigerpaw,Active,,$706.20,
"Secure Technologies, Inc",,,,"September 9, 2026 3:20 AM (EDT)",,Ingrid Beard,$755.64,$0.00,,,"September 9, 2026 3:20 AM (EDT)","September 9, 2026 3:20 AM (EDT)",22225,,,,,June 2026 retention import from Cohort_Jun26_wo_Payments_7.6.26---70f34bf5-b8e8-4d81-9703-88d2102c7435.xlsx; product-level MRR loaded.,$0.00,$0.00,$0.00,,,Tigerpaw,Active,,$755.64,
"HomeSmart Experts,LLC",,,,,,,$0.00,$0.00,,,,,22620,,,,,June 2026 retention import from Cohort_Jun26_wo_Payments_7.6.26---70f34bf5-b8e8-4d81-9703-88d2102c7435.xlsx; product-level MRR loaded.,$0.00,$0.00,$0.00,,,Tigerpaw,Churned,,$0.00,
Diversified Digital Group - Main,,,,"September 9, 2026 3:21 AM (EDT)",,Katerra Stephenson-Greenwood,$715.39,$0.00,,,"September 9, 2026 3:21 AM (EDT)","September 9, 2026 3:21 AM (EDT)",22311,,,"June 26, 2024",,June 2026 retention import from Cohort_Jun26_wo_Payments_7.6.26---70f34bf5-b8e8-4d81-9703-88d2102c7435.xlsx; product-level MRR loaded.,$0.00,$0.00,$0.00,,,Tigerpaw,Active,,$703.66,
"T. Daniels Consulting, Inc.",,,,"September 9, 2026 3:21 AM (EDT)",Sarah McGovern,Ingrid Beard,$711.92,$0.00,,,"September 9, 2026 3:21 AM (EDT)","September 9, 2026 3:21 AM (EDT)",22692,,,,,June 2026 retention import from Cohort_Jun26_wo_Payments_7.6.26---70f34bf5-b8e8-4d81-9703-88d2102c7435.xlsx; product-level MRR loaded.,$0.00,$0.00,$0.00,,,Tigerpaw,Active,,$700.25,
"Commercial Refrigeration Systems, Inc.",,,,"September 9, 2026 3:21 AM (EDT)",,Katerra Stephenson-Greenwood,$699.72,$0.00,,,"September 9, 2026 3:21 AM (EDT)","September 9, 2026 3:21 AM (EDT)",22353,,,"May 28, 2026",,June 2026 retention import from Cohort_Jun26_wo_Payments_7.6.26---70f34bf5-b8e8-4d81-9703-88d2102c7435.xlsx; product-level MRR loaded.,$0.00,$0.00,$0.00,,,Tigerpaw,Active,,$699.72,
"Pilothouse Communications, LLC",,,,"September 9, 2026 3:21 AM (EDT)",,Jamie Butler,$616.09,$0.00,PILOTHOUSEPSA,PILOTHOUSEPSA,"September 9, 2026 3:21 AM (EDT)","May 28, 2026 8:00 PM (EDT)",22131,,,,,June 2026 retention import from Cohort_Jun26_wo_Payments_7.6.26---70f34bf5-b8e8-4d81-9703-88d2102c7435.xlsx; product-level MRR loaded.,$0.00,$0.00,$35.14,,,"PSA Web, Tigerpaw",Active,,$698.28,
Yeti Networks,,,,"March 25, 2025 8:00 PM (EDT)",,Jakob Champion,$822.72,$523.03,YETINETWORKS,YETINETWORKS,"March 24, 2027 8:00 PM (EDT)","March 25, 2025 8:00 PM (EDT)",21979,,,,,June 2026 retention import from Cohort_Jun26_wo_Payments_7.6.26---70f34bf5-b8e8-4d81-9703-88d2102c7435.xlsx; product-level MRR loaded.,$0.00,$270.00,$6.11,,,Billing,Active,,$0.00,
So Cal Light,,,,"September 9, 2026 3:21 AM (EDT)",,Jakob Champion,$694.56,$0.00,,,"September 9, 2026 3:21 AM (EDT)","September 9, 2026 3:21 AM (EDT)",22022,,,,,June 2026 retention import from Cohort_Jun26_wo_Payments_7.6.26---70f34bf5-b8e8-4d81-9703-88d2102c7435.xlsx; product-level MRR loaded.,$0.00,$0.00,$0.00,,,Tigerpaw,Active,,$694.56,
Starlight Security,,,,"September 1, 2026 3:21 AM (EDT)",,Katerra Stephenson-Greenwood,$701.97,$0.00,,,"September 1, 2026 3:21 AM (EDT)","September 1, 2026 3:21 AM (EDT)",22562,,,"July 12, 2024",,June 2026 retention import from Cohort_Jun26_wo_Payments_7.6.26---70f34bf5-b8e8-4d81-9703-88d2102c7435.xlsx; product-level MRR loaded.,$0.00,$0.00,$0.00,,,Tigerpaw,Active,,$688.00,
Professional Communication Solutions,,,,"September 9, 2026 3:21 AM (EDT)",,Jakob Champion,$711.00,$0.00,,,"September 9, 2026 3:21 AM (EDT)","September 9, 2026 3:21 AM (EDT)",22050,,,,,June 2026 retention import from Cohort_Jun26_wo_Payments_7.6.26---70f34bf5-b8e8-4d81-9703-88d2102c7435.xlsx; product-level MRR loaded.,$0.00,$0.00,$136.02,,,Tigerpaw,Active,,$711.00,
"Advanced Telephone & Data, Inc.",,,,"September 9, 2026 3:20 AM (EDT)",,,$735.00,$0.00,,,"September 9, 2026 3:20 AM (EDT)","September 9, 2026 3:20 AM (EDT)",22257,,,,,June 2026 retention import from Cohort_Jun26_wo_Payments_7.6.26---70f34bf5-b8e8-4d81-9703-88d2102c7435.xlsx; product-level MRR loaded.,$0.00,$0.00,$0.00,,,Tigerpaw,Active,,$735.00,
SoundWorks & Security LLC,,,,"June 29, 2026 1:00 PM (EDT)",,,-$10.53,$0.00,,,"June 29, 2026 1:00 PM (EDT)","June 29, 2026 1:00 PM (EDT)",22609,,,,,June 2026 retention import from Cohort_Jun26_wo_Payments_7.6.26---70f34bf5-b8e8-4d81-9703-88d2102c7435.xlsx; product-level MRR loaded.,$0.00,$0.00,-$10.53,,,Payments,Churned,,$0.00,
ArtCom Communications,,,,"September 9, 2026 3:21 AM (EDT)",,,$698.28,$0.00,,,"September 9, 2026 3:21 AM (EDT)","September 9, 2026 3:21 AM (EDT)",22149,,,,,June 2026 retention import from Cohort_Jun26_wo_Payments_7.6.26---70f34bf5-b8e8-4d81-9703-88d2102c7435.xlsx; product-level MRR loaded.,$0.00,$0.00,$0.00,,,Tigerpaw,Active,,$698.28,
Mayatel Systems,,,,"September 9, 2026 3:21 AM (EDT)",,Ingrid Beard,$697.56,$0.00,,,"September 9, 2026 3:21 AM (EDT)","September 9, 2026 3:21 AM (EDT)",22361,,,"August 21, 2024",,June 2026 retention import from Cohort_Jun26_wo_Payments_7.6.26---70f34bf5-b8e8-4d81-9703-88d2102c7435.xlsx; product-level MRR loaded.,$0.00,$0.00,$0.00,,,Tigerpaw,Active,,$681.66,
Quality Alarm Systems,,,,"September 9, 2026 3:21 AM (EDT)",Sarah McGovern,Katerra Stephenson-Greenwood,$678.75,$0.00,,,"September 9, 2026 3:21 AM (EDT)","September 9, 2026 3:21 AM (EDT)",22064,,,,,June 2026 retention import from Cohort_Jun26_wo_Payments_7.6.26---70f34bf5-b8e8-4d81-9703-88d2102c7435.xlsx; product-level MRR loaded.,$0.00,$0.00,$0.00,,,Tigerpaw,Active,,$678.75,
"Revvv, Inc.",,,,"September 9, 2026 3:21 AM (EDT)",,,$676.20,$0.00,,,"September 9, 2026 3:21 AM (EDT)","September 9, 2026 3:21 AM (EDT)",22320,,,,,June 2026 retention import from Cohort_Jun26_wo_Payments_7.6.26---70f34bf5-b8e8-4d81-9703-88d2102c7435.xlsx; product-level MRR loaded.,$0.00,$0.00,$0.00,,,Tigerpaw,Active,,$676.20,
RAM Technologies,,,,"September 9, 2026 3:21 AM (EDT)",,,$674.94,$0.00,,,"September 9, 2026 3:21 AM (EDT)","September 9, 2026 3:21 AM (EDT)",22233,,,"September 19, 2024",,June 2026 retention import from Cohort_Jun26_wo_Payments_7.6.26---70f34bf5-b8e8-4d81-9703-88d2102c7435.xlsx; product-level MRR loaded.,$0.00,$0.00,$0.00,,,Tigerpaw,Active,,$674.94,
Sam E Mitchell Jr. Associate Inc,,,,"September 9, 2026 3:21 AM (EDT)",,Ingrid Beard,$673.20,$0.00,,,"September 9, 2026 3:21 AM (EDT)","September 9, 2026 3:21 AM (EDT)",22297,,,,,June 2026 retention import from Cohort_Jun26_wo_Payments_7.6.26---70f34bf5-b8e8-4d81-9703-88d2102c7435.xlsx; product-level MRR loaded.,$0.00,$0.00,-$7.11,,,Tigerpaw,Active,,$673.20,
West Coast Cash Register Systems,,,,"September 9, 2026 3:21 AM (EDT)",Sarah McGovern,Ingrid Beard,$720.30,$0.00,,,"September 9, 2026 3:21 AM (EDT)","September 9, 2026 3:21 AM (EDT)",22184,,,"October 8, 2024",,June 2026 retention import from Cohort_Jun26_wo_Payments_7.6.26---70f34bf5-b8e8-4d81-9703-88d2102c7435.xlsx; product-level MRR loaded.,$0.00,$0.00,$0.00,,,Tigerpaw,Active,,$720.30,
M2 Communications Inc,,,,"April 29, 2026 8:00 PM (EDT)",,,$765.16,$764.99,M2COMMUNICATIONS,M2COMMUNICATIONS,"April 28, 2029 8:00 PM (EDT)","April 29, 2026 8:00 PM (EDT)",22971,,,,,June 2026 retention import from Cohort_Jun26_wo_Payments_7.6.26---70f34bf5-b8e8-4d81-9703-88d2102c7435.xlsx; product-level MRR loaded.,$0.00,$0.00,$0.00,,,Billing,Active,,$0.00,
East Kentucky Telecom LLC,,,,"March 30, 2026 8:00 PM (EDT)",,,$525.05,$500.00,RINGBLUE,RINGBLUE,"March 29, 2029 8:00 PM (EDT)","March 30, 2026 8:00 PM (EDT)",22972,,,,,June 2026 retention import from Cohort_Jun26_wo_Payments_7.6.26---70f34bf5-b8e8-4d81-9703-88d2102c7435.xlsx; product-level MRR loaded.,$0.00,$0.00,$0.00,,,"Billing, Payments",Active,,$0.00,
Genesis System Enterprises,,,,"April 23, 2026 8:00 PM (EDT)",,,$784.94,$703.98,"GENESISSYSTEMENT, GENESISSYTEMENT","GENESISSYSTEMENT, GENESISSYTEMENT","April 23, 2029 8:00 PM (EDT)","December 17, 2025 7:00 PM (EST)",22973,,,,,June 2026 retention import from Cohort_Jun26_wo_Payments_7.6.26---70f34bf5-b8e8-4d81-9703-88d2102c7435.xlsx; product-level MRR loaded.,$0.00,$0.00,$0.00,,,Billing,Active,,$0.00,
Helios,,,,"September 9, 2026 3:21 AM (EDT)",,,$666.36,$0.00,,,"September 9, 2026 3:21 AM (EDT)","September 9, 2026 3:21 AM (EDT)",22324,,,,,June 2026 retention import from Cohort_Jun26_wo_Payments_7.6.26---70f34bf5-b8e8-4d81-9703-88d2102c7435.xlsx; product-level MRR loaded.,$0.00,$0.00,$0.00,,,Tigerpaw,Active,,$666.36,
Comtech Business Systems Inc,,,,"September 9, 2026 3:21 AM (EDT)",,Justin Lee,$680.08,$0.00,,,"September 9, 2026 3:21 AM (EDT)","September 9, 2026 3:21 AM (EDT)",22698,,,"July 30, 2024",,June 2026 retention import from Cohort_Jun26_wo_Payments_7.6.26---70f34bf5-b8e8-4d81-9703-88d2102c7435.xlsx; product-level MRR loaded.,$0.00,$0.00,$0.00,,,Tigerpaw,Active,,$680.08,
Splirt Inc.,,,,"July 29, 2026 3:23 AM (EDT)",,Connor Flynn,$661.54,$0.00,,,"July 29, 2026 3:23 AM (EDT)","July 29, 2026 3:23 AM (EDT)",22542,,,,,June 2026 retention import from Cohort_Jun26_wo_Payments_7.6.26---70f34bf5-b8e8-4d81-9703-88d2102c7435.xlsx; product-level MRR loaded.,$0.00,$0.00,$0.00,,,Tigerpaw,Active,,$661.54,
P.O.S. Technologies,,,,"September 9, 2026 3:21 AM (EDT)",,Katerra Stephenson-Greenwood,$661.50,$0.00,,,"September 9, 2026 3:21 AM (EDT)","September 9, 2026 3:21 AM (EDT)",22183,,,,,June 2026 retention import from Cohort_Jun26_wo_Payments_7.6.26---70f34bf5-b8e8-4d81-9703-88d2102c7435.xlsx; product-level MRR loaded.,$0.00,$0.00,$0.00,,,Tigerpaw,Active,,$661.50,
"FITT Telecommunications, Inc",,,,"September 9, 2026 3:21 AM (EDT)",,Ingrid Beard,$707.82,$0.00,,,"September 9, 2026 3:21 AM (EDT)","September 9, 2026 3:21 AM (EDT)",22768,,,,,June 2026 retention import from Cohort_Jun26_wo_Payments_7.6.26---70f34bf5-b8e8-4d81-9703-88d2102c7435.xlsx; product-level MRR loaded.,$0.00,$0.00,$0.00,,,Tigerpaw,Active,,$707.82,
smplsolutions,,,,"September 9, 2026 3:21 AM (EDT)",,Ingrid Beard,$661.50,$0.00,,,"September 9, 2026 3:21 AM (EDT)","September 9, 2026 3:21 AM (EDT)",22088,,,,,June 2026 retention import from Cohort_Jun26_wo_Payments_7.6.26---70f34bf5-b8e8-4d81-9703-88d2102c7435.xlsx; product-level MRR loaded.,$0.00,$0.00,$57.00,,,Tigerpaw,Active,,$661.50,
"Sky Communications, Inc.",,,,"September 9, 2026 3:21 AM (EDT)",,Jakob Champion,$686.94,$0.00,,,"September 9, 2026 3:21 AM (EDT)","September 9, 2026 3:21 AM (EDT)",22770,,,"July 7, 2026",,June 2026 retention import from Cohort_Jun26_wo_Payments_7.6.26---70f34bf5-b8e8-4d81-9703-88d2102c7435.xlsx; product-level MRR loaded.,$0.00,$0.00,$0.00,,,Tigerpaw,Active,,$686.94,
Falcon Communications Solution,,,,"September 9, 2026 3:21 AM (EDT)",,Justin Lee,$656.40,$0.00,,,"September 9, 2026 3:21 AM (EDT)","September 9, 2026 3:21 AM (EDT)",22026,,,,,June 2026 retention import from Cohort_Jun26_wo_Payments_7.6.26---70f34bf5-b8e8-4d81-9703-88d2102c7435.xlsx; product-level MRR loaded.,$0.00,$0.00,$0.00,,,Tigerpaw,Active,,$656.40,
J & M Systems LLC,,,,"September 9, 2026 3:21 AM (EDT)",,Katerra Stephenson-Greenwood,$656.37,$0.00,,,"September 9, 2026 3:21 AM (EDT)","September 9, 2026 3:21 AM (EDT)",22345,,,"May 16, 2024",,June 2026 retention import from Cohort_Jun26_wo_Payments_7.6.26---70f34bf5-b8e8-4d81-9703-88d2102c7435.xlsx; product-level MRR loaded.,$0.00,$0.00,$0.00,,,Tigerpaw,Active,,$656.37,
Peak Communication,,,,"September 9, 2026 3:23 AM (EDT)",rinor.berisha,Katerra Stephenson-Greenwood,$450.00,$0.00,,,"September 9, 2026 3:23 AM (EDT)","September 9, 2026 3:23 AM (EDT)",22170,,,,,June 2026 retention import from Cohort_Jun26_wo_Payments_7.6.26---70f34bf5-b8e8-4d81-9703-88d2102c7435.xlsx; product-level MRR loaded.,$0.00,$0.00,$0.00,,,Tigerpaw,Active,,$450.00,
"Gecko Telecom, LLC",,,,"October 21, 2025 8:00 PM (EDT)",,,$554.19,$547.50,GECKOTELECOM,GECKOTELECOM,"October 20, 2028 8:00 PM (EDT)","October 21, 2025 8:00 PM (EDT)",22896,,,"March 24, 2026",,June 2026 retention import from Cohort_Jun26_wo_Payments_7.6.26---70f34bf5-b8e8-4d81-9703-88d2102c7435.xlsx; product-level MRR loaded.,$0.00,$0.00,$52.37,,,Billing,Active,,$0.00,
MDU Securiy Systems,,,,"September 9, 2026 3:21 AM (EDT)",,,$665.17,,,,"September 9, 2026 3:21 AM (EDT)","September 9, 2026 3:21 AM (EDT)",22835,,,,,,,,,,,Tigerpaw,,,,
DTS Technology - Reseller,,,,"September 9, 2026 3:21 AM (EDT)",,,$650.00,,DTSRESELLER,DTSRESELLER,"December 29, 2026 7:00 PM (EST)","December 30, 2025 7:00 PM (EST)",23018,,,,,,,,,,,Billing,,,,
"IP Communications, Inc.",,,,"September 9, 2026 3:21 AM (EDT)",Sarah McGovern,Ingrid Beard,$698.09,$0.00,,,"September 9, 2026 3:21 AM (EDT)","September 9, 2026 3:21 AM (EDT)",22224,,,,,June 2026 retention import from Cohort_Jun26_wo_Payments_7.6.26---70f34bf5-b8e8-4d81-9703-88d2102c7435.xlsx; product-level MRR loaded.,$0.00,$0.00,$0.00,,,Tigerpaw,Active,,$694.62,
Enterprise Systems Corporation,,,,"September 9, 2026 3:21 AM (EDT)",,,$694.62,$0.00,,,"September 9, 2026 3:21 AM (EDT)","September 9, 2026 3:21 AM (EDT)",22103,,,,,June 2026 retention import from Cohort_Jun26_wo_Payments_7.6.26---70f34bf5-b8e8-4d81-9703-88d2102c7435.xlsx; product-level MRR loaded.,$0.00,$0.00,$0.00,,,Tigerpaw,Active,,$694.62,
Chief DataCom,,,,"September 9, 2026 3:21 AM (EDT)",Sarah McGovern,Katerra Stephenson-Greenwood,$661.50,$0.00,,,"September 9, 2026 3:21 AM (EDT)","September 9, 2026 3:21 AM (EDT)",22304,,,,,June 2026 retention import from Cohort_Jun26_wo_Payments_7.6.26---70f34bf5-b8e8-4d81-9703-88d2102c7435.xlsx; product-level MRR loaded.,$0.00,$0.00,$0.00,,,Tigerpaw,Active,,$661.50,
Lantern Streaming Security,"April 22, 2026","May 22, 2026","June 21, 2026","September 9, 2026 3:21 AM (EDT)",Sarah McGovern,Ingrid Beard,$663.25,$0.00,LANTERNSTREAMINGSECPSA,LANTERNSTREAMINGSECPSA,"September 9, 2026 3:21 AM (EDT)","September 9, 2026 3:21 AM (EDT)",22967,"March 23, 2026",,,,June 2026 retention import from Cohort_Jun26_wo_Payments_7.6.26---70f34bf5-b8e8-4d81-9703-88d2102c7435.xlsx; product-level MRR loaded.,$0.00,$650.00,$0.00,,,PSA Web,Active,,$0.00,
Prowire,,,,"September 9, 2026 3:21 AM (EDT)",,Jakob Champion,$656.40,$0.00,,,"September 9, 2026 3:21 AM (EDT)","September 9, 2026 3:21 AM (EDT)",22781,,,,,June 2026 retention import from Cohort_Jun26_wo_Payments_7.6.26---70f34bf5-b8e8-4d81-9703-88d2102c7435.xlsx; product-level MRR loaded.,$0.00,$0.00,$0.00,,,Tigerpaw,Active,,$656.40,
Interstate Business Systems,,,,"September 9, 2026 3:21 AM (EDT)",,Ingrid Beard,$644.94,$0.00,,,"September 9, 2026 3:21 AM (EDT)","September 9, 2026 3:21 AM (EDT)",22715,,,"January 26, 2024",,June 2026 retention import from Cohort_Jun26_wo_Payments_7.6.26---70f34bf5-b8e8-4d81-9703-88d2102c7435.xlsx; product-level MRR loaded.,$0.00,$0.00,$0.00,,,Tigerpaw,Active,,$644.94,
"Nutec Systems, Inc",,,,"September 9, 2026 3:21 AM (EDT)",,Justin Lee,$686.94,$0.00,,,"September 9, 2026 3:21 AM (EDT)","September 9, 2026 3:21 AM (EDT)",22718,,,"May 12, 2026",,June 2026 retention import from Cohort_Jun26_wo_Payments_7.6.26---70f34bf5-b8e8-4d81-9703-88d2102c7435.xlsx; product-level MRR loaded.,$0.00,$0.00,$0.00,,,Tigerpaw,Active,,$686.94,
Plan B Technology Corp.,,,,"September 9, 2026 3:21 AM (EDT)",,,$642.00,$0.00,,,"September 9, 2026 3:21 AM (EDT)","September 9, 2026 3:21 AM (EDT)",22580,,,,,June 2026 retention import from Cohort_Jun26_wo_Payments_7.6.26---70f34bf5-b8e8-4d81-9703-88d2102c7435.xlsx; product-level MRR loaded.,$0.00,$0.00,$0.00,,,Tigerpaw,Active,,$642.00,
Datacom Solutions Ltd.?,,,,"September 9, 2026 3:21 AM (EDT)",,,$686.94,$0.00,,,"September 9, 2026 3:21 AM (EDT)","September 9, 2026 3:21 AM (EDT)",22229,,,,,June 2026 retention import from Cohort_Jun26_wo_Payments_7.6.26---70f34bf5-b8e8-4d81-9703-88d2102c7435.xlsx; product-level MRR loaded.,$0.00,$0.00,$0.00,,,Tigerpaw,Active,,$686.94,
ISET,,,,"September 9, 2026 3:21 AM (EDT)",,Jakob Champion,$656.08,$0.00,,,"September 9, 2026 3:21 AM (EDT)","September 9, 2026 3:21 AM (EDT)",22316,,,"October 2, 2024",,June 2026 retention import from Cohort_Jun26_wo_Payments_7.6.26---70f34bf5-b8e8-4d81-9703-88d2102c7435.xlsx; product-level MRR loaded.,$0.00,$0.00,$0.00,,,Tigerpaw,Active,,$652.62,
Telephone Connections Inc,,,,"September 9, 2026 3:21 AM (EDT)",,,$652.62,$0.00,,,"September 9, 2026 3:21 AM (EDT)","September 9, 2026 3:21 AM (EDT)",22010,,,,,June 2026 retention import from Cohort_Jun26_wo_Payments_7.6.26---70f34bf5-b8e8-4d81-9703-88d2102c7435.xlsx; product-level MRR loaded.,$0.00,$0.00,$0.00,,,Tigerpaw,Active,,$652.62,
"Genie Innovations, Inc. dba IP Genie",,,,"September 9, 2026 3:21 AM (EDT)",,,$652.62,$0.00,,,"September 9, 2026 3:21 AM (EDT)","September 9, 2026 3:21 AM (EDT)",22708,,,,,June 2026 retention import from Cohort_Jun26_wo_Payments_7.6.26---70f34bf5-b8e8-4d81-9703-88d2102c7435.xlsx; product-level MRR loaded.,$0.00,$0.00,$0.00,,,Tigerpaw,Active,,$652.62,
Telstar Networks,,,,"September 9, 2026 3:21 AM (EDT)",,Ingrid Beard,$652.62,$0.00,,,"September 9, 2026 3:21 AM (EDT)","September 9, 2026 3:21 AM (EDT)",22687,,,,,June 2026 retention import from Cohort_Jun26_wo_Payments_7.6.26---70f34bf5-b8e8-4d81-9703-88d2102c7435.xlsx; product-level MRR loaded.,$0.00,$0.00,$0.00,,,Tigerpaw,Active,,$652.62,
A & G Telephone Service Inc.,,,,"September 9, 2026 3:21 AM (EDT)",,Katerra Stephenson-Greenwood,$650.42,$0.00,,,"September 9, 2026 3:21 AM (EDT)","September 9, 2026 3:21 AM (EDT)",22634,,,,,June 2026 retention import from Cohort_Jun26_wo_Payments_7.6.26---70f34bf5-b8e8-4d81-9703-88d2102c7435.xlsx; product-level MRR loaded.,$0.00,$0.00,$0.00,,,Tigerpaw,Active,,$635.58,
Core3 Pty Ltd,,,,"September 9, 2026 3:21 AM (EDT)",,Justin Lee,$661.92,$0.00,,,"September 9, 2026 3:21 AM (EDT)","September 9, 2026 3:21 AM (EDT)",22325,,,,,June 2026 retention import from Cohort_Jun26_wo_Payments_7.6.26---70f34bf5-b8e8-4d81-9703-88d2102c7435.xlsx; product-level MRR loaded.,$0.00,$0.00,$0.00,,,Tigerpaw,Active,,$661.92,
TRG Networking,,,,"September 9, 2026 3:21 AM (EDT)",,Ingrid Beard,$632.00,$0.00,,,"September 9, 2026 3:21 AM (EDT)","September 9, 2026 3:21 AM (EDT)",22015,,,,,June 2026 retention import from Cohort_Jun26_wo_Payments_7.6.26---70f34bf5-b8e8-4d81-9703-88d2102c7435.xlsx; product-level MRR loaded.,$0.00,$0.00,$0.00,,,Tigerpaw,Active,,$632.00,
MicroAge Hanover,,,,"September 9, 2026 3:21 AM (EDT)",,Jakob Champion,$632.00,$0.00,,,"September 9, 2026 3:21 AM (EDT)","September 9, 2026 3:21 AM (EDT)",21996,,,"September 24, 2024",,June 2026 retention import from Cohort_Jun26_wo_Payments_7.6.26---70f34bf5-b8e8-4d81-9703-88d2102c7435.xlsx; product-level MRR loaded.,$0.00,$0.00,$0.00,,,Tigerpaw,Active,,$632.00,
Watson Communications Corp.,,,,"September 9, 2026 3:21 AM (EDT)",,Justin Lee,$632.00,$0.00,,,"September 9, 2026 3:21 AM (EDT)","September 9, 2026 3:21 AM (EDT)",22631,,,"August 8, 2025",,June 2026 retention import from Cohort_Jun26_wo_Payments_7.6.26---70f34bf5-b8e8-4d81-9703-88d2102c7435.xlsx; product-level MRR loaded.,$0.00,$0.00,$0.00,,,Tigerpaw,Active,,$632.00,
M D Communications,,,,"September 9, 2026 3:21 AM (EDT)",Sarah McGovern,Justin Lee,$632.00,$0.00,,,"September 9, 2026 3:21 AM (EDT)","September 9, 2026 3:21 AM (EDT)",22772,,,"September 24, 2024",,June 2026 retention import from Cohort_Jun26_wo_Payments_7.6.26---70f34bf5-b8e8-4d81-9703-88d2102c7435.xlsx; product-level MRR loaded.,$0.00,$0.00,$0.00,,,Tigerpaw,Active,,$632.00,
"Low Voltage Integrators, Inc.",,,,"September 9, 2026 3:21 AM (EDT)",,,$631.30,$0.00,,,"September 9, 2026 3:21 AM (EDT)","September 9, 2026 3:21 AM (EDT)",22598,,,,,June 2026 retention import from Cohort_Jun26_wo_Payments_7.6.26---70f34bf5-b8e8-4d81-9703-88d2102c7435.xlsx; product-level MRR loaded.,$0.00,$0.00,$0.00,,,Tigerpaw,Active,,$631.30,
Symtech Solutions,,,,"September 9, 2026 3:21 AM (EDT)",,Ingrid Beard,$661.50,$0.00,,,"September 9, 2026 3:21 AM (EDT)","September 9, 2026 3:21 AM (EDT)",22639,,,,,June 2026 retention import from Cohort_Jun26_wo_Payments_7.6.26---70f34bf5-b8e8-4d81-9703-88d2102c7435.xlsx; product-level MRR loaded.,$0.00,$0.00,$0.00,,,Tigerpaw,Active,,$661.50,
Hi-Tech Enterprises Inc,,,,"September 9, 2026 3:21 AM (EDT)",,Connor Flynn,$661.50,$0.00,,,"September 9, 2026 3:21 AM (EDT)","September 9, 2026 3:21 AM (EDT)",22676,,,,,June 2026 retention import from Cohort_Jun26_wo_Payments_7.6.26---70f34bf5-b8e8-4d81-9703-88d2102c7435.xlsx; product-level MRR loaded.,$0.00,$0.00,$0.00,,,Tigerpaw,Active,,$661.50,
"United Security Communications, Inc.",,,,"September 9, 2026 3:21 AM (EDT)",,Justin Lee,$661.50,$0.00,,,"September 9, 2026 3:21 AM (EDT)","September 9, 2026 3:21 AM (EDT)",22797,,,"May 12, 2026",,June 2026 retention import from Cohort_Jun26_wo_Payments_7.6.26---70f34bf5-b8e8-4d81-9703-88d2102c7435.xlsx; product-level MRR loaded.,$0.00,$0.00,$0.00,,,Tigerpaw,Active,,$661.50,
Atlantic Smart Technologies,,,,"September 9, 2026 3:21 AM (EDT)",,Justin Lee,$661.50,$0.00,,,"September 9, 2026 3:21 AM (EDT)","September 9, 2026 3:21 AM (EDT)",22158,,,"January 12, 2024",,June 2026 retention import from Cohort_Jun26_wo_Payments_7.6.26---70f34bf5-b8e8-4d81-9703-88d2102c7435.xlsx; product-level MRR loaded.,$0.00,$0.00,$0.00,,,Tigerpaw,Active,,$661.50,
ARTCOM Assoc Inc,,,,"September 9, 2026 3:21 AM (EDT)",,Katerra Stephenson-Greenwood,$624.66,$0.00,,,"September 9, 2026 3:21 AM (EDT)","September 9, 2026 3:21 AM (EDT)",22744,,,,,June 2026 retention import from Cohort_Jun26_wo_Payments_7.6.26---70f34bf5-b8e8-4d81-9703-88d2102c7435.xlsx; product-level MRR loaded.,$0.00,$0.00,$0.00,,,Tigerpaw,Active,,$624.66,
Advanosys LLC,,,,"September 9, 2026 3:21 AM (EDT)",,,$635.08,$0.00,,,"September 9, 2026 3:21 AM (EDT)","September 9, 2026 3:21 AM (EDT)",22578,,,"April 3, 2026",,June 2026 retention import from Cohort_Jun26_wo_Payments_7.6.26---70f34bf5-b8e8-4d81-9703-88d2102c7435.xlsx; product-level MRR loaded.,$0.00,$0.00,$0.00,,,Tigerpaw,Active,,$620.60,
Empire Communication- 2nd DB (BCC),,,,"September 9, 2026 3:21 AM (EDT)",,,$588.00,$0.00,,,"September 9, 2026 3:21 AM (EDT)","September 9, 2026 3:21 AM (EDT)",22470,,,,,June 2026 retention import from Cohort_Jun26_wo_Payments_7.6.26---70f34bf5-b8e8-4d81-9703-88d2102c7435.xlsx; product-level MRR loaded.,$0.00,$0.00,$0.00,,,Tigerpaw,Active,,$588.00,
"SouthLight Services, LLC",,,,"February 22, 2026 7:00 PM (EST)",,,$970.63,$902.38,SOUTHLIGHTSERVICES,SOUTHLIGHTSERVICES,"February 21, 2029 7:00 PM (EST)","February 22, 2026 7:00 PM (EST)",22907,,,,,June 2026 retention import from Cohort_Jun26_wo_Payments_7.6.26---70f34bf5-b8e8-4d81-9703-88d2102c7435.xlsx; product-level MRR loaded.,$0.00,$0.00,$0.00,,,Billing,Active,,$0.00,
Midwest Telecom Communications,,,,"September 9, 2026 3:21 AM (EDT)",Sarah McGovern,Katerra Stephenson-Greenwood,$632.00,$0.00,,,"September 9, 2026 3:21 AM (EDT)","September 9, 2026 3:21 AM (EDT)",22710,,,,,June 2026 retention import from Cohort_Jun26_wo_Payments_7.6.26---70f34bf5-b8e8-4d81-9703-88d2102c7435.xlsx; product-level MRR loaded.,$0.00,$0.00,$0.00,,,Tigerpaw,Active,,$632.00,
IT Architect,,,,"August 26, 2025 8:00 PM (EDT)",,,$609.14,$600.00,ITARCHITECT,ITARCHITECT,"August 25, 2027 8:00 PM (EDT)","August 26, 2025 8:00 PM (EDT)",21984,,,,,June 2026 retention import from Cohort_Jun26_wo_Payments_7.6.26---70f34bf5-b8e8-4d81-9703-88d2102c7435.xlsx; product-level MRR loaded.,$0.00,$0.00,$0.00,,,Billing,Active,,$0.00,
RunCentral,,,,"January 28, 2026 7:00 PM (EST)",,Katerra Stephenson-Greenwood,$511.61,$512.41,RUNCENTRALLLC,RUNCENTRALLLC,"January 27, 2029 7:00 PM (EST)","January 28, 2026 7:00 PM (EST)",22940,,,,"May 29, 2026",June 2026 retention import from Cohort_Jun26_wo_Payments_7.6.26---70f34bf5-b8e8-4d81-9703-88d2102c7435.xlsx; product-level MRR loaded.,$0.00,$0.00,-$27.72,,,Billing,Active,,$0.00,
"Perceptive Fabrications LLC, dba PercFab",,,,"November 23, 2025 7:00 PM (EST)",,Katerra Stephenson-Greenwood,$611.84,$511.64,PERCFAB,PERCFAB,"November 22, 2027 7:00 PM (EST)","November 23, 2025 7:00 PM (EST)",21986,,,,,June 2026 retention import from Cohort_Jun26_wo_Payments_7.6.26---70f34bf5-b8e8-4d81-9703-88d2102c7435.xlsx; product-level MRR loaded.,$0.00,$0.00,$0.00,,,Billing,Active,,$0.00,
"Ideal Tech Solutions, LLC",,,,"September 9, 2026 3:21 AM (EDT)",,,$621.95,$0.00,,,"September 9, 2026 3:21 AM (EDT)","September 9, 2026 3:21 AM (EDT)",22574,,,,,June 2026 retention import from Cohort_Jun26_wo_Payments_7.6.26---70f34bf5-b8e8-4d81-9703-88d2102c7435.xlsx; product-level MRR loaded.,$0.00,$0.00,$0.00,,,Tigerpaw,Active,,$607.76,
"VITEC Solutions, LLC",,,,"September 9, 2026 3:21 AM (EDT)",,,$607.76,$0.00,,,"September 9, 2026 3:21 AM (EDT)","September 9, 2026 3:21 AM (EDT)",22584,,,,,June 2026 retention import from Cohort_Jun26_wo_Payments_7.6.26---70f34bf5-b8e8-4d81-9703-88d2102c7435.xlsx; product-level MRR loaded.,$0.00,$0.00,$0.00,,,Tigerpaw,Active,,$607.76,
J & L Pascual of Santa Fe Inc,,,,"July 24, 2026 3:32 AM (EDT)",,,$613.13,,,,"July 24, 2026 3:32 AM (EDT)","July 24, 2026 3:32 AM (EDT)",22628,,,,,,,,,,,Tigerpaw,,,,
SCS Knoxville,,,,"September 9, 2026 3:21 AM (EDT)",,,$603.52,$0.00,,,"September 9, 2026 3:21 AM (EDT)","September 9, 2026 3:21 AM (EDT)",22213,,,,,June 2026 retention import from Cohort_Jun26_wo_Payments_7.6.26---70f34bf5-b8e8-4d81-9703-88d2102c7435.xlsx; product-level MRR loaded.,$0.00,$0.00,$0.00,,,Tigerpaw,Active,,$603.52,
streamWrite Connect,,,,"September 9, 2026 3:21 AM (EDT)",,Ingrid Beard,$628.00,$0.00,,,"September 9, 2026 3:21 AM (EDT)","September 9, 2026 3:21 AM (EDT)",22097,,,"April 9, 2024",,June 2026 retention import from Cohort_Jun26_wo_Payments_7.6.26---70f34bf5-b8e8-4d81-9703-88d2102c7435.xlsx; product-level MRR loaded.,$0.00,$0.00,$0.00,,,Tigerpaw,Active,,$600.00,
Realm Connect Solutions,,,,"September 9, 2026 3:23 AM (EDT)",,Justin Lee,$344.00,$0.00,,,"September 9, 2026 3:23 AM (EDT)","September 9, 2026 3:23 AM (EDT)",22812,,,"April 16, 2024",,June 2026 retention import from Cohort_Jun26_wo_Payments_7.6.26---70f34bf5-b8e8-4d81-9703-88d2102c7435.xlsx; product-level MRR loaded.,$0.00,$0.00,$0.00,,,Tigerpaw,Active,,$632.00,
TelcomSavvy,,,,"June 26, 2025 8:00 PM (EDT)",,,$600.00,$600.00,TELCOMSAVY,TELCOMSAVY,"June 25, 2027 8:00 PM (EDT)","June 26, 2025 8:00 PM (EDT)",21989,,,,,June 2026 retention import from Cohort_Jun26_wo_Payments_7.6.26---70f34bf5-b8e8-4d81-9703-88d2102c7435.xlsx; product-level MRR loaded.,$0.00,$0.00,$0.00,,,Billing,Active,,$0.00,
Zeus Communications South LLC,,,,"July 30, 2025 8:00 PM (EDT)",,,$591.83,$588.02,ZEUSCOMMUNICATIONS,ZEUSCOMMUNICATIONS,"July 29, 2027 8:00 PM (EDT)","July 30, 2025 8:00 PM (EDT)",22860,,,,,June 2026 retention import from Cohort_Jun26_wo_Payments_7.6.26---70f34bf5-b8e8-4d81-9703-88d2102c7435.xlsx; product-level MRR loaded.,$0.00,$0.00,$36.64,,,Billing,Active,,$0.00,
Belcom Corp,,,,"September 9, 2026 3:21 AM (EDT)",,,$584.01,$585.70,BELCOM,BELCOM,"June 18, 2027 8:00 PM (EDT)","June 19, 2024 8:00 PM (EDT)",21955,,,,,June 2026 retention import from Cohort_Jun26_wo_Payments_7.6.26---70f34bf5-b8e8-4d81-9703-88d2102c7435.xlsx; product-level MRR loaded.,$0.00,$0.00,$7.28,,,Billing,Active,,$0.00,
EVOLUTION TECHNOLOGIES LLC (Evotech),,,,"September 9, 2026 3:21 AM (EDT)",,,$636.65,$0.00,,,"September 9, 2026 3:21 AM (EDT)","September 9, 2026 3:21 AM (EDT)",22619,,,,,June 2026 retention import from Cohort_Jun26_wo_Payments_7.6.26---70f34bf5-b8e8-4d81-9703-88d2102c7435.xlsx; product-level MRR loaded.,$0.00,$0.00,$0.00,,,Tigerpaw,Active,,$636.65,
Telelink Communications,,,,"September 9, 2026 3:22 AM (EDT)",,Patrick Dahlstrom,$503.76,$0.00,,,"September 9, 2026 3:22 AM (EDT)","September 9, 2026 3:22 AM (EDT)",22030,,,"June 22, 2026",,June 2026 retention import from Cohort_Jun26_wo_Payments_7.6.26---70f34bf5-b8e8-4d81-9703-88d2102c7435.xlsx; product-level MRR loaded.,$0.00,$0.00,$0.00,,,Tigerpaw,Active,,$503.76,
DEP Technologies,,,,"September 9, 2026 3:21 AM (EDT)",,Justin Lee,$629.70,$0.00,,,"September 9, 2026 3:21 AM (EDT)","September 9, 2026 3:21 AM (EDT)",22073,,,"January 17, 2024",,June 2026 retention import from Cohort_Jun26_wo_Payments_7.6.26---70f34bf5-b8e8-4d81-9703-88d2102c7435.xlsx; product-level MRR loaded.,$0.00,$0.00,$0.00,,,Tigerpaw,Active,,$629.70,
AV Innovations Inc.,,,,"September 9, 2026 3:21 AM (EDT)",,,$588.50,$0.00,,,"September 9, 2026 3:21 AM (EDT)","September 9, 2026 3:21 AM (EDT)",22177,,,,,June 2026 retention import from Cohort_Jun26_wo_Payments_7.6.26---70f34bf5-b8e8-4d81-9703-88d2102c7435.xlsx; product-level MRR loaded.,$0.00,$0.00,$0.00,,,Tigerpaw,Active,,$588.50,
Phone & Data Works,,,,"September 9, 2026 3:21 AM (EDT)",Sarah McGovern,Jakob Champion,$585.75,$0.00,,,"September 9, 2026 3:21 AM (EDT)","September 9, 2026 3:21 AM (EDT)",22195,,,"October 17, 2025",,June 2026 retention import from Cohort_Jun26_wo_Payments_7.6.26---70f34bf5-b8e8-4d81-9703-88d2102c7435.xlsx; product-level MRR loaded.,$0.00,$0.00,$0.00,,,Tigerpaw,Active,,$585.75,
805 VoIP,,,,"September 9, 2026 3:22 AM (EDT)",,Justin Lee,$502.50,$500.00,805VOIP,805VOIP,"September 9, 2026 3:22 AM (EDT)","September 9, 2026 3:22 AM (EDT)",22964,,,,,June 2026 retention import from Cohort_Jun26_wo_Payments_7.6.26---70f34bf5-b8e8-4d81-9703-88d2102c7435.xlsx; product-level MRR loaded.,$0.00,$0.00,$0.00,,,Billing,Active,,$0.00,
ET&T Corporation,,,,"September 9, 2026 3:20 AM (EDT)",,Jamie Butler,$769.58,$0.00,ETTCORP,ETTCORP,"September 9, 2026 3:20 AM (EDT)","September 9, 2026 3:20 AM (EDT)",22636,,,,,June 2026 retention import from Cohort_Jun26_wo_Payments_7.6.26---70f34bf5-b8e8-4d81-9703-88d2102c7435.xlsx; product-level MRR loaded.,$0.00,$0.00,$0.00,,,"Billing, Tigerpaw",Active,,$583.92,
Bendix Imaging Inc,,,,"September 9, 2026 3:21 AM (EDT)",,,$595.14,$0.00,,,"September 9, 2026 3:21 AM (EDT)","September 9, 2026 3:21 AM (EDT)",22399,,,,,June 2026 retention import from Cohort_Jun26_wo_Payments_7.6.26---70f34bf5-b8e8-4d81-9703-88d2102c7435.xlsx; product-level MRR loaded.,$0.00,$0.00,$0.00,,,Tigerpaw,Active,,$595.14,
"Tate Communications, LLC",,,,"September 9, 2026 3:21 AM (EDT)",,Ingrid Beard,$588.50,$0.00,,,"September 9, 2026 3:21 AM (EDT)","September 9, 2026 3:21 AM (EDT)",22787,,,"March 27, 2026",,June 2026 retention import from Cohort_Jun26_wo_Payments_7.6.26---70f34bf5-b8e8-4d81-9703-88d2102c7435.xlsx; product-level MRR loaded.,$0.00,$0.00,$0.00,,,Tigerpaw,Active,,$588.50,
Sabre Integrated Security Systems LLC,,,,"September 9, 2026 3:21 AM (EDT)",,,$607.07,$0.00,,,"September 9, 2026 3:21 AM (EDT)","September 9, 2026 3:21 AM (EDT)",22477,,,,,June 2026 retention import from Cohort_Jun26_wo_Payments_7.6.26---70f34bf5-b8e8-4d81-9703-88d2102c7435.xlsx; product-level MRR loaded.,$0.00,$0.00,$0.00,,,Tigerpaw,Active,,$580.00,
Grand Central Station Internet Services Inc,,,,"September 9, 2026 3:21 AM (EDT)",,Jakob Champion,$588.50,$0.00,,,"September 9, 2026 3:21 AM (EDT)","September 9, 2026 3:21 AM (EDT)",22305,,,"December 9, 2024",,June 2026 retention import from Cohort_Jun26_wo_Payments_7.6.26---70f34bf5-b8e8-4d81-9703-88d2102c7435.xlsx; product-level MRR loaded.,$0.00,$0.00,$0.00,,,Tigerpaw,Active,,$588.50,
Commworld Metro,,,,"September 9, 2026 3:21 AM (EDT)",,Ingrid Beard,$572.45,$0.00,,,"September 9, 2026 3:21 AM (EDT)","September 9, 2026 3:21 AM (EDT)",22724,,,"September 30, 2024",,June 2026 retention import from Cohort_Jun26_wo_Payments_7.6.26---70f34bf5-b8e8-4d81-9703-88d2102c7435.xlsx; product-level MRR loaded.,$0.00,$0.00,$0.00,,,Tigerpaw,Active,,$572.45,
Input Group,,,,"June 29, 2026 1:02 PM (EDT)",,Jaylin Bender,$13.41,$0.00,,,"June 29, 2026 1:02 PM (EDT)","June 29, 2026 1:02 PM (EDT)",22843,,,,,June 2026 retention import from Cohort_Jun26_wo_Payments_7.6.26---70f34bf5-b8e8-4d81-9703-88d2102c7435.xlsx; product-level MRR loaded.,$0.00,$0.00,$13.41,,,Payments,Active,,$0.00,
"BFPE International, Inc.",,,,"September 9, 2026 3:21 AM (EDT)",,Katerra Stephenson-Greenwood,$572.45,$0.00,,,"September 9, 2026 3:21 AM (EDT)","September 9, 2026 3:21 AM (EDT)",22554,,,,,June 2026 retention import from Cohort_Jun26_wo_Payments_7.6.26---70f34bf5-b8e8-4d81-9703-88d2102c7435.xlsx; product-level MRR loaded.,$0.00,$0.00,$0.00,,,Tigerpaw,Active,,$572.45,
Valley Lock & Security,,,,"September 9, 2026 3:21 AM (EDT)",,Ingrid Beard,$591.04,$0.00,,,"September 9, 2026 3:21 AM (EDT)","September 9, 2026 3:21 AM (EDT)",22066,,,"May 22, 2026",,June 2026 retention import from Cohort_Jun26_wo_Payments_7.6.26---70f34bf5-b8e8-4d81-9703-88d2102c7435.xlsx; product-level MRR loaded.,$0.00,$0.00,$98.18,,,Tigerpaw,Active,,$591.04,
Radio Communications of Charleston,,,,"September 9, 2026 3:21 AM (EDT)",,Jakob Champion,$618.00,$0.00,,,"September 9, 2026 3:21 AM (EDT)","September 9, 2026 3:21 AM (EDT)",22179,,,"July 19, 2024",,June 2026 retention import from Cohort_Jun26_wo_Payments_7.6.26---70f34bf5-b8e8-4d81-9703-88d2102c7435.xlsx; product-level MRR loaded.,$0.00,$0.00,$0.00,,,Tigerpaw,Active,,$618.00,
TREIN Management,,,,"June 29, 2026 1:01 PM (EDT)",,Jaylin Bender,$0.00,$0.00,TREINMANAGEMENTRMM,TREINMANAGEMENTRMM,"June 29, 2026 1:01 PM (EDT)","June 29, 2026 1:01 PM (EDT)",22985,,,,,June 2026 retention import from Cohort_Jun26_wo_Payments_7.6.26---70f34bf5-b8e8-4d81-9703-88d2102c7435.xlsx; product-level MRR loaded.,$0.00,$0.00,$0.00,,,PSA Web,Churned,,$0.00,
Adalex,,,,"September 9, 2026 3:21 AM (EDT)",,,$562.45,$0.00,,,"September 9, 2026 3:21 AM (EDT)","September 9, 2026 3:21 AM (EDT)",22269,,,,,June 2026 retention import from Cohort_Jun26_wo_Payments_7.6.26---70f34bf5-b8e8-4d81-9703-88d2102c7435.xlsx; product-level MRR loaded.,$0.00,$0.00,$0.00,,,Tigerpaw,Active,,$562.45,
Pace Security,,,,"September 9, 2026 3:21 AM (EDT)",,Jakob Champion,$562.26,$0.00,,,"September 9, 2026 3:21 AM (EDT)","September 9, 2026 3:21 AM (EDT)",22453,,,,,June 2026 retention import from Cohort_Jun26_wo_Payments_7.6.26---70f34bf5-b8e8-4d81-9703-88d2102c7435.xlsx; product-level MRR loaded.,$0.00,$0.00,$0.00,,,Tigerpaw,Active,,$562.26,
"Environmental & Safety Support Group, LLC",,,,"September 9, 2026 3:21 AM (EDT)",,,$561.75,$0.00,,,"September 9, 2026 3:21 AM (EDT)","September 9, 2026 3:21 AM (EDT)",22730,,,,,June 2026 retention import from Cohort_Jun26_wo_Payments_7.6.26---70f34bf5-b8e8-4d81-9703-88d2102c7435.xlsx; product-level MRR loaded.,$0.00,$0.00,$0.00,,,Tigerpaw,Active,,$561.75,
"Optel BCS, Inc",,,,"September 9, 2026 3:21 AM (EDT)",,Ingrid Beard,$574.85,$0.00,,,"September 9, 2026 3:21 AM (EDT)","September 9, 2026 3:21 AM (EDT)",22260,,,,,June 2026 retention import from Cohort_Jun26_wo_Payments_7.6.26---70f34bf5-b8e8-4d81-9703-88d2102c7435.xlsx; product-level MRR loaded.,$0.00,$0.00,$0.00,,,Tigerpaw,Active,,$561.75,
Premise Solutions,"May 30, 2026","June 29, 2026","July 29, 2026","September 9, 2026 3:21 AM (EDT)",rinor.berisha,Jakob Champion,$560.00,$0.00,PREMISESOLUTIONSPSA,PREMISESOLUTIONSPSA,"September 9, 2026 3:21 AM (EDT)","September 9, 2026 3:21 AM (EDT)",22966,"April 30, 2026",Graduated,,,June 2026 retention import from Cohort_Jun26_wo_Payments_7.6.26---70f34bf5-b8e8-4d81-9703-88d2102c7435.xlsx; product-level MRR loaded.,$0.00,$560.00,$0.00,,,PSA Web,Active,,$0.00,
Teleco Wilmington,,,,"September 9, 2026 3:21 AM (EDT)",,Katerra Stephenson-Greenwood,$577.10,$0.00,,,"September 9, 2026 3:21 AM (EDT)","September 9, 2026 3:21 AM (EDT)",22645,,,"June 24, 2026",,June 2026 retention import from Cohort_Jun26_wo_Payments_7.6.26---70f34bf5-b8e8-4d81-9703-88d2102c7435.xlsx; product-level MRR loaded.,$0.00,$0.00,$0.00,,,Tigerpaw,Active,,$580.65,
CommWorld Of Kansas City,,,,"September 9, 2026 3:21 AM (EDT)",,Ingrid Beard,$553.00,$0.00,,,"September 9, 2026 3:21 AM (EDT)","September 9, 2026 3:21 AM (EDT)",22657,,,,,June 2026 retention import from Cohort_Jun26_wo_Payments_7.6.26---70f34bf5-b8e8-4d81-9703-88d2102c7435.xlsx; product-level MRR loaded.,$0.00,$0.00,$0.00,,,Tigerpaw,Active,,$553.00,
Delta Telephone & Cabling,,,,"September 9, 2026 3:21 AM (EDT)",,Justin Lee,$553.00,$0.00,,,"September 9, 2026 3:21 AM (EDT)","September 9, 2026 3:21 AM (EDT)",22701,,,"October 15, 2024",,June 2026 retention import from Cohort_Jun26_wo_Payments_7.6.26---70f34bf5-b8e8-4d81-9703-88d2102c7435.xlsx; product-level MRR loaded.,$0.00,$0.00,$0.00,,,Tigerpaw,Active,,$553.00,
"Ormsbys Computer Store, Inc.",,,,"September 9, 2026 3:21 AM (EDT)",,Jakob Champion,$553.00,$0.00,,,"September 9, 2026 3:21 AM (EDT)","September 9, 2026 3:21 AM (EDT)",22681,,,"October 28, 2024",,June 2026 retention import from Cohort_Jun26_wo_Payments_7.6.26---70f34bf5-b8e8-4d81-9703-88d2102c7435.xlsx; product-level MRR loaded.,$0.00,$0.00,$0.00,,,Tigerpaw,Active,,$553.00,
Dakota Structured Cabling - DSC.,,,,"September 9, 2026 3:21 AM (EDT)",Sarah McGovern,,$580.65,$0.00,,,"September 9, 2026 3:21 AM (EDT)","September 9, 2026 3:21 AM (EDT)",22377,,,,,June 2026 retention import from Cohort_Jun26_wo_Payments_7.6.26---70f34bf5-b8e8-4d81-9703-88d2102c7435.xlsx; product-level MRR loaded.,$0.00,$0.00,$0.00,,,Tigerpaw,Active,,$580.65,
DSR Inc.,,,,"September 9, 2026 3:21 AM (EDT)",,Jakob Champion,$553.00,$0.00,,,"September 9, 2026 3:21 AM (EDT)","September 9, 2026 3:21 AM (EDT)",22271,,,"June 12, 2024",,June 2026 retention import from Cohort_Jun26_wo_Payments_7.6.26---70f34bf5-b8e8-4d81-9703-88d2102c7435.xlsx; product-level MRR loaded.,$0.00,$0.00,$0.00,,,Tigerpaw,Active,,$553.00,
Innovative Technologies,,,,"September 9, 2026 3:22 AM (EDT)",,Ingrid Beard,$553.00,$0.00,,,"September 9, 2026 3:22 AM (EDT)","September 9, 2026 3:22 AM (EDT)",22262,,,,,June 2026 retention import from Cohort_Jun26_wo_Payments_7.6.26---70f34bf5-b8e8-4d81-9703-88d2102c7435.xlsx; product-level MRR loaded.,$0.00,$0.00,$0.00,,,Tigerpaw,Active,,$553.00,
Interseckt Corporation,,,,"September 9, 2026 3:22 AM (EDT)",Sarah McGovern,Justin Lee,$553.00,$0.00,,,"September 9, 2026 3:22 AM (EDT)","September 9, 2026 3:22 AM (EDT)",22273,,,,,June 2026 retention import from Cohort_Jun26_wo_Payments_7.6.26---70f34bf5-b8e8-4d81-9703-88d2102c7435.xlsx; product-level MRR loaded.,$0.00,$0.00,$0.00,,,Tigerpaw,Active,,$553.00,
Total Comfort Weatherization,,,,"September 9, 2026 3:22 AM (EDT)",,Ingrid Beard,$553.00,$0.00,,,"September 9, 2026 3:22 AM (EDT)","September 9, 2026 3:22 AM (EDT)",22222,,,"October 31, 2023",,June 2026 retention import from Cohort_Jun26_wo_Payments_7.6.26---70f34bf5-b8e8-4d81-9703-88d2102c7435.xlsx; product-level MRR loaded.,$0.00,$0.00,$0.00,,,Tigerpaw,Active,,$553.00,
"Kellan Systems, Inc.",,,,"September 9, 2026 3:22 AM (EDT)",,Jakob Champion,$553.00,$0.00,,,"September 9, 2026 3:22 AM (EDT)","September 9, 2026 3:22 AM (EDT)",22063,,,"June 20, 2024",,June 2026 retention import from Cohort_Jun26_wo_Payments_7.6.26---70f34bf5-b8e8-4d81-9703-88d2102c7435.xlsx; product-level MRR loaded.,$0.00,$0.00,$202.09,,,Tigerpaw,Active,,$553.00,
One Source Communications,,,,"September 9, 2026 3:22 AM (EDT)",Sarah McGovern,Justin Lee,$553.00,$0.00,,,"September 9, 2026 3:22 AM (EDT)","September 9, 2026 3:22 AM (EDT)",22035,,,,,June 2026 retention import from Cohort_Jun26_wo_Payments_7.6.26---70f34bf5-b8e8-4d81-9703-88d2102c7435.xlsx; product-level MRR loaded.,$0.00,$0.00,$0.00,,,Tigerpaw,Active,,$553.00,
Advanced Concepts,,,,"September 9, 2026 3:22 AM (EDT)",rinor.berisha,Justin Lee,$553.00,$0.00,,,"September 9, 2026 3:22 AM (EDT)","September 9, 2026 3:22 AM (EDT)",22021,,,,,June 2026 retention import from Cohort_Jun26_wo_Payments_7.6.26---70f34bf5-b8e8-4d81-9703-88d2102c7435.xlsx; product-level MRR loaded.,$0.00,$0.00,$0.00,,,Tigerpaw,Active,,$553.00,
New Haven Cash Register,,,,"September 9, 2026 3:22 AM (EDT)",,Ingrid Beard,$553.00,$0.00,,,"September 9, 2026 3:22 AM (EDT)","September 9, 2026 3:22 AM (EDT)",22007,,,,,June 2026 retention import from Cohort_Jun26_wo_Payments_7.6.26---70f34bf5-b8e8-4d81-9703-88d2102c7435.xlsx; product-level MRR loaded.,$0.00,$0.00,$0.00,,,Tigerpaw,Active,,$553.00,
City Tel Communications Inc.,,,,"September 9, 2026 3:22 AM (EDT)",,Jakob Champion,$553.00,$0.00,,,"September 9, 2026 3:22 AM (EDT)","September 9, 2026 3:22 AM (EDT)",22081,,,"March 27, 2024",,June 2026 retention import from Cohort_Jun26_wo_Payments_7.6.26---70f34bf5-b8e8-4d81-9703-88d2102c7435.xlsx; product-level MRR loaded.,$0.00,$0.00,$0.00,,,Tigerpaw,Active,,$553.00,
ESM Security Systems,,,,"September 9, 2026 3:22 AM (EDT)",,Katerra Stephenson-Greenwood,$553.00,$0.00,,,"September 9, 2026 3:22 AM (EDT)","September 9, 2026 3:22 AM (EDT)",22141,,,,,June 2026 retention import from Cohort_Jun26_wo_Payments_7.6.26---70f34bf5-b8e8-4d81-9703-88d2102c7435.xlsx; product-level MRR loaded.,$0.00,$0.00,$0.00,,,Tigerpaw,Active,,$553.00,
Canyon Telecom,,,,"September 9, 2026 3:22 AM (EDT)",Sarah McGovern,Katerra Stephenson-Greenwood,$551.25,$0.00,,,"September 9, 2026 3:22 AM (EDT)","September 9, 2026 3:22 AM (EDT)",22750,,,"July 24, 2025",,June 2026 retention import from Cohort_Jun26_wo_Payments_7.6.26---70f34bf5-b8e8-4d81-9703-88d2102c7435.xlsx; product-level MRR loaded.,$0.00,$0.00,$0.00,,,Tigerpaw,Active,,$551.25,
Heartland Steel Doors Ltd.,,,,"September 9, 2026 3:22 AM (EDT)",,Justin Lee,$551.05,$0.00,,,"September 9, 2026 3:22 AM (EDT)","September 9, 2026 3:22 AM (EDT)",22436,,,"April 9, 2026",,June 2026 retention import from Cohort_Jun26_wo_Payments_7.6.26---70f34bf5-b8e8-4d81-9703-88d2102c7435.xlsx; product-level MRR loaded.,$0.00,$0.00,$0.00,,,Tigerpaw,Active,,$551.05,
CTI (Concate Technologies),,,,"September 9, 2026 3:21 AM (EDT)",Sarah McGovern,Ingrid Beard,$577.32,$0.00,,,"September 9, 2026 3:21 AM (EDT)","September 9, 2026 3:21 AM (EDT)",22024,,,,,June 2026 retention import from Cohort_Jun26_wo_Payments_7.6.26---70f34bf5-b8e8-4d81-9703-88d2102c7435.xlsx; product-level MRR loaded.,$0.00,$0.00,$0.00,,,Tigerpaw,Active,,$577.32,
Wagner Life Science,,,,"September 9, 2026 3:21 AM (EDT)",Sarah McGovern,,$614.24,$0.00,,,"September 9, 2026 3:21 AM (EDT)","September 9, 2026 3:21 AM (EDT)",22142,,,,,June 2026 retention import from Cohort_Jun26_wo_Payments_7.6.26---70f34bf5-b8e8-4d81-9703-88d2102c7435.xlsx; product-level MRR loaded.,$0.00,$0.00,$0.00,,,Tigerpaw,Active,,$625.40,
Turner Teleco Inc,,,,"September 9, 2026 3:21 AM (EDT)",,,$572.45,$0.00,,,"September 9, 2026 3:21 AM (EDT)","September 9, 2026 3:21 AM (EDT)",22327,,,,,June 2026 retention import from Cohort_Jun26_wo_Payments_7.6.26---70f34bf5-b8e8-4d81-9703-88d2102c7435.xlsx; product-level MRR loaded.,$0.00,$0.00,$0.00,,,Tigerpaw,Active,,$572.45,
"Calibration, Validation & Research Inc.",,,,"September 9, 2026 3:22 AM (EDT)",,Katerra Stephenson-Greenwood,$546.96,$0.00,,,"September 9, 2026 3:22 AM (EDT)","September 9, 2026 3:22 AM (EDT)",22207,,,,,June 2026 retention import from Cohort_Jun26_wo_Payments_7.6.26---70f34bf5-b8e8-4d81-9703-88d2102c7435.xlsx; product-level MRR loaded.,$0.00,$0.00,$0.00,,,Tigerpaw,Active,,$546.96,
Accelerated Technologies,,,,"February 25, 2026 7:00 PM (EST)",,Jakob Champion,$502.80,$502.96,ACCELERATEDTECH,ACCELERATEDTECH,"February 24, 2027 7:00 PM (EST)","February 25, 2026 7:00 PM (EST)",22937,,,"May 19, 2026",,June 2026 retention import from Cohort_Jun26_wo_Payments_7.6.26---70f34bf5-b8e8-4d81-9703-88d2102c7435.xlsx; product-level MRR loaded.,$0.00,$0.00,$0.00,,,Billing,Active,,$0.00,
Intermax Networks,,,,"September 9, 2026 3:21 AM (EDT)",,,$583.92,$0.00,,,"September 9, 2026 3:21 AM (EDT)","September 9, 2026 3:21 AM (EDT)",22250,,,"June 12, 2024",,June 2026 retention import from Cohort_Jun26_wo_Payments_7.6.26---70f34bf5-b8e8-4d81-9703-88d2102c7435.xlsx; product-level MRR loaded.,$0.00,$0.00,$0.00,,,Tigerpaw,Active,,$583.92,
PC Netsource,,,,"September 9, 2026 3:22 AM (EDT)",,Justin Lee,$545.66,$0.00,,,"September 9, 2026 3:22 AM (EDT)","September 9, 2026 3:22 AM (EDT)",22736,,,"July 10, 2025",,June 2026 retention import from Cohort_Jun26_wo_Payments_7.6.26---70f34bf5-b8e8-4d81-9703-88d2102c7435.xlsx; product-level MRR loaded.,$0.00,$0.00,$0.00,,,Tigerpaw,Active,,$545.66,
Gracon Services,,,,"September 9, 2026 3:22 AM (EDT)",,Ingrid Beard,$545.66,$0.00,,,"September 9, 2026 3:22 AM (EDT)","September 9, 2026 3:22 AM (EDT)",22655,,,,,June 2026 retention import from Cohort_Jun26_wo_Payments_7.6.26---70f34bf5-b8e8-4d81-9703-88d2102c7435.xlsx; product-level MRR loaded.,$0.00,$0.00,$0.00,,,Tigerpaw,Active,,$545.66,
MicroAge Prince George / DEFAU,,,,"September 9, 2026 3:22 AM (EDT)",,Ingrid Beard,$553.00,$0.00,,,"September 9, 2026 3:22 AM (EDT)","September 9, 2026 3:22 AM (EDT)",22182,,,,,June 2026 retention import from Cohort_Jun26_wo_Payments_7.6.26---70f34bf5-b8e8-4d81-9703-88d2102c7435.xlsx; product-level MRR loaded.,$0.00,$0.00,$0.00,,,Tigerpaw,Active,,$553.00,
MessageUS LLC,,,,"October 7, 2024 8:00 PM (EDT)",,Jakob Champion,$504.64,$504.82,MESSAGEUS,MESSAGEUS,"October 6, 2025 8:00 PM (EDT)","October 7, 2024 8:00 PM (EDT)",21060,,,"April 1, 2026",,June 2026 retention import from Cohort_Jun26_wo_Payments_7.6.26---70f34bf5-b8e8-4d81-9703-88d2102c7435.xlsx; product-level MRR loaded.,$0.00,$0.00,$6.92,,,Billing,Active,,$0.00,
Telephone Support Systems Inc,,,,"September 9, 2026 3:22 AM (EDT)",,,$551.25,$0.00,,,"September 9, 2026 3:22 AM (EDT)","September 9, 2026 3:22 AM (EDT)",22790,,,,,June 2026 retention import from Cohort_Jun26_wo_Payments_7.6.26---70f34bf5-b8e8-4d81-9703-88d2102c7435.xlsx; product-level MRR loaded.,$0.00,$0.00,$0.00,,,Tigerpaw,Active,,$551.25,
River City Systems,,,,"September 9, 2026 3:22 AM (EDT)",,Jaylin Bender,$552.60,,,,"September 9, 2026 3:22 AM (EDT)","September 9, 2026 3:22 AM (EDT)",22827,,,,,,,,,,,Tigerpaw,,,,
Central Maine Communications,,,,"September 9, 2026 3:22 AM (EDT)",Sarah McGovern,Jakob Champion,$535.50,$0.00,,,"September 9, 2026 3:22 AM (EDT)","September 9, 2026 3:22 AM (EDT)",22751,,,"October 6, 2025",,June 2026 retention import from Cohort_Jun26_wo_Payments_7.6.26---70f34bf5-b8e8-4d81-9703-88d2102c7435.xlsx; product-level MRR loaded.,$0.00,$0.00,$0.00,,,Tigerpaw,Active,,$535.50,
Electronic Innovations Inc.,,,,"June 29, 2026 1:02 PM (EDT)",,Jake Borah,$535.50,$0.00,,,"June 29, 2026 1:02 PM (EDT)","June 29, 2026 1:02 PM (EDT)",22432,,,,,June 2026 retention import from Cohort_Jun26_wo_Payments_7.6.26---70f34bf5-b8e8-4d81-9703-88d2102c7435.xlsx; product-level MRR loaded.,$0.00,$0.00,$0.00,,,Tigerpaw,Active,,$535.50,
ECI Systems LLC,,,,"September 9, 2026 3:22 AM (EDT)",,Katerra Stephenson-Greenwood,$535.50,$0.00,,,"September 9, 2026 3:22 AM (EDT)","September 9, 2026 3:22 AM (EDT)",22423,,,,,June 2026 retention import from Cohort_Jun26_wo_Payments_7.6.26---70f34bf5-b8e8-4d81-9703-88d2102c7435.xlsx; product-level MRR loaded.,$0.00,$0.00,$0.00,,,Tigerpaw,Active,,$535.50,
Ring Street,,,,"September 9, 2026 3:21 AM (EDT)",,,$572.45,$0.00,RINGSTREETPSA,RINGSTREETPSA,"September 9, 2026 3:21 AM (EDT)","July 9, 2026 8:00 PM (EDT)",22025,,,"February 11, 2026",,June 2026 retention import from Cohort_Jun26_wo_Payments_7.6.26---70f34bf5-b8e8-4d81-9703-88d2102c7435.xlsx; product-level MRR loaded.,$0.00,$0.00,$0.00,,,"PSA Web, Tigerpaw",Active,,$572.45,
INCOTEL-ISQ INC.,,,,"July 2, 2026 3:25 AM (EDT)",,Katerra Stephenson-Greenwood,$535.00,$0.00,,,"July 2, 2026 3:25 AM (EDT)","July 2, 2026 3:25 AM (EDT)",22072,,,,,June 2026 retention import from Cohort_Jun26_wo_Payments_7.6.26---70f34bf5-b8e8-4d81-9703-88d2102c7435.xlsx; product-level MRR loaded.,$0.00,$0.00,$0.00,,,Tigerpaw,Active,,$535.00,
Valhalla Corp,,,,"September 9, 2026 3:22 AM (EDT)",,Ingrid Beard,$532.86,$0.00,,,"September 9, 2026 3:22 AM (EDT)","September 9, 2026 3:22 AM (EDT)",22252,,,"September 19, 2024",,June 2026 retention import from Cohort_Jun26_wo_Payments_7.6.26---70f34bf5-b8e8-4d81-9703-88d2102c7435.xlsx; product-level MRR loaded.,$0.00,$0.00,$0.00,,,Tigerpaw,Active,,$532.86,
"Unified Communications Integrators, LLC",,,,"September 9, 2026 3:22 AM (EDT)",,Katerra Stephenson-Greenwood,$537.72,$0.00,,,"September 9, 2026 3:22 AM (EDT)","September 9, 2026 3:22 AM (EDT)",22389,,,,,June 2026 retention import from Cohort_Jun26_wo_Payments_7.6.26---70f34bf5-b8e8-4d81-9703-88d2102c7435.xlsx; product-level MRR loaded.,$0.00,$0.00,$35.14,,,Tigerpaw,Active,,$535.00,
Sterling Security Systems,,,,"July 29, 2026 3:29 AM (EDT)",,Ingrid Beard,$0.00,$0.00,STERLINGSYSTEMSPSA,STERLINGSYSTEMSPSA,"July 29, 2026 3:29 AM (EDT)","July 29, 2026 3:29 AM (EDT)",22924,,,,,June 2026 retention import from Cohort_Jun26_wo_Payments_7.6.26---70f34bf5-b8e8-4d81-9703-88d2102c7435.xlsx; product-level MRR loaded.,$0.00,$0.00,-$9.86,,,PSA Web,Churned,,$0.00,
"Converged Digital Networks, LLC",,,,"September 9, 2026 3:22 AM (EDT)",,,$553.00,$0.00,,,"September 9, 2026 3:22 AM (EDT)","September 9, 2026 3:22 AM (EDT)",22084,,,,,June 2026 retention import from Cohort_Jun26_wo_Payments_7.6.26---70f34bf5-b8e8-4d81-9703-88d2102c7435.xlsx; product-level MRR loaded.,$0.00,$0.00,$0.00,,,Tigerpaw,Active,,$553.00,
"Greenberry Networks, LLC",,,,"December 26, 2024 7:00 PM (EST)",,,$521.96,$512.60,GREENBERRY,GREENBERRY,"December 25, 2026 7:00 PM (EST)","December 26, 2024 7:00 PM (EST)",21963,,,"April 10, 2026",,June 2026 retention import from Cohort_Jun26_wo_Payments_7.6.26---70f34bf5-b8e8-4d81-9703-88d2102c7435.xlsx; product-level MRR loaded.,$0.00,$0.00,$0.00,,,Billing,Active,,$0.00,
Conder Enterprises LLC,,,,"October 26, 2025 8:00 PM (EDT)",,,$527.16,$527.20,CONDERENTERPRISES,CONDERENTERPRISES,"October 25, 2028 8:00 PM (EDT)","October 26, 2025 8:00 PM (EDT)",22885,,,,,June 2026 retention import from Cohort_Jun26_wo_Payments_7.6.26---70f34bf5-b8e8-4d81-9703-88d2102c7435.xlsx; product-level MRR loaded.,$0.00,$0.00,$21.42,,,Billing,Active,,$0.00,
ICS Communications,,,,"September 9, 2026 3:21 AM (EDT)",,Justin Lee,$596.17,$0.00,ICSCOMMUNICATIONSPSA,ICSCOMMUNICATIONSPSA,"September 9, 2026 3:21 AM (EDT)","July 20, 2026 8:00 PM (EDT)",22205,,,"January 12, 2026",,June 2026 retention import from Cohort_Jun26_wo_Payments_7.6.26---70f34bf5-b8e8-4d81-9703-88d2102c7435.xlsx; product-level MRR loaded.,$0.00,$0.00,$0.00,,,"PSA Web, Tigerpaw",Active,,$561.75,
Double Eagle Voice & Data Systems LLC,,,,"April 29, 2026 8:00 PM (EDT)",,,$505.90,$509.25,DOUBLEEAGLEVOICEANDDATA,DOUBLEEAGLEVOICEANDDATA,"April 29, 2029 8:00 PM (EDT)","April 29, 2026 8:00 PM (EDT)",22892,,,,,June 2026 retention import from Cohort_Jun26_wo_Payments_7.6.26---70f34bf5-b8e8-4d81-9703-88d2102c7435.xlsx; product-level MRR loaded.,$0.00,$0.00,$0.00,,,"Billing, Payments",Active,,$0.00,
Access Technologies,,,,"September 9, 2026 3:22 AM (EDT)",,Andrew Whisenant,$535.00,$0.00,,,"September 9, 2026 3:22 AM (EDT)","September 9, 2026 3:22 AM (EDT)",22192,,,"January 5, 2024",,June 2026 retention import from Cohort_Jun26_wo_Payments_7.6.26---70f34bf5-b8e8-4d81-9703-88d2102c7435.xlsx; product-level MRR loaded.,$0.00,$0.00,$0.00,,,Tigerpaw,Active,,$535.00,
Hoosier Equipment Brokers Inc.,,,,"September 9, 2026 3:22 AM (EDT)",Sarah McGovern,,$535.00,$0.00,,,"September 9, 2026 3:22 AM (EDT)","September 9, 2026 3:22 AM (EDT)",22082,,,,,June 2026 retention import from Cohort_Jun26_wo_Payments_7.6.26---70f34bf5-b8e8-4d81-9703-88d2102c7435.xlsx; product-level MRR loaded.,$0.00,$0.00,$0.00,,,Tigerpaw,Active,,$535.00,
L & S Truck Service,,,,"September 9, 2026 3:22 AM (EDT)",,Ingrid Beard,$543.85,$0.00,,,"September 9, 2026 3:22 AM (EDT)","September 9, 2026 3:22 AM (EDT)",22031,,,"December 11, 2024",,June 2026 retention import from Cohort_Jun26_wo_Payments_7.6.26---70f34bf5-b8e8-4d81-9703-88d2102c7435.xlsx; product-level MRR loaded.,$0.00,$0.00,$0.00,,,Tigerpaw,Active,,$543.85,
Chesapeake Communications Inc,,,,"September 9, 2026 3:22 AM (EDT)",,Katerra Stephenson-Greenwood,$543.85,$0.00,,,"September 9, 2026 3:22 AM (EDT)","September 9, 2026 3:22 AM (EDT)",22752,,,"January 23, 2024",,June 2026 retention import from Cohort_Jun26_wo_Payments_7.6.26---70f34bf5-b8e8-4d81-9703-88d2102c7435.xlsx; product-level MRR loaded.,$0.00,$0.00,$0.00,,,Tigerpaw,Active,,$543.85,
"Total Comm Services, Inc. dba Alarm 24",,,,"June 29, 2026 1:02 PM (EDT)",,Jakob Champion,-$9.86,$0.00,ALARM24PSA,ALARM24PSA,"June 29, 2026 1:02 PM (EDT)","June 29, 2026 1:02 PM (EDT)",22887,,,,,June 2026 retention import from Cohort_Jun26_wo_Payments_7.6.26---70f34bf5-b8e8-4d81-9703-88d2102c7435.xlsx; product-level MRR loaded.,$0.00,$0.00,-$9.86,,,Payments,Churned,,$0.00,
"PANZ LUMBER INTERNATIONAL INC, dba Eazy Connect",,,,"July 24, 2025 8:00 PM (EDT)",,,$535.66,$528.80,EAZYCONNECT,EAZYCONNECT,"July 23, 2027 8:00 PM (EDT)","July 24, 2025 8:00 PM (EDT)",21988,,,,,June 2026 retention import from Cohort_Jun26_wo_Payments_7.6.26---70f34bf5-b8e8-4d81-9703-88d2102c7435.xlsx; product-level MRR loaded.,$0.00,$0.00,$0.00,,,Billing,Active,,$0.00,
"Advanced Procomm, LLC",,,,"September 9, 2026 3:22 AM (EDT)",,,$545.57,$0.00,,,"September 9, 2026 3:22 AM (EDT)","September 9, 2026 3:22 AM (EDT)",22569,,,,,June 2026 retention import from Cohort_Jun26_wo_Payments_7.6.26---70f34bf5-b8e8-4d81-9703-88d2102c7435.xlsx; product-level MRR loaded.,$0.00,$0.00,-$15.00,,,Tigerpaw,Active,,$513.60,
Ameritel Northridge,,,,"September 9, 2026 3:22 AM (EDT)",,Justin Lee,$551.25,$0.00,,,"September 9, 2026 3:22 AM (EDT)","September 9, 2026 3:22 AM (EDT)",22661,,,,,June 2026 retention import from Cohort_Jun26_wo_Payments_7.6.26---70f34bf5-b8e8-4d81-9703-88d2102c7435.xlsx; product-level MRR loaded.,$0.00,$0.00,$0.00,,,Tigerpaw,Active,,$551.25,
Overtime Accessories,,,,"September 9, 2026 3:22 AM (EDT)",,,$522.60,$0.00,,,"September 9, 2026 3:22 AM (EDT)","September 9, 2026 3:22 AM (EDT)",22459,,,,,June 2026 retention import from Cohort_Jun26_wo_Payments_7.6.26---70f34bf5-b8e8-4d81-9703-88d2102c7435.xlsx; product-level MRR loaded.,$0.00,$0.00,$0.00,,,Tigerpaw,Active,,$522.60,
Davis Ulmer Fire Protection (New Hampshire),,,,"September 9, 2026 3:22 AM (EDT)",,,$513.60,$0.00,,,"September 9, 2026 3:22 AM (EDT)","September 9, 2026 3:22 AM (EDT)",22587,,,,,June 2026 retention import from Cohort_Jun26_wo_Payments_7.6.26---70f34bf5-b8e8-4d81-9703-88d2102c7435.xlsx; product-level MRR loaded.,$0.00,$0.00,$0.00,,,Tigerpaw,Active,,$513.60,
Georgia Technology Systems,"May 28, 2026","June 27, 2026","July 27, 2026","September 9, 2026 3:21 AM (EDT)",jacob.williams,Justin Lee,$700.00,$0.00,GEORGIATECHNOLOGYPSA,GEORGIATECHNOLOGYPSA,"September 9, 2026 3:21 AM (EDT)","September 9, 2026 3:21 AM (EDT)",22974,"April 28, 2026",,,,June 2026 retention import from Cohort_Jun26_wo_Payments_7.6.26---70f34bf5-b8e8-4d81-9703-88d2102c7435.xlsx; product-level MRR loaded.,$0.00,$700.00,$0.00,,,PSA Web,Active,,$0.00,
Unique Communications Inc,,,,"September 9, 2026 3:22 AM (EDT)",,,$506.58,$0.00,,,"September 9, 2026 3:22 AM (EDT)","September 9, 2026 3:22 AM (EDT)",22796,,,"May 26, 2026",,June 2026 retention import from Cohort_Jun26_wo_Payments_7.6.26---70f34bf5-b8e8-4d81-9703-88d2102c7435.xlsx; product-level MRR loaded.,$0.00,$0.00,$141.70,,,Tigerpaw,Active,,$506.58,
Netirio,,,,"March 24, 2026 8:00 PM (EDT)",,Katerra Stephenson-Greenwood,$520.03,$502.73,NETIRIO,NETIRIO,"March 23, 2029 8:00 PM (EDT)","March 24, 2026 8:00 PM (EDT)",22961,,,,,June 2026 retention import from Cohort_Jun26_wo_Payments_7.6.26---70f34bf5-b8e8-4d81-9703-88d2102c7435.xlsx; product-level MRR loaded.,$0.00,$0.00,$0.00,,,Billing,Active,,$0.00,
BIT Happens LLC,,,,"April 2, 2026 8:00 PM (EDT)",,,$500.00,$500.00,CCOR,CCOR,"April 1, 2029 8:00 PM (EDT)","April 2, 2026 8:00 PM (EDT)",22956,,,,,June 2026 retention import from Cohort_Jun26_wo_Payments_7.6.26---70f34bf5-b8e8-4d81-9703-88d2102c7435.xlsx; product-level MRR loaded.,$0.00,$0.00,$0.00,,,Billing,Active,,$0.00,
Knight Security Alarm,"May 22, 2026","June 21, 2026","July 21, 2026","September 9, 2026 3:22 AM (EDT)",jacob.williams,Katerra Stephenson-Greenwood,$500.00,$0.00,KNIGHTSECPSA,KNIGHTSECPSA,"September 9, 2026 3:22 AM (EDT)","September 9, 2026 3:22 AM (EDT)",22918,"April 22, 2026",Graduated,,,June 2026 retention import from Cohort_Jun26_wo_Payments_7.6.26---70f34bf5-b8e8-4d81-9703-88d2102c7435.xlsx; product-level MRR loaded.,$0.00,$500.00,-$10.53,,,PSA Web,Active,,$0.00,
Aspen Communications,,,,"September 9, 2026 3:22 AM (EDT)",,Jakob Champion,$513.60,$0.00,,,"September 9, 2026 3:22 AM (EDT)","September 9, 2026 3:22 AM (EDT)",22465,,,"October 2, 2024",,June 2026 retention import from Cohort_Jun26_wo_Payments_7.6.26---70f34bf5-b8e8-4d81-9703-88d2102c7435.xlsx; product-level MRR loaded.,$0.00,$0.00,$0.00,,,Tigerpaw,Active,,$513.60,
Hawkeye Alarm,"May 30, 2026","June 29, 2026","July 29, 2026","July 10, 2026 3:22 AM (EDT)",jacob.williams,Jakob Champion,$730.00,$0.00,HAWKEYEALARMPSA,HAWKEYEALARMPSA,"July 10, 2026 3:22 AM (EDT)","July 10, 2026 3:22 AM (EDT)",22981,"April 30, 2026",,,,June 2026 retention import from Cohort_Jun26_wo_Payments_7.6.26---70f34bf5-b8e8-4d81-9703-88d2102c7435.xlsx; product-level MRR loaded.,$0.00,$730.00,$0.00,,,PSA Web,Active,,$0.00,
Kellsec Security Solutions,,,,"June 29, 2026 1:02 PM (EDT)",,Abbey Mcintosh,$537.91,,KELLSECSECURITYPSA,KELLSECSECURITYPSA,"June 29, 2026 1:02 PM (EDT)","June 29, 2026 1:02 PM (EDT)",23000,,,,,,,,,,,PSA Web,"At Risk, Onboarding",,,
ARS Technical Services,,,,,,Jaylin Bender,$500.00,,,,,,22957,,Canceled - Functionality,,,,,,,,,,Churned,,,
Troy Security Systems,"June 28, 2026","July 28, 2026","August 27, 2026","September 9, 2026 3:22 AM (EDT)",jacob.williams,Justin Lee,$500.00,,TROYSECURITYSYSTEMSPSA,TROYSECURITYSYSTEMSPSA,"September 9, 2026 3:22 AM (EDT)","September 9, 2026 3:22 AM (EDT)",22976,"May 29, 2026",,,,,,,,,,PSA Web,Active,,,
Louisville Tech,,,,"May 28, 2026 8:00 PM (EDT)",,Ingrid Beard,$548.96,$551.31,LOUISVILLETECH,LOUISVILLETECH,"May 27, 2027 8:00 PM (EDT)","May 28, 2026 8:00 PM (EDT)",22978,,,,,June 2026 retention import from Cohort_Jun26_wo_Payments_7.6.26---70f34bf5-b8e8-4d81-9703-88d2102c7435.xlsx; product-level MRR loaded.,$0.00,$0.00,$35.14,,,Billing,Active,,$0.00,
Security Measures,,,,"June 29, 2026 1:02 PM (EDT)",,,$0.00,$0.00,SECURITYMEASURESPSA,SECURITYMEASURESPSA,"June 29, 2026 1:02 PM (EDT)","June 29, 2026 1:02 PM (EDT)",22928,,,,,June 2026 retention import from Cohort_Jun26_wo_Payments_7.6.26---70f34bf5-b8e8-4d81-9703-88d2102c7435.xlsx; product-level MRR loaded.,$0.00,$0.00,$0.00,,,PSA Web,Churned,,$0.00,
Rapid Broadband,"May 30, 2026","June 29, 2026","July 29, 2026","August 4, 2026 3:27 AM (EDT)",Ryan Burton,Jakob Champion,$515.15,$0.00,RAPIDBROADBANDPSA,RAPIDBROADBANDPSA,"August 4, 2026 3:27 AM (EDT)","August 4, 2026 3:27 AM (EDT)",22930,"April 30, 2026",Graduated,"May 13, 2026",,June 2026 retention import from Cohort_Jun26_wo_Payments_7.6.26---70f34bf5-b8e8-4d81-9703-88d2102c7435.xlsx; product-level MRR loaded.,$0.00,$500.00,$0.00,,,PSA Web,"Active, At Risk",,$0.00,
Brown's Custom Installation & Security,,,,,,Jaylin Bender,$8.14,$0.00,,,,,22931,,,,,June 2026 retention import from Cohort_Jun26_wo_Payments_7.6.26---70f34bf5-b8e8-4d81-9703-88d2102c7435.xlsx; product-level MRR loaded.,$0.00,$0.00,$8.14,,,Payments,Active,,$0.00,
Nevada Security Company,,,,"September 9, 2026 3:22 AM (EDT)",,Justin Lee,$500.00,$0.00,NEVADASECURITYPSAPSA,NEVADASECURITYPSAPSA,"September 9, 2026 3:22 AM (EDT)","October 8, 2025 8:00 PM (EDT)",22925,,,,,June 2026 retention import from Cohort_Jun26_wo_Payments_7.6.26---70f34bf5-b8e8-4d81-9703-88d2102c7435.xlsx; product-level MRR loaded.,$0.00,$500.00,$0.00,,,PSA Web,Active,,$0.00,
Top Grade Tech,,,,"September 22, 2025 8:00 PM (EDT)",,Katerra Stephenson-Greenwood,$500.00,,TOPGRADETELECOM,TOPGRADETELECOM,"September 21, 2028 8:00 PM (EDT)","September 22, 2025 8:00 PM (EDT)",22876,,,,,,,,,,,"Billing, Payments",,,,
"Ataraxis Solutions, LLC","March 27, 2026","April 26, 2026","May 26, 2026","August 31, 2025 8:00 PM (EDT)",jacob.williams,,$500.00,$0.00,,,"September 9, 2026 3:22 AM (EDT)","September 9, 2026 3:22 AM (EDT)",22866,"February 25, 2026",,,,June 2026 retention import from Cohort_Jun26_wo_Payments_7.6.26---70f34bf5-b8e8-4d81-9703-88d2102c7435.xlsx; product-level MRR loaded.,$0.00,$0.00,$8.14,,,Tigerpaw,Active,,$500.00,
Wired Media Solutions - WMS INC,,,,"September 9, 2026 3:22 AM (EDT)",,,$535.00,$0.00,,,"September 9, 2026 3:22 AM (EDT)","September 9, 2026 3:22 AM (EDT)",22614,,,,,June 2026 retention import from Cohort_Jun26_wo_Payments_7.6.26---70f34bf5-b8e8-4d81-9703-88d2102c7435.xlsx; product-level MRR loaded.,$0.00,$0.00,$0.00,,,Tigerpaw,Active,,$535.00,
Jeffrey Forrester,,,,"September 9, 2026 3:22 AM (EDT)",,,$535.00,$0.00,,,"September 9, 2026 3:22 AM (EDT)","September 9, 2026 3:22 AM (EDT)",22615,,,,,June 2026 retention import from Cohort_Jun26_wo_Payments_7.6.26---70f34bf5-b8e8-4d81-9703-88d2102c7435.xlsx; product-level MRR loaded.,$0.00,$0.00,$0.00,,,Tigerpaw,Active,,$535.00,
Simoni Systems Inc.,,,,,,,$0.00,$0.00,,,,,22623,,,,,June 2026 retention import from Cohort_Jun26_wo_Payments_7.6.26---70f34bf5-b8e8-4d81-9703-88d2102c7435.xlsx; product-level MRR loaded.,$0.00,$0.00,$0.00,,,Tigerpaw,Churned,,$0.00,
"CityBlue Technologies, LLC",,,,"September 9, 2026 3:22 AM (EDT)",,Jakob Champion,$502.50,$0.00,,,"September 9, 2026 3:22 AM (EDT)","September 9, 2026 3:22 AM (EDT)",22726,,,,,June 2026 retention import from Cohort_Jun26_wo_Payments_7.6.26---70f34bf5-b8e8-4d81-9703-88d2102c7435.xlsx; product-level MRR loaded.,$0.00,$0.00,$0.00,,,Tigerpaw,Active,,$500.00,
Digicorp LLC,,,,"September 9, 2026 3:22 AM (EDT)",,,$500.00,$0.00,,,"September 9, 2026 3:22 AM (EDT)","September 9, 2026 3:22 AM (EDT)",22666,,,,,June 2026 retention import from Cohort_Jun26_wo_Payments_7.6.26---70f34bf5-b8e8-4d81-9703-88d2102c7435.xlsx; product-level MRR loaded.,$0.00,$0.00,$0.00,,,Tigerpaw,Active,,$500.00,
"HTDNET, LLC",,,,"September 28, 2025 8:00 PM (EDT)",,Jakob Champion,$500.00,$500.00,HTDNET,HTDNET,"September 27, 2028 8:00 PM (EDT)","September 28, 2025 8:00 PM (EDT)",21991,,,"March 31, 2026",,June 2026 retention import from Cohort_Jun26_wo_Payments_7.6.26---70f34bf5-b8e8-4d81-9703-88d2102c7435.xlsx; product-level MRR loaded.,$0.00,$0.00,$76.46,,,Billing,Active,,$0.00,
ESTECHRESELLER,,,,"September 9, 2026 3:22 AM (EDT)",Ryan Burton,Justin Lee,$500.00,$500.00,ESTECHRESELLER,ESTECHRESELLER,"September 9, 2026 3:22 AM (EDT)","September 9, 2026 3:22 AM (EDT)",21046,,,,,June 2026 retention import from Cohort_Jun26_wo_Payments_7.6.26---70f34bf5-b8e8-4d81-9703-88d2102c7435.xlsx; product-level MRR loaded.,$0.00,$0.00,$0.00,,,Billing,Active,,$0.00,
SOTELRESELLER,,,,"July 13, 2026 3:25 AM (EDT)",,,$500.00,,SOTELRESELLER,SOTELRESELLER,"July 13, 2026 3:25 AM (EDT)","July 13, 2026 3:25 AM (EDT)",21033,,,,,,,,,,,Billing,,,,
Northern Optotronics,,,,"September 9, 2026 3:22 AM (EDT)",,Jakob Champion,$500.00,$0.00,,,"September 9, 2026 3:22 AM (EDT)","September 9, 2026 3:22 AM (EDT)",22317,,,"July 2, 2024",,June 2026 retention import from Cohort_Jun26_wo_Payments_7.6.26---70f34bf5-b8e8-4d81-9703-88d2102c7435.xlsx; product-level MRR loaded.,$0.00,$0.00,$0.00,,,Tigerpaw,Active,,$500.00,
Favorite Office Automation,,,,"September 9, 2026 3:22 AM (EDT)",,Katerra Stephenson-Greenwood,$539.00,$0.00,,,"September 9, 2026 3:22 AM (EDT)","September 9, 2026 3:22 AM (EDT)",22032,,,,,June 2026 retention import from Cohort_Jun26_wo_Payments_7.6.26---70f34bf5-b8e8-4d81-9703-88d2102c7435.xlsx; product-level MRR loaded.,$0.00,$0.00,$0.00,,,Tigerpaw,Active,,$539.00,
Banner Security Systems Inc,,,,"September 9, 2026 3:22 AM (EDT)",,Ingrid Beard,$506.00,$0.00,,,"September 9, 2026 3:22 AM (EDT)","September 9, 2026 3:22 AM (EDT)",22062,,,"June 11, 2024",,June 2026 retention import from Cohort_Jun26_wo_Payments_7.6.26---70f34bf5-b8e8-4d81-9703-88d2102c7435.xlsx; product-level MRR loaded.,$0.00,$0.00,$0.00,,,Tigerpaw,Active,,$497.70,
Master Technology Group,,,,"September 9, 2026 3:22 AM (EDT)",,Justin Lee,$492.00,$0.00,,,"September 9, 2026 3:22 AM (EDT)","September 9, 2026 3:22 AM (EDT)",22261,,,,,June 2026 retention import from Cohort_Jun26_wo_Payments_7.6.26---70f34bf5-b8e8-4d81-9703-88d2102c7435.xlsx; product-level MRR loaded.,$0.00,$0.00,$0.00,,,Tigerpaw,Active,,$492.00,
Merlin Communications,,,,"September 9, 2026 3:23 AM (EDT)",,Abbey Mcintosh,$469.47,,MERLINRMM,MERLINRMM,"September 9, 2026 3:23 AM (EDT)","September 9, 2026 3:23 AM (EDT)",22874,,,,,,,,,,,,Churned,,,
Turner Teleco - Alexandria,,,,"September 9, 2026 3:23 AM (EDT)",,Ingrid Beard,$195.00,$0.00,,,"September 9, 2026 3:23 AM (EDT)","September 9, 2026 3:23 AM (EDT)",22242,,,,,June 2026 retention import from Cohort_Jun26_wo_Payments_7.6.26---70f34bf5-b8e8-4d81-9703-88d2102c7435.xlsx; product-level MRR loaded.,$0.00,$0.00,$0.00,,,Tigerpaw,Active,,$195.00,
Raven Tech LLC,"April 29, 2026","May 29, 2026","June 28, 2026","September 9, 2026 3:23 AM (EDT)",rinor.berisha,Katerra Stephenson-Greenwood,$400.00,$0.00,RAVENTECHPSA,RAVENTECHPSA,"September 9, 2026 3:23 AM (EDT)","September 9, 2026 3:23 AM (EDT)",22589,"March 30, 2026",,"August 1, 2025",,June 2026 retention import from Cohort_Jun26_wo_Payments_7.6.26---70f34bf5-b8e8-4d81-9703-88d2102c7435.xlsx; product-level MRR loaded.,$0.00,$400.00,$34.01,,,PSA Web,Active,,$0.00,
Brite Ideas,,,,"August 14, 2026 3:26 AM (EDT)",,Jakob Champion,$476.37,$0.00,,,"August 14, 2026 3:26 AM (EDT)","August 14, 2026 3:26 AM (EDT)",22074,,,,,June 2026 retention import from Cohort_Jun26_wo_Payments_7.6.26---70f34bf5-b8e8-4d81-9703-88d2102c7435.xlsx; product-level MRR loaded.,$0.00,$0.00,$0.00,,,Tigerpaw,Active,,$474.00,
"DakMinn Technologies, LLC",,,,"September 9, 2026 3:23 AM (EDT)",,,$474.00,$0.00,,,"September 9, 2026 3:23 AM (EDT)","September 9, 2026 3:23 AM (EDT)",22457,,,,,June 2026 retention import from Cohort_Jun26_wo_Payments_7.6.26---70f34bf5-b8e8-4d81-9703-88d2102c7435.xlsx; product-level MRR loaded.,$0.00,$0.00,$0.00,,,Tigerpaw,Active,,$474.00,
MTI Unified Communications,,,,"September 9, 2026 3:22 AM (EDT)",,Justin Lee,$511.20,$0.00,,,"September 9, 2026 3:22 AM (EDT)","September 9, 2026 3:22 AM (EDT)",22633,,,"February 9, 2024",,June 2026 retention import from Cohort_Jun26_wo_Payments_7.6.26---70f34bf5-b8e8-4d81-9703-88d2102c7435.xlsx; product-level MRR loaded.,$0.00,$0.00,$0.00,,,Tigerpaw,Active,,$511.20,
MPS Works,,,,"September 9, 2026 3:23 AM (EDT)",Sarah McGovern,Katerra Stephenson-Greenwood,$474.00,$0.00,,,"September 9, 2026 3:23 AM (EDT)","September 9, 2026 3:23 AM (EDT)",22387,,,,,June 2026 retention import from Cohort_Jun26_wo_Payments_7.6.26---70f34bf5-b8e8-4d81-9703-88d2102c7435.xlsx; product-level MRR loaded.,$0.00,$0.00,$0.00,,,Tigerpaw,Active,,$474.00,
Shoreline Systems,,,,"September 9, 2026 3:23 AM (EDT)",,Justin Lee,$474.00,$0.00,,,"September 9, 2026 3:23 AM (EDT)","September 9, 2026 3:23 AM (EDT)",22372,,,"February 7, 2024",,June 2026 retention import from Cohort_Jun26_wo_Payments_7.6.26---70f34bf5-b8e8-4d81-9703-88d2102c7435.xlsx; product-level MRR loaded.,$0.00,$0.00,$0.00,,,Tigerpaw,Active,,$474.00,
"Minuteman Security Technologies, Inc.",,,,"August 31, 2026 3:25 AM (EDT)",,,$474.00,$0.00,,,"August 31, 2026 3:25 AM (EDT)","August 31, 2026 3:25 AM (EDT)",22356,,,,,June 2026 retention import from Cohort_Jun26_wo_Payments_7.6.26---70f34bf5-b8e8-4d81-9703-88d2102c7435.xlsx; product-level MRR loaded.,$0.00,$0.00,$0.00,,,Tigerpaw,Active,,$474.00,
Universal Security and Fire,,,,"September 9, 2026 3:22 AM (EDT)",,Jakob Champion,$497.70,$0.00,,,"September 9, 2026 3:22 AM (EDT)","September 9, 2026 3:22 AM (EDT)",22352,,,"December 4, 2024",,June 2026 retention import from Cohort_Jun26_wo_Payments_7.6.26---70f34bf5-b8e8-4d81-9703-88d2102c7435.xlsx; product-level MRR loaded.,$0.00,$0.00,$0.00,,,Tigerpaw,Active,,$497.70,
Euclid Telecom,,,,"September 9, 2026 3:23 AM (EDT)",,,$474.00,$0.00,,,"September 9, 2026 3:23 AM (EDT)","September 9, 2026 3:23 AM (EDT)",22640,,,,,June 2026 retention import from Cohort_Jun26_wo_Payments_7.6.26---70f34bf5-b8e8-4d81-9703-88d2102c7435.xlsx; product-level MRR loaded.,$0.00,$0.00,$0.00,,,Tigerpaw,Active,,$474.00,
North Atlantic Communications,,,,"September 9, 2026 3:22 AM (EDT)",,Jakob Champion,$497.70,$0.00,,,"September 9, 2026 3:22 AM (EDT)","September 9, 2026 3:22 AM (EDT)",22684,,,,,June 2026 retention import from Cohort_Jun26_wo_Payments_7.6.26---70f34bf5-b8e8-4d81-9703-88d2102c7435.xlsx; product-level MRR loaded.,$0.00,$0.00,$0.00,,,Tigerpaw,Active,,$497.70,
Merchant Data Solutions,,,,"September 9, 2026 3:23 AM (EDT)",,,$474.00,$0.00,,,"September 9, 2026 3:23 AM (EDT)","September 9, 2026 3:23 AM (EDT)",22699,,,,,June 2026 retention import from Cohort_Jun26_wo_Payments_7.6.26---70f34bf5-b8e8-4d81-9703-88d2102c7435.xlsx; product-level MRR loaded.,$0.00,$0.00,$0.00,,,Tigerpaw,Active,,$474.00,
"Micro Tech Systems, Inc.",,,,"September 9, 2026 3:23 AM (EDT)",,,$474.00,$0.00,,,"September 9, 2026 3:23 AM (EDT)","September 9, 2026 3:23 AM (EDT)",22717,,,,,June 2026 retention import from Cohort_Jun26_wo_Payments_7.6.26---70f34bf5-b8e8-4d81-9703-88d2102c7435.xlsx; product-level MRR loaded.,$0.00,$0.00,$0.00,,,Tigerpaw,Active,,$474.00,
"X-Tech Services, Inc",,,,"September 9, 2026 3:23 AM (EDT)",,,$474.00,$0.00,,,"September 9, 2026 3:23 AM (EDT)","September 9, 2026 3:23 AM (EDT)",22722,,,,,June 2026 retention import from Cohort_Jun26_wo_Payments_7.6.26---70f34bf5-b8e8-4d81-9703-88d2102c7435.xlsx; product-level MRR loaded.,$0.00,$0.00,$0.00,,,Tigerpaw,Active,,$474.00,
Avante Technologies,,,,"September 9, 2026 3:23 AM (EDT)",,Jakob Champion,$474.00,$0.00,,,"September 9, 2026 3:23 AM (EDT)","September 9, 2026 3:23 AM (EDT)",22737,,,,,June 2026 retention import from Cohort_Jun26_wo_Payments_7.6.26---70f34bf5-b8e8-4d81-9703-88d2102c7435.xlsx; product-level MRR loaded.,$0.00,$0.00,$0.00,,,Tigerpaw,Active,,$474.00,
Tri-Tel Technical Svc,,,,"September 9, 2026 3:23 AM (EDT)",,Justin Lee,$474.00,$0.00,,,"September 9, 2026 3:23 AM (EDT)","September 9, 2026 3:23 AM (EDT)",22795,,,"November 6, 2024",,June 2026 retention import from Cohort_Jun26_wo_Payments_7.6.26---70f34bf5-b8e8-4d81-9703-88d2102c7435.xlsx; product-level MRR loaded.,$0.00,$0.00,$0.00,,,Tigerpaw,Active,,$474.00,
Mountain Telecom,,,,"September 9, 2026 3:23 AM (EDT)",,Justin Lee,$250.00,$0.00,,,"September 9, 2026 3:23 AM (EDT)","September 9, 2026 3:23 AM (EDT)",22778,,,,,June 2026 retention import from Cohort_Jun26_wo_Payments_7.6.26---70f34bf5-b8e8-4d81-9703-88d2102c7435.xlsx; product-level MRR loaded.,$0.00,$0.00,$0.00,,,Tigerpaw,Active,,$250.00,
PhoneAmerica Corp,,,,"September 9, 2026 3:23 AM (EDT)",,Katerra Stephenson-Greenwood,$474.00,$0.00,,,"September 9, 2026 3:23 AM (EDT)","September 9, 2026 3:23 AM (EDT)",22777,,,,,June 2026 retention import from Cohort_Jun26_wo_Payments_7.6.26---70f34bf5-b8e8-4d81-9703-88d2102c7435.xlsx; product-level MRR loaded.,$0.00,$0.00,$0.00,,,Tigerpaw,Active,,$474.00,
Minnesota Telephone Inc,,,,"September 9, 2026 3:23 AM (EDT)",,,$474.00,$0.00,,,"September 9, 2026 3:23 AM (EDT)","September 9, 2026 3:23 AM (EDT)",22775,,,,,June 2026 retention import from Cohort_Jun26_wo_Payments_7.6.26---70f34bf5-b8e8-4d81-9703-88d2102c7435.xlsx; product-level MRR loaded.,$0.00,$0.00,$0.00,,,Tigerpaw,Active,,$474.00,
"1st Business Solutions, Inc.",,,,"September 9, 2026 3:23 AM (EDT)",,Jakob Champion,$474.00,$0.00,,,"September 9, 2026 3:23 AM (EDT)","September 9, 2026 3:23 AM (EDT)",22771,,,,,June 2026 retention import from Cohort_Jun26_wo_Payments_7.6.26---70f34bf5-b8e8-4d81-9703-88d2102c7435.xlsx; product-level MRR loaded.,$0.00,$0.00,$0.00,,,Tigerpaw,Active,,$474.00,
Illinois Business Communications Inc,,,,"September 9, 2026 3:23 AM (EDT)",,Katerra Stephenson-Greenwood,$474.00,$0.00,,,"September 9, 2026 3:23 AM (EDT)","September 9, 2026 3:23 AM (EDT)",22767,,,,,June 2026 retention import from Cohort_Jun26_wo_Payments_7.6.26---70f34bf5-b8e8-4d81-9703-88d2102c7435.xlsx; product-level MRR loaded.,$0.00,$0.00,$0.00,,,Tigerpaw,Active,,$474.00,
Allbridge Communications,,,,"September 9, 2026 3:22 AM (EDT)",,,$497.70,$0.00,,,"September 9, 2026 3:22 AM (EDT)","September 9, 2026 3:22 AM (EDT)",22756,,,,,June 2026 retention import from Cohort_Jun26_wo_Payments_7.6.26---70f34bf5-b8e8-4d81-9703-88d2102c7435.xlsx; product-level MRR loaded.,$0.00,$0.00,$0.00,,,Tigerpaw,Active,,$497.70,
Electronic Specialties Inc.,,,,"September 9, 2026 3:23 AM (EDT)",,Katerra Stephenson-Greenwood,$474.00,$0.00,,,"September 9, 2026 3:23 AM (EDT)","September 9, 2026 3:23 AM (EDT)",22759,,,"October 17, 2023",,June 2026 retention import from Cohort_Jun26_wo_Payments_7.6.26---70f34bf5-b8e8-4d81-9703-88d2102c7435.xlsx; product-level MRR loaded.,$0.00,$0.00,$0.00,,,Tigerpaw,Active,,$474.00,
Emi Business Communications,,,,"September 9, 2026 3:23 AM (EDT)",,Ingrid Beard,$474.00,$0.00,,,"September 9, 2026 3:23 AM (EDT)","September 9, 2026 3:23 AM (EDT)",22760,,,,,June 2026 retention import from Cohort_Jun26_wo_Payments_7.6.26---70f34bf5-b8e8-4d81-9703-88d2102c7435.xlsx; product-level MRR loaded.,$0.00,$0.00,$0.00,,,Tigerpaw,Active,,$474.00,
Corbell Telephone & Electronic (CTE),,,,"September 9, 2026 3:22 AM (EDT)",,Katerra Stephenson-Greenwood,$489.80,$0.00,,,"September 9, 2026 3:22 AM (EDT)","September 9, 2026 3:22 AM (EDT)",22820,,,"September 27, 2024",,June 2026 retention import from Cohort_Jun26_wo_Payments_7.6.26---70f34bf5-b8e8-4d81-9703-88d2102c7435.xlsx; product-level MRR loaded.,$0.00,$0.00,$0.00,,,Tigerpaw,Active,,$474.00,
MicroAge Lethbridge,,,,"September 9, 2026 3:23 AM (EDT)",,Ingrid Beard,$474.00,$0.00,,,"September 9, 2026 3:23 AM (EDT)","September 9, 2026 3:23 AM (EDT)",22821,,,,,June 2026 retention import from Cohort_Jun26_wo_Payments_7.6.26---70f34bf5-b8e8-4d81-9703-88d2102c7435.xlsx; product-level MRR loaded.,$0.00,$0.00,$0.00,,,Tigerpaw,Active,,$474.00,
McCormack-Missouri,,,,"September 9, 2026 3:23 AM (EDT)",,,$474.00,$0.00,,,"September 9, 2026 3:23 AM (EDT)","September 9, 2026 3:23 AM (EDT)",22808,,,,,June 2026 retention import from Cohort_Jun26_wo_Payments_7.6.26---70f34bf5-b8e8-4d81-9703-88d2102c7435.xlsx; product-level MRR loaded.,$0.00,$0.00,$0.00,,,Tigerpaw,Active,,$474.00,
Baystate Office Solutions,,,,"September 9, 2026 3:23 AM (EDT)",,Ingrid Beard,$474.00,$0.00,,,"September 9, 2026 3:23 AM (EDT)","September 9, 2026 3:23 AM (EDT)",22805,,,,,June 2026 retention import from Cohort_Jun26_wo_Payments_7.6.26---70f34bf5-b8e8-4d81-9703-88d2102c7435.xlsx; product-level MRR loaded.,$0.00,$0.00,$0.00,,,Tigerpaw,Active,,$474.00,
"Avarus Solutions, LLC",,,,"July 10, 2026 3:24 AM (EDT)",,Ingrid Beard,$474.00,$0.00,,,"July 10, 2026 3:24 AM (EDT)","July 10, 2026 3:24 AM (EDT)",22079,,,"September 6, 2024",,June 2026 retention import from Cohort_Jun26_wo_Payments_7.6.26---70f34bf5-b8e8-4d81-9703-88d2102c7435.xlsx; product-level MRR loaded.,$0.00,$0.00,$0.00,,,Tigerpaw,Active,,$474.00,
Intec - CA,,,,"September 9, 2026 3:22 AM (EDT)",,Justin Lee,$518.00,$0.00,INTEKNETWORKSOLPSA,INTEKNETWORKSOLPSA,"September 9, 2026 3:22 AM (EDT)","June 16, 2026 8:00 PM (EDT)",22068,,,"November 7, 2024",,June 2026 retention import from Cohort_Jun26_wo_Payments_7.6.26---70f34bf5-b8e8-4d81-9703-88d2102c7435.xlsx; product-level MRR loaded.,$0.00,$0.00,$0.00,,,"PSA Web, Tigerpaw",Active,,$474.00,
Progressive Communication,,,,"September 9, 2026 3:22 AM (EDT)",,,$474.00,$0.00,,,"September 9, 2026 3:22 AM (EDT)","September 9, 2026 3:22 AM (EDT)",22052,,,,,June 2026 retention import from Cohort_Jun26_wo_Payments_7.6.26---70f34bf5-b8e8-4d81-9703-88d2102c7435.xlsx; product-level MRR loaded.,$0.00,$0.00,$0.00,,,Tigerpaw,Active,,$474.00,
"Independent Phone Services, Inc.",,,,"September 9, 2026 3:22 AM (EDT)",,Ingrid Beard,$474.00,$0.00,,,"September 9, 2026 3:22 AM (EDT)","September 9, 2026 3:22 AM (EDT)",22043,,,"September 26, 2024",,June 2026 retention import from Cohort_Jun26_wo_Payments_7.6.26---70f34bf5-b8e8-4d81-9703-88d2102c7435.xlsx; product-level MRR loaded.,$0.00,$0.00,$0.00,,,Tigerpaw,Active,,$474.00,
"Eagle Networks, Inc.",,,,"September 9, 2026 3:22 AM (EDT)",,Ingrid Beard,$474.00,$0.00,,,"September 9, 2026 3:22 AM (EDT)","September 9, 2026 3:22 AM (EDT)",22057,,,"October 24, 2024",,June 2026 retention import from Cohort_Jun26_wo_Payments_7.6.26---70f34bf5-b8e8-4d81-9703-88d2102c7435.xlsx; product-level MRR loaded.,$0.00,$0.00,$0.00,,,Tigerpaw,Active,,$474.00,
James Teleco,,,,"September 9, 2026 3:22 AM (EDT)",,Ingrid Beard,$474.00,$0.00,,,"September 9, 2026 3:22 AM (EDT)","September 9, 2026 3:22 AM (EDT)",22040,,,,,June 2026 retention import from Cohort_Jun26_wo_Payments_7.6.26---70f34bf5-b8e8-4d81-9703-88d2102c7435.xlsx; product-level MRR loaded.,$0.00,$0.00,$0.00,,,Tigerpaw,Active,,$474.00,
Mercury Systems Corporation,,,,"September 9, 2026 3:22 AM (EDT)",,Ingrid Beard,$497.70,$0.00,,,"September 9, 2026 3:22 AM (EDT)","September 9, 2026 3:22 AM (EDT)",22038,,,"February 14, 2024",,June 2026 retention import from Cohort_Jun26_wo_Payments_7.6.26---70f34bf5-b8e8-4d81-9703-88d2102c7435.xlsx; product-level MRR loaded.,$0.00,$0.00,$0.00,,,Tigerpaw,Active,,$497.70,
FleetBoss,,,,"September 9, 2026 3:22 AM (EDT)",,,$474.00,$0.00,,,"September 9, 2026 3:22 AM (EDT)","September 9, 2026 3:22 AM (EDT)",22028,,,,,June 2026 retention import from Cohort_Jun26_wo_Payments_7.6.26---70f34bf5-b8e8-4d81-9703-88d2102c7435.xlsx; product-level MRR loaded.,$0.00,$0.00,$0.00,,,Tigerpaw,Active,,$474.00,
Advanced Telecom Inc,,,,"September 9, 2026 3:22 AM (EDT)",,Katerra Stephenson-Greenwood,$474.00,$0.00,,,"September 9, 2026 3:22 AM (EDT)","September 9, 2026 3:22 AM (EDT)",22036,,,"October 27, 2023",,June 2026 retention import from Cohort_Jun26_wo_Payments_7.6.26---70f34bf5-b8e8-4d81-9703-88d2102c7435.xlsx; product-level MRR loaded.,$0.00,$0.00,$0.00,,,Tigerpaw,Active,,$474.00,
Vidtek Associates,,,,"September 9, 2026 3:22 AM (EDT)",,Ingrid Beard,$481.90,$0.00,,,"September 9, 2026 3:22 AM (EDT)","September 9, 2026 3:22 AM (EDT)",22004,,,,,June 2026 retention import from Cohort_Jun26_wo_Payments_7.6.26---70f34bf5-b8e8-4d81-9703-88d2102c7435.xlsx; product-level MRR loaded.,$0.00,$0.00,$0.00,,,Tigerpaw,Active,,$474.00,
BusinessWare,,,,"September 9, 2026 3:23 AM (EDT)",,Ingrid Beard,$474.00,$0.00,,,"September 9, 2026 3:23 AM (EDT)","September 9, 2026 3:23 AM (EDT)",22000,,,"November 5, 2024",,June 2026 retention import from Cohort_Jun26_wo_Payments_7.6.26---70f34bf5-b8e8-4d81-9703-88d2102c7435.xlsx; product-level MRR loaded.,$0.00,$0.00,$0.00,,,Tigerpaw,Active,,$474.00,
Heritage Communications Inc,,,,"September 9, 2026 3:22 AM (EDT)",,Ingrid Beard,$474.00,$0.00,,,"September 9, 2026 3:22 AM (EDT)","September 9, 2026 3:22 AM (EDT)",22012,,,,,June 2026 retention import from Cohort_Jun26_wo_Payments_7.6.26---70f34bf5-b8e8-4d81-9703-88d2102c7435.xlsx; product-level MRR loaded.,$0.00,$0.00,$0.00,,,Tigerpaw,Active,,$474.00,
New Paris Telephone,,,,"September 9, 2026 3:22 AM (EDT)",,Justin Lee,$481.90,$0.00,,,"September 9, 2026 3:22 AM (EDT)","September 9, 2026 3:22 AM (EDT)",22083,,,"December 27, 2024",,June 2026 retention import from Cohort_Jun26_wo_Payments_7.6.26---70f34bf5-b8e8-4d81-9703-88d2102c7435.xlsx; product-level MRR loaded.,$0.00,$0.00,$0.00,,,Tigerpaw,Active,,$474.00,
Commeg Systems Inc,,,,"September 9, 2026 3:22 AM (EDT)",Sarah McGovern,Justin Lee,$474.00,$0.00,,,"September 9, 2026 3:22 AM (EDT)","September 9, 2026 3:22 AM (EDT)",22095,,,,,June 2026 retention import from Cohort_Jun26_wo_Payments_7.6.26---70f34bf5-b8e8-4d81-9703-88d2102c7435.xlsx; product-level MRR loaded.,$0.00,$0.00,$0.00,,,Tigerpaw,Active,,$474.00,
Business Telecom Equipment Inc.,,,,"September 9, 2026 3:22 AM (EDT)",,Katerra Stephenson-Greenwood,$474.00,$0.00,,,"September 9, 2026 3:22 AM (EDT)","September 9, 2026 3:22 AM (EDT)",22106,,,"August 15, 2024",,June 2026 retention import from Cohort_Jun26_wo_Payments_7.6.26---70f34bf5-b8e8-4d81-9703-88d2102c7435.xlsx; product-level MRR loaded.,$0.00,$0.00,$0.00,,,Tigerpaw,Active,,$474.00,
POS Hawaii,,,,"September 9, 2026 3:22 AM (EDT)",,,$474.00,$0.00,,,"September 9, 2026 3:22 AM (EDT)","September 9, 2026 3:22 AM (EDT)",22117,,,,,June 2026 retention import from Cohort_Jun26_wo_Payments_7.6.26---70f34bf5-b8e8-4d81-9703-88d2102c7435.xlsx; product-level MRR loaded.,$0.00,$0.00,$0.00,,,Tigerpaw,Active,,$474.00,
"Vertex Communications, Inc.",,,,"September 9, 2026 3:22 AM (EDT)",,,$474.00,$0.00,,,"September 9, 2026 3:22 AM (EDT)","September 9, 2026 3:22 AM (EDT)",22123,,,,,June 2026 retention import from Cohort_Jun26_wo_Payments_7.6.26---70f34bf5-b8e8-4d81-9703-88d2102c7435.xlsx; product-level MRR loaded.,$0.00,$0.00,$0.00,,,Tigerpaw,Active,,$474.00,
"Modelithics, Inc.",,,,"September 9, 2026 3:22 AM (EDT)",,Jakob Champion,$474.00,$0.00,,,"September 9, 2026 3:22 AM (EDT)","September 9, 2026 3:22 AM (EDT)",22164,,,"August 20, 2024",,June 2026 retention import from Cohort_Jun26_wo_Payments_7.6.26---70f34bf5-b8e8-4d81-9703-88d2102c7435.xlsx; product-level MRR loaded.,$0.00,$0.00,$0.00,,,Tigerpaw,Active,,$474.00,
Behnke Enterprise dba WeKnowBest,,,,"September 9, 2026 3:22 AM (EDT)",,Justin Lee,$474.00,$0.00,,,"September 9, 2026 3:22 AM (EDT)","September 9, 2026 3:22 AM (EDT)",22147,,,"April 2, 2026",,June 2026 retention import from Cohort_Jun26_wo_Payments_7.6.26---70f34bf5-b8e8-4d81-9703-88d2102c7435.xlsx; product-level MRR loaded.,$0.00,$0.00,$0.00,,,Tigerpaw,Active,,$474.00,
The SMS Group,,,,"September 9, 2026 3:22 AM (EDT)",Sarah McGovern,Katerra Stephenson-Greenwood,$474.00,$0.00,,,"September 9, 2026 3:22 AM (EDT)","September 9, 2026 3:22 AM (EDT)",22231,,,,,June 2026 retention import from Cohort_Jun26_wo_Payments_7.6.26---70f34bf5-b8e8-4d81-9703-88d2102c7435.xlsx; product-level MRR loaded.,$0.00,$0.00,$0.00,,,Tigerpaw,Active,,$474.00,
Communication Experts Group,,,,"September 9, 2026 3:22 AM (EDT)",,Jakob Champion,$474.00,$0.00,,,"September 9, 2026 3:22 AM (EDT)","September 9, 2026 3:22 AM (EDT)",22221,,,"September 30, 2024",,June 2026 retention import from Cohort_Jun26_wo_Payments_7.6.26---70f34bf5-b8e8-4d81-9703-88d2102c7435.xlsx; product-level MRR loaded.,$0.00,$0.00,$0.00,,,Tigerpaw,Active,,$474.00,
"eDigitalDeals, Inc",,,,"September 9, 2026 3:22 AM (EDT)",,Jakob Champion,$474.00,$0.00,,,"September 9, 2026 3:22 AM (EDT)","September 9, 2026 3:22 AM (EDT)",22200,,,,,June 2026 retention import from Cohort_Jun26_wo_Payments_7.6.26---70f34bf5-b8e8-4d81-9703-88d2102c7435.xlsx; product-level MRR loaded.,$0.00,$0.00,$0.00,,,Tigerpaw,Active,,$474.00,
Southern Integrated Technologies,,,,"September 9, 2026 3:22 AM (EDT)",,Katerra Stephenson-Greenwood,$476.37,$0.00,,,"September 9, 2026 3:22 AM (EDT)","September 9, 2026 3:22 AM (EDT)",22169,,,,,June 2026 retention import from Cohort_Jun26_wo_Payments_7.6.26---70f34bf5-b8e8-4d81-9703-88d2102c7435.xlsx; product-level MRR loaded.,$0.00,$0.00,$0.00,,,Tigerpaw,Active,,$474.00,
Custom Communications & Security Inc,,,,"September 9, 2026 3:22 AM (EDT)",,,$474.00,$0.00,,,"September 9, 2026 3:22 AM (EDT)","September 9, 2026 3:22 AM (EDT)",22245,,,,,June 2026 retention import from Cohort_Jun26_wo_Payments_7.6.26---70f34bf5-b8e8-4d81-9703-88d2102c7435.xlsx; product-level MRR loaded.,$0.00,$0.00,$0.00,,,Tigerpaw,Active,,$474.00,
"Integrated Health Systems, LLC",,,,"July 29, 2026 3:26 AM (EDT)",,Jakob Champion,$474.00,$0.00,,,"July 29, 2026 3:26 AM (EDT)","July 29, 2026 3:26 AM (EDT)",22246,,,,,June 2026 retention import from Cohort_Jun26_wo_Payments_7.6.26---70f34bf5-b8e8-4d81-9703-88d2102c7435.xlsx; product-level MRR loaded.,$0.00,$0.00,$0.00,,,Tigerpaw,Active,,$474.00,
Politon Inc,,,,"September 9, 2026 3:23 AM (EDT)",,,$474.00,$0.00,,,"September 9, 2026 3:23 AM (EDT)","September 9, 2026 3:23 AM (EDT)",22274,,,,,June 2026 retention import from Cohort_Jun26_wo_Payments_7.6.26---70f34bf5-b8e8-4d81-9703-88d2102c7435.xlsx; product-level MRR loaded.,$0.00,$0.00,$0.00,,,Tigerpaw,Active,,$474.00,
Allison Royce & Associates,,,,"September 9, 2026 3:23 AM (EDT)",,Justin Lee,$474.00,$0.00,,,"September 9, 2026 3:23 AM (EDT)","September 9, 2026 3:23 AM (EDT)",22278,,,,,June 2026 retention import from Cohort_Jun26_wo_Payments_7.6.26---70f34bf5-b8e8-4d81-9703-88d2102c7435.xlsx; product-level MRR loaded.,$0.00,$0.00,$0.00,,,Tigerpaw,Active,,$474.00,
i-2-i Technologies,,,,"September 9, 2026 3:23 AM (EDT)",,,$474.00,$0.00,,,"September 9, 2026 3:23 AM (EDT)","September 9, 2026 3:23 AM (EDT)",22282,,,,,June 2026 retention import from Cohort_Jun26_wo_Payments_7.6.26---70f34bf5-b8e8-4d81-9703-88d2102c7435.xlsx; product-level MRR loaded.,$0.00,$0.00,$0.00,,,Tigerpaw,Active,,$474.00,
EagleCraft Boats Inc.,,,,"September 9, 2026 3:23 AM (EDT)",,,$474.00,$0.00,,,"September 9, 2026 3:23 AM (EDT)","September 9, 2026 3:23 AM (EDT)",22287,,,,,June 2026 retention import from Cohort_Jun26_wo_Payments_7.6.26---70f34bf5-b8e8-4d81-9703-88d2102c7435.xlsx; product-level MRR loaded.,$0.00,$0.00,$0.00,,,Tigerpaw,Active,,$474.00,
Voxcom Solutions,,,,"September 9, 2026 3:22 AM (EDT)",,,$481.90,$0.00,,,"September 9, 2026 3:22 AM (EDT)","September 9, 2026 3:22 AM (EDT)",22288,,,"June 5, 2026",,June 2026 retention import from Cohort_Jun26_wo_Payments_7.6.26---70f34bf5-b8e8-4d81-9703-88d2102c7435.xlsx; product-level MRR loaded.,$0.00,$0.00,$0.00,,,Tigerpaw,Active,,$474.00,
Mid-South Telecom,,,,"September 9, 2026 3:22 AM (EDT)",,,$474.00,$0.00,,,"September 9, 2026 3:22 AM (EDT)","September 9, 2026 3:22 AM (EDT)",22289,,,"May 21, 2026",,June 2026 retention import from Cohort_Jun26_wo_Payments_7.6.26---70f34bf5-b8e8-4d81-9703-88d2102c7435.xlsx; product-level MRR loaded.,$0.00,$0.00,$0.00,,,Tigerpaw,Active,,$474.00,
DVX Inc _Data Voice Exchange,,,,"September 9, 2026 3:23 AM (EDT)",,Katerra Stephenson-Greenwood,$474.00,$0.00,,,"September 9, 2026 3:23 AM (EDT)","September 9, 2026 3:23 AM (EDT)",21993,,,,,June 2026 retention import from Cohort_Jun26_wo_Payments_7.6.26---70f34bf5-b8e8-4d81-9703-88d2102c7435.xlsx; product-level MRR loaded.,$0.00,$0.00,$0.00,,,Tigerpaw,Active,,$474.00,
IVS Silo Services,,,,"September 9, 2026 3:23 AM (EDT)",,Katerra Stephenson-Greenwood,$474.00,$0.00,,,"September 9, 2026 3:23 AM (EDT)","September 9, 2026 3:23 AM (EDT)",21997,,,"June 5, 2026",,June 2026 retention import from Cohort_Jun26_wo_Payments_7.6.26---70f34bf5-b8e8-4d81-9703-88d2102c7435.xlsx; product-level MRR loaded.,$0.00,$0.00,$0.00,,,Tigerpaw,Active,,$474.00,
"Protecom, Inc.",,,,"September 9, 2026 3:23 AM (EDT)",,,$474.00,$0.00,,,"September 9, 2026 3:23 AM (EDT)","September 9, 2026 3:23 AM (EDT)",22319,,,"March 16, 2026",,June 2026 retention import from Cohort_Jun26_wo_Payments_7.6.26---70f34bf5-b8e8-4d81-9703-88d2102c7435.xlsx; product-level MRR loaded.,$0.00,$0.00,$0.00,,,Tigerpaw,Active,,$474.00,
Technesis Greenwood,,,,"September 9, 2026 3:23 AM (EDT)",,Justin Lee,$474.00,$0.00,,,"September 9, 2026 3:23 AM (EDT)","September 9, 2026 3:23 AM (EDT)",22343,,,,,June 2026 retention import from Cohort_Jun26_wo_Payments_7.6.26---70f34bf5-b8e8-4d81-9703-88d2102c7435.xlsx; product-level MRR loaded.,$0.00,$0.00,$0.00,,,Tigerpaw,Active,,$474.00,
Network Answer Pty Ltd,,,,"September 9, 2026 3:23 AM (EDT)",,Justin Lee,$474.00,$0.00,,,"September 9, 2026 3:23 AM (EDT)","September 9, 2026 3:23 AM (EDT)",22272,,,,,June 2026 retention import from Cohort_Jun26_wo_Payments_7.6.26---70f34bf5-b8e8-4d81-9703-88d2102c7435.xlsx; product-level MRR loaded.,$0.00,$0.00,$0.00,,,Tigerpaw,Active,,$474.00,
Property Services Of Atlanta,,,,"September 9, 2026 3:22 AM (EDT)",,,$474.00,$0.00,,,"September 9, 2026 3:22 AM (EDT)","September 9, 2026 3:22 AM (EDT)",22249,,,,,June 2026 retention import from Cohort_Jun26_wo_Payments_7.6.26---70f34bf5-b8e8-4d81-9703-88d2102c7435.xlsx; product-level MRR loaded.,$0.00,$0.00,$0.00,,,Tigerpaw,Active,,$474.00,
"Bahamas Information Access Systems, Ltd.",,,,"September 9, 2026 3:22 AM (EDT)",,,$476.37,$0.00,,,"September 9, 2026 3:22 AM (EDT)","September 9, 2026 3:22 AM (EDT)",22211,,,,,June 2026 retention import from Cohort_Jun26_wo_Payments_7.6.26---70f34bf5-b8e8-4d81-9703-88d2102c7435.xlsx; product-level MRR loaded.,$0.00,$0.00,$0.00,,,Tigerpaw,Active,,$474.00,
Telbon Communications Inc.,,,,"September 9, 2026 3:22 AM (EDT)",,,$474.00,$0.00,,,"September 9, 2026 3:22 AM (EDT)","September 9, 2026 3:22 AM (EDT)",22029,,,,,June 2026 retention import from Cohort_Jun26_wo_Payments_7.6.26---70f34bf5-b8e8-4d81-9703-88d2102c7435.xlsx; product-level MRR loaded.,$0.00,$0.00,$0.00,,,Tigerpaw,Active,,$474.00,
"U.S. Communications Group, Inc.",,,,"September 9, 2026 3:22 AM (EDT)",,Jakob Champion,$474.00,$0.00,,,"September 9, 2026 3:22 AM (EDT)","September 9, 2026 3:22 AM (EDT)",22027,,,"September 24, 2024",,June 2026 retention import from Cohort_Jun26_wo_Payments_7.6.26---70f34bf5-b8e8-4d81-9703-88d2102c7435.xlsx; product-level MRR loaded.,$0.00,$0.00,$0.00,,,Tigerpaw,Active,,$474.00,
Shotrok LLC,,,,"September 9, 2026 3:23 AM (EDT)",,Jakob Champion,$474.00,$0.00,,,"September 9, 2026 3:23 AM (EDT)","September 9, 2026 3:23 AM (EDT)",22739,,,,,June 2026 retention import from Cohort_Jun26_wo_Payments_7.6.26---70f34bf5-b8e8-4d81-9703-88d2102c7435.xlsx; product-level MRR loaded.,$0.00,$0.00,$0.00,,,Tigerpaw,Active,,$474.00,
"IC2S, LLC",,,,"September 9, 2026 3:23 AM (EDT)",,,$474.00,$0.00,,,"September 9, 2026 3:23 AM (EDT)","September 9, 2026 3:23 AM (EDT)",22359,,,,,June 2026 retention import from Cohort_Jun26_wo_Payments_7.6.26---70f34bf5-b8e8-4d81-9703-88d2102c7435.xlsx; product-level MRR loaded.,$0.00,$0.00,$0.00,,,Tigerpaw,Active,,$474.00,
"Comm-Tronics, Inc.",,,,"September 9, 2026 3:22 AM (EDT)",,Katerra Stephenson-Greenwood,$481.50,$0.00,,,"September 9, 2026 3:22 AM (EDT)","September 9, 2026 3:22 AM (EDT)",22156,,,"October 24, 2023",,June 2026 retention import from Cohort_Jun26_wo_Payments_7.6.26---70f34bf5-b8e8-4d81-9703-88d2102c7435.xlsx; product-level MRR loaded.,$0.00,$0.00,$0.00,,,Tigerpaw,Active,,$481.50,
Maritime Dock & Door Limited,,,,"September 9, 2026 3:22 AM (EDT)",,Ingrid Beard,$474.00,,,,"September 9, 2026 3:22 AM (EDT)","September 9, 2026 3:22 AM (EDT)",22140,,,,,,,,,,,,,,,
TRC,,,,"September 9, 2026 3:22 AM (EDT)",,,$474.00,$0.00,,,"September 9, 2026 3:22 AM (EDT)","September 9, 2026 3:22 AM (EDT)",22243,,,,,June 2026 retention import from Cohort_Jun26_wo_Payments_7.6.26---70f34bf5-b8e8-4d81-9703-88d2102c7435.xlsx; product-level MRR loaded.,$0.00,$0.00,$0.00,,,Tigerpaw,Active,,$474.00,
Cos Cob TV,,,,"September 9, 2026 3:23 AM (EDT)",,,$474.00,$0.00,,,"September 9, 2026 3:23 AM (EDT)","September 9, 2026 3:23 AM (EDT)",22358,,,,,June 2026 retention import from Cohort_Jun26_wo_Payments_7.6.26---70f34bf5-b8e8-4d81-9703-88d2102c7435.xlsx; product-level MRR loaded.,$0.00,$0.00,$0.00,,,Tigerpaw,Active,,$474.00,
FirstLink Communications,,,,"September 9, 2026 3:23 AM (EDT)",,Ingrid Beard,$474.00,$0.00,,,"September 9, 2026 3:23 AM (EDT)","September 9, 2026 3:23 AM (EDT)",22412,,,"September 13, 2024",,June 2026 retention import from Cohort_Jun26_wo_Payments_7.6.26---70f34bf5-b8e8-4d81-9703-88d2102c7435.xlsx; product-level MRR loaded.,$0.00,$0.00,$0.00,,,Tigerpaw,Active,,$474.00,
stLynx Technologies,,,,"September 9, 2026 3:23 AM (EDT)",,,$474.00,$0.00,,,"September 9, 2026 3:23 AM (EDT)","September 9, 2026 3:23 AM (EDT)",22393,,,,,June 2026 retention import from Cohort_Jun26_wo_Payments_7.6.26---70f34bf5-b8e8-4d81-9703-88d2102c7435.xlsx; product-level MRR loaded.,$0.00,$0.00,$0.00,,,Tigerpaw,Active,,$474.00,
High Country Workplace Technologies,,,,"August 14, 2026 3:27 AM (EDT)",Olivia Sandefur,Justin Lee,$425.00,$0.00,HIGHCOUNTRYWORKPLACEPSA,HIGHCOUNTRYWORKPLACEPSA,"August 14, 2026 3:27 AM (EDT)","August 14, 2026 3:27 AM (EDT)",22663,,Canceled - Functionality,,,June 2026 retention import from Cohort_Jun26_wo_Payments_7.6.26---70f34bf5-b8e8-4d81-9703-88d2102c7435.xlsx; product-level MRR loaded.,$0.00,$0.00,$67.34,,,PSA Web,Active,,$0.00,
"CPI Technologies, LLC",,,,"September 9, 2026 3:23 AM (EDT)",,Katerra Stephenson-Greenwood,$455.00,$0.00,,,"September 9, 2026 3:23 AM (EDT)","September 9, 2026 3:23 AM (EDT)",22382,,,"July 29, 2025",,June 2026 retention import from Cohort_Jun26_wo_Payments_7.6.26---70f34bf5-b8e8-4d81-9703-88d2102c7435.xlsx; product-level MRR loaded.,$0.00,$0.00,$0.00,,,Tigerpaw,Active,,$455.00,
E Tech Communications Inc.,,,,"September 9, 2026 3:23 AM (EDT)",,,$474.00,$0.00,,,"September 9, 2026 3:23 AM (EDT)","September 9, 2026 3:23 AM (EDT)",22664,,,,,June 2026 retention import from Cohort_Jun26_wo_Payments_7.6.26---70f34bf5-b8e8-4d81-9703-88d2102c7435.xlsx; product-level MRR loaded.,$0.00,$0.00,$0.00,,,Tigerpaw,Active,,$474.00,
Precom,,,,"September 9, 2026 3:23 AM (EDT)",,Ingrid Beard,$474.00,$0.00,,,"September 9, 2026 3:23 AM (EDT)","September 9, 2026 3:23 AM (EDT)",22789,,,,,June 2026 retention import from Cohort_Jun26_wo_Payments_7.6.26---70f34bf5-b8e8-4d81-9703-88d2102c7435.xlsx; product-level MRR loaded.,$0.00,$0.00,$0.00,,,Tigerpaw,Active,,$474.00,
"Moseley Electronics, LLC",,,,"September 9, 2026 3:22 AM (EDT)",,Katerra Stephenson-Greenwood,$474.00,$0.00,,,"September 9, 2026 3:22 AM (EDT)","September 9, 2026 3:22 AM (EDT)",22228,,,"June 11, 2026",,June 2026 retention import from Cohort_Jun26_wo_Payments_7.6.26---70f34bf5-b8e8-4d81-9703-88d2102c7435.xlsx; product-level MRR loaded.,$0.00,$0.00,$0.00,,,Tigerpaw,Active,,$474.00,
Sng Electrics P/l,,,,"September 9, 2026 3:22 AM (EDT)",,Jakob Champion,$474.00,$0.00,,,"September 9, 2026 3:22 AM (EDT)","September 9, 2026 3:22 AM (EDT)",22217,,,,,June 2026 retention import from Cohort_Jun26_wo_Payments_7.6.26---70f34bf5-b8e8-4d81-9703-88d2102c7435.xlsx; product-level MRR loaded.,$0.00,$0.00,$0.00,,,Tigerpaw,Active,,$474.00,
Hardwire Telecom Ltd.,,,,"September 9, 2026 3:22 AM (EDT)",,,$480.03,$0.00,,,"September 9, 2026 3:22 AM (EDT)","September 9, 2026 3:22 AM (EDT)",22247,,,"June 17, 2026",,June 2026 retention import from Cohort_Jun26_wo_Payments_7.6.26---70f34bf5-b8e8-4d81-9703-88d2102c7435.xlsx; product-level MRR loaded.,$0.00,$0.00,$0.00,,,Tigerpaw,Active,,$450.00,
ABIS - American Business Information Systems,,,,"September 9, 2026 3:23 AM (EDT)",,Justin Lee,$450.00,$0.00,,,"September 9, 2026 3:23 AM (EDT)","September 9, 2026 3:23 AM (EDT)",22085,,,"February 9, 2024",,June 2026 retention import from Cohort_Jun26_wo_Payments_7.6.26---70f34bf5-b8e8-4d81-9703-88d2102c7435.xlsx; product-level MRR loaded.,$0.00,$0.00,$0.00,,,Tigerpaw,Active,,$450.00,
Gemba Security,,,,"September 9, 2026 3:23 AM (EDT)",,Katerra Stephenson-Greenwood,$200.00,$0.00,,,"September 9, 2026 3:23 AM (EDT)","September 9, 2026 3:23 AM (EDT)",22467,,,,,June 2026 retention import from Cohort_Jun26_wo_Payments_7.6.26---70f34bf5-b8e8-4d81-9703-88d2102c7435.xlsx; product-level MRR loaded.,$0.00,$0.00,$0.00,,,Tigerpaw,Active,,$200.00,
Edge One LLC,,,,"September 9, 2026 3:23 AM (EDT)",,,$449.13,$0.00,,,"September 9, 2026 3:23 AM (EDT)","September 9, 2026 3:23 AM (EDT)",22019,,,,,June 2026 retention import from Cohort_Jun26_wo_Payments_7.6.26---70f34bf5-b8e8-4d81-9703-88d2102c7435.xlsx; product-level MRR loaded.,$0.00,$0.00,$0.00,,,Tigerpaw,Active,,$449.13,
"Phones Plus.biz, Inc.",,,,"September 9, 2026 3:23 AM (EDT)",,Ingrid Beard,$446.52,$0.00,,,"September 9, 2026 3:23 AM (EDT)","September 9, 2026 3:23 AM (EDT)",22725,,,"June 9, 2026",,June 2026 retention import from Cohort_Jun26_wo_Payments_7.6.26---70f34bf5-b8e8-4d81-9703-88d2102c7435.xlsx; product-level MRR loaded.,$0.00,$0.00,$0.00,,,Tigerpaw,Active,,$446.52,
World Class Aviation,,,,"September 9, 2026 3:23 AM (EDT)",Sarah McGovern,Jakob Champion,$390.00,$0.00,,,"September 9, 2026 3:23 AM (EDT)","September 9, 2026 3:23 AM (EDT)",22637,,,,,June 2026 retention import from Cohort_Jun26_wo_Payments_7.6.26---70f34bf5-b8e8-4d81-9703-88d2102c7435.xlsx; product-level MRR loaded.,$0.00,$0.00,$0.00,,,Tigerpaw,Active,,$390.00,
Darley's Plumbing Inc,,,,"June 29, 2026 1:03 PM (EDT)",,Jakob Champion,-$240.00,$0.00,,,"June 29, 2026 1:03 PM (EDT)","June 29, 2026 1:03 PM (EDT)",22099,,,"April 11, 2024",,June 2026 retention import from Cohort_Jun26_wo_Payments_7.6.26---70f34bf5-b8e8-4d81-9703-88d2102c7435.xlsx; product-level MRR loaded.,$0.00,$0.00,$0.00,,,Tigerpaw,Churned,,-$240.00,
Darley's Plumbing - Construction,,,,"June 29, 2026 1:03 PM (EDT)",,Justin Lee,-$240.00,$0.00,,,"June 29, 2026 1:03 PM (EDT)","June 29, 2026 1:03 PM (EDT)",22193,,,"April 11, 2024",,June 2026 retention import from Cohort_Jun26_wo_Payments_7.6.26---70f34bf5-b8e8-4d81-9703-88d2102c7435.xlsx; product-level MRR loaded.,$0.00,$0.00,$0.00,,,Tigerpaw,Churned,,-$240.00,
Home Automation Hawaii,,,,"September 9, 2026 3:23 AM (EDT)",,Ingrid Beard,$439.77,$0.00,,,"September 9, 2026 3:23 AM (EDT)","September 9, 2026 3:23 AM (EDT)",22070,,,,"May 29, 2026",June 2026 retention import from Cohort_Jun26_wo_Payments_7.6.26---70f34bf5-b8e8-4d81-9703-88d2102c7435.xlsx; product-level MRR loaded.,$0.00,$0.00,$0.00,,,Tigerpaw,Active,,$437.58,
Wolf Technology Group,,,,"September 9, 2026 3:23 AM (EDT)",,Katerra Stephenson-Greenwood,$437.58,$0.00,WOLFTECHNOLOGYGROUPPSA,WOLFTECHNOLOGYGROUPPSA,"September 9, 2026 3:23 AM (EDT)","June 24, 2026 8:00 PM (EDT)",22374,,,"May 22, 2026",,June 2026 retention import from Cohort_Jun26_wo_Payments_7.6.26---70f34bf5-b8e8-4d81-9703-88d2102c7435.xlsx; product-level MRR loaded.,$0.00,$0.00,$0.00,,,"PSA Web, Tigerpaw",Active,,$437.58,
Technology System Consultants,,,,"September 9, 2026 3:23 AM (EDT)",,Ingrid Beard,$437.58,$0.00,,,"September 9, 2026 3:23 AM (EDT)","September 9, 2026 3:23 AM (EDT)",22791,,,"May 19, 2026",,June 2026 retention import from Cohort_Jun26_wo_Payments_7.6.26---70f34bf5-b8e8-4d81-9703-88d2102c7435.xlsx; product-level MRR loaded.,$0.00,$0.00,$0.00,,,Tigerpaw,Active,,$437.58,
"Acoma Security Group, LLC",,,,,,Jake Borah,$0.00,$0.00,,,,,22481,,,,,June 2026 retention import from Cohort_Jun26_wo_Payments_7.6.26---70f34bf5-b8e8-4d81-9703-88d2102c7435.xlsx; product-level MRR loaded.,$0.00,$0.00,$0.00,,,PSA Web,Churned,,$0.00,
Urban Alarm Services,,,,"June 29, 2026 1:03 PM (EDT)",,Abbey Mcintosh,$430.00,,URBANALARMSERVICESPSA,URBANALARMSERVICESPSA,"June 29, 2026 1:03 PM (EDT)","June 29, 2026 1:03 PM (EDT)",22863,,Canceled - Client Ghosted,,,,,,,,,PSA Web,Churned,,,
"InTouch Communications, Inc.",,,,"September 9, 2026 3:23 AM (EDT)",,,$429.96,$0.00,,,"September 9, 2026 3:23 AM (EDT)","September 9, 2026 3:23 AM (EDT)",22001,,,,,June 2026 retention import from Cohort_Jun26_wo_Payments_7.6.26---70f34bf5-b8e8-4d81-9703-88d2102c7435.xlsx; product-level MRR loaded.,$0.00,$0.00,$0.00,,,Tigerpaw,Active,,$429.96,
Metro Datacom,,,,"September 9, 2026 3:23 AM (EDT)",,,$351.33,$0.00,,,"September 9, 2026 3:23 AM (EDT)","September 9, 2026 3:23 AM (EDT)",22091,,,,,June 2026 retention import from Cohort_Jun26_wo_Payments_7.6.26---70f34bf5-b8e8-4d81-9703-88d2102c7435.xlsx; product-level MRR loaded.,$0.00,$0.00,$0.00,,,Tigerpaw,Active,,$340.00,
Norcomm Communication Svc Inc,,,,"September 9, 2026 3:23 AM (EDT)",,Jakob Champion,$425.00,$0.00,,,"September 9, 2026 3:23 AM (EDT)","September 9, 2026 3:23 AM (EDT)",22776,,,"July 9, 2024",,June 2026 retention import from Cohort_Jun26_wo_Payments_7.6.26---70f34bf5-b8e8-4d81-9703-88d2102c7435.xlsx; product-level MRR loaded.,$0.00,$0.00,$0.00,,,Tigerpaw,Active,,$425.00,
Adtel Solutions,,,,"September 9, 2026 3:21 AM (EDT)",,Ingrid Beard,$580.91,$0.00,,,"September 9, 2026 3:21 AM (EDT)","September 9, 2026 3:21 AM (EDT)",22694,,,,,June 2026 retention import from Cohort_Jun26_wo_Payments_7.6.26---70f34bf5-b8e8-4d81-9703-88d2102c7435.xlsx; product-level MRR loaded.,$0.00,$0.00,$0.00,,,Tigerpaw,Active,,$420.00,
Rms Omega Technologies,,,,"June 29, 2026 1:03 PM (EDT)",,Connor Flynn,$53.85,$0.00,,,"June 29, 2026 1:03 PM (EDT)","June 29, 2026 1:03 PM (EDT)",22732,,,"April 1, 2025",,June 2026 retention import from Cohort_Jun26_wo_Payments_7.6.26---70f34bf5-b8e8-4d81-9703-88d2102c7435.xlsx; product-level MRR loaded.,$0.00,$0.00,$0.00,,,Tigerpaw,Active,,$53.85,
Zadar Technology,,,,"September 9, 2026 3:23 AM (EDT)",,Katerra Stephenson-Greenwood,$395.00,$0.00,,,"September 9, 2026 3:23 AM (EDT)","September 9, 2026 3:23 AM (EDT)",22700,,,"August 20, 2024",,June 2026 retention import from Cohort_Jun26_wo_Payments_7.6.26---70f34bf5-b8e8-4d81-9703-88d2102c7435.xlsx; product-level MRR loaded.,$0.00,$0.00,$0.00,,,Tigerpaw,Active,,$395.00,
IET Labs (2nd DB),,,,"August 14, 2026 3:27 AM (EDT)",,,$410.25,$0.00,,,"August 14, 2026 3:27 AM (EDT)","August 14, 2026 3:27 AM (EDT)",22309,,,,,June 2026 retention import from Cohort_Jun26_wo_Payments_7.6.26---70f34bf5-b8e8-4d81-9703-88d2102c7435.xlsx; product-level MRR loaded.,$0.00,$0.00,$0.00,,,Tigerpaw,Active,,$410.25,
"ProComm Voice & Data Solutions, Inc.",,,,"September 9, 2026 3:23 AM (EDT)",,Jakob Champion,$430.00,$0.00,,,"September 9, 2026 3:23 AM (EDT)","September 9, 2026 3:23 AM (EDT)",22322,,,"May 2, 2025",,June 2026 retention import from Cohort_Jun26_wo_Payments_7.6.26---70f34bf5-b8e8-4d81-9703-88d2102c7435.xlsx; product-level MRR loaded.,$0.00,$0.00,$0.00,,,Tigerpaw,Active,,$430.00,
Total Technology Management,,,,"September 9, 2026 3:23 AM (EDT)",,Katerra Stephenson-Greenwood,$409.52,$0.00,,,"September 9, 2026 3:23 AM (EDT)","September 9, 2026 3:23 AM (EDT)",22735,,,"November 4, 2024",,June 2026 retention import from Cohort_Jun26_wo_Payments_7.6.26---70f34bf5-b8e8-4d81-9703-88d2102c7435.xlsx; product-level MRR loaded.,$0.00,$0.00,$0.00,,,Tigerpaw,Active,,$409.52,
"Advanced Global Communications, Inc.",,,,"August 31, 2026 3:26 AM (EDT)",,Justin Lee,$409.52,$0.00,,,"August 31, 2026 3:26 AM (EDT)","August 31, 2026 3:26 AM (EDT)",22740,,,,,June 2026 retention import from Cohort_Jun26_wo_Payments_7.6.26---70f34bf5-b8e8-4d81-9703-88d2102c7435.xlsx; product-level MRR loaded.,$0.00,$0.00,$0.00,,,Tigerpaw,Active,,$409.52,
"Parallel Synergistic Consulting, Inc.",,,,"September 9, 2026 3:23 AM (EDT)",,,$429.96,$0.00,,,"September 9, 2026 3:23 AM (EDT)","September 9, 2026 3:23 AM (EDT)",22366,,,"June 18, 2026",,June 2026 retention import from Cohort_Jun26_wo_Payments_7.6.26---70f34bf5-b8e8-4d81-9703-88d2102c7435.xlsx; product-level MRR loaded.,$0.00,$0.00,$0.00,,,Tigerpaw,Active,,$429.96,
DeTel Communications Inc.,,,,"September 9, 2026 3:23 AM (EDT)",,,$428.00,$0.00,,,"September 9, 2026 3:23 AM (EDT)","September 9, 2026 3:23 AM (EDT)",22605,,,,,June 2026 retention import from Cohort_Jun26_wo_Payments_7.6.26---70f34bf5-b8e8-4d81-9703-88d2102c7435.xlsx; product-level MRR loaded.,$0.00,$0.00,$34.01,,,Tigerpaw,Active,,$428.00,
ABSI Telecom,,,,"September 9, 2026 3:23 AM (EDT)",,Justin Lee,$432.60,$0.00,,,"September 9, 2026 3:23 AM (EDT)","September 9, 2026 3:23 AM (EDT)",22014,,,"May 22, 2026",,June 2026 retention import from Cohort_Jun26_wo_Payments_7.6.26---70f34bf5-b8e8-4d81-9703-88d2102c7435.xlsx; product-level MRR loaded.,$0.00,$0.00,$0.00,,,Tigerpaw,Active,,$432.60,
Midwest Technology Specialist LLC,"May 13, 2026","June 12, 2026","July 12, 2026","September 8, 2026 3:25 AM (EDT)",jacob.williams,,$467.17,,,,"September 8, 2026 3:25 AM (EDT)","September 8, 2026 3:25 AM (EDT)",22621,"April 13, 2026",,,,,,,,,,Tigerpaw,Active,,,
Your Environment's Solution,,,,"September 9, 2026 3:23 AM (EDT)",,Justin Lee,$401.25,$0.00,,,"September 9, 2026 3:23 AM (EDT)","September 9, 2026 3:23 AM (EDT)",22256,,,"October 3, 2023",,June 2026 retention import from Cohort_Jun26_wo_Payments_7.6.26---70f34bf5-b8e8-4d81-9703-88d2102c7435.xlsx; product-level MRR loaded.,$0.00,$0.00,$0.00,,,Tigerpaw,Active,,$401.25,
Secure Property Solutions,,,,"September 9, 2025 8:00 PM (EDT)",Sarah McGovern,Ingrid Beard,$400.00,$0.00,SECUREPROPERTYPSA,SECUREPROPERTYPSA,"July 30, 2026 3:28 AM (EDT)","August 10, 2025 8:00 PM (EDT)",22886,,Graduated,,,June 2026 retention import from Cohort_Jun26_wo_Payments_7.6.26---70f34bf5-b8e8-4d81-9703-88d2102c7435.xlsx; product-level MRR loaded.,$0.00,$400.00,$7.01,,,PSA Web,Active,,$0.00,
Fastrack Security Solutions Inc,,,,"July 2, 2026 3:27 AM (EDT)",,Justin Lee,$8.14,$0.00,FASTRACKVIRTUALGUPSA,FASTRACKVIRTUALGUPSA,"July 2, 2026 3:27 AM (EDT)","July 2, 2026 3:27 AM (EDT)",22910,,,,,June 2026 retention import from Cohort_Jun26_wo_Payments_7.6.26---70f34bf5-b8e8-4d81-9703-88d2102c7435.xlsx; product-level MRR loaded.,$0.00,$0.00,$8.14,,,Payments,Active,,$0.00,
MR PC Office,,,,"June 29, 2026 1:04 PM (EDT)",,Justin Lee,$0.00,,MRPCOFFICEPSA,MRPCOFFICEPSA,"June 29, 2026 1:04 PM (EDT)","June 29, 2026 1:04 PM (EDT)",22894,,,,,,,,,,,PSA Web,Churned,,,
ACS Fire & Security,"May 24, 2026","June 23, 2026","July 23, 2026","September 9, 2026 3:22 AM (EDT)",rinor.berisha,Justin Lee,$500.00,$0.00,ACSFIRESEACURITYPSA,ACSFIRESEACURITYPSA,"September 9, 2026 3:22 AM (EDT)","September 9, 2026 3:22 AM (EDT)",22948,"April 24, 2026",,,,June 2026 retention import from Cohort_Jun26_wo_Payments_7.6.26---70f34bf5-b8e8-4d81-9703-88d2102c7435.xlsx; product-level MRR loaded.,$0.00,$500.00,$0.00,,,PSA Web,Active,,$0.00,
Select Telecom Inc.,,,,"September 9, 2026 3:23 AM (EDT)",,Jakob Champion,$395.00,$0.00,,,"September 9, 2026 3:23 AM (EDT)","September 9, 2026 3:23 AM (EDT)",22803,,,"August 29, 2024",,June 2026 retention import from Cohort_Jun26_wo_Payments_7.6.26---70f34bf5-b8e8-4d81-9703-88d2102c7435.xlsx; product-level MRR loaded.,$0.00,$0.00,$0.00,,,Tigerpaw,Active,,$395.00,
OSI Technology,,,,"September 9, 2026 3:23 AM (EDT)",,Jakob Champion,$409.50,$0.00,,,"September 9, 2026 3:23 AM (EDT)","September 9, 2026 3:23 AM (EDT)",22806,,,,,June 2026 retention import from Cohort_Jun26_wo_Payments_7.6.26---70f34bf5-b8e8-4d81-9703-88d2102c7435.xlsx; product-level MRR loaded.,$0.00,$0.00,$0.00,,,Tigerpaw,Active,,$409.50,
ERP Safety,,,,"September 9, 2026 3:23 AM (EDT)",,Justin Lee,$403.01,$0.00,,,"September 9, 2026 3:23 AM (EDT)","September 9, 2026 3:23 AM (EDT)",22417,,,,,June 2026 retention import from Cohort_Jun26_wo_Payments_7.6.26---70f34bf5-b8e8-4d81-9703-88d2102c7435.xlsx; product-level MRR loaded.,$0.00,$0.00,$0.00,,,Tigerpaw,Active,,$390.00,
Huntleigh Technology Group,,,,"September 9, 2026 3:23 AM (EDT)",,,$409.52,$0.00,,,"September 9, 2026 3:23 AM (EDT)","September 9, 2026 3:23 AM (EDT)",22442,,,,,June 2026 retention import from Cohort_Jun26_wo_Payments_7.6.26---70f34bf5-b8e8-4d81-9703-88d2102c7435.xlsx; product-level MRR loaded.,$0.00,$0.00,$0.00,,,Tigerpaw,Active,,$409.52,
Pro Video Security,,,,"September 9, 2026 3:23 AM (EDT)",,Katerra Stephenson-Greenwood,$403.00,$0.00,,,"September 9, 2026 3:23 AM (EDT)","September 9, 2026 3:23 AM (EDT)",22443,,,"April 4, 2024",,June 2026 retention import from Cohort_Jun26_wo_Payments_7.6.26---70f34bf5-b8e8-4d81-9703-88d2102c7435.xlsx; product-level MRR loaded.,$0.00,$0.00,$0.00,,,,Active,,$390.00,
Towner Communications Systems,,,,,,Andrew Whisenant,$0.00,$0.00,,,,,22793,,,"June 27, 2024",,June 2026 retention import from Cohort_Jun26_wo_Payments_7.6.26---70f34bf5-b8e8-4d81-9703-88d2102c7435.xlsx; product-level MRR loaded.,$0.00,$0.00,$0.00,,,Tigerpaw,Churned,,$0.00,
Richards CCTV,,,,"September 9, 2026 3:23 AM (EDT)",,Ingrid Beard,$390.00,$0.00,,,"September 9, 2026 3:23 AM (EDT)","September 9, 2026 3:23 AM (EDT)",22286,,,,,June 2026 retention import from Cohort_Jun26_wo_Payments_7.6.26---70f34bf5-b8e8-4d81-9703-88d2102c7435.xlsx; product-level MRR loaded.,$0.00,$0.00,$0.00,,,Tigerpaw,Active,,$390.00,
Triangle System Integrations,,,,,,,$0.00,$0.00,,,,,22992,,Canceled - Functionality,,,June 2026 retention import from Cohort_Jun26_wo_Payments_7.6.26---70f34bf5-b8e8-4d81-9703-88d2102c7435.xlsx; product-level MRR loaded.,$0.00,$0.00,$0.00,,,PSA Web,Churned,,$0.00,
COMTEL,,,,"September 9, 2026 3:23 AM (EDT)",,,$409.52,$0.00,,,"September 9, 2026 3:23 AM (EDT)","September 9, 2026 3:23 AM (EDT)",22005,,,"March 29, 2024",,June 2026 retention import from Cohort_Jun26_wo_Payments_7.6.26---70f34bf5-b8e8-4d81-9703-88d2102c7435.xlsx; product-level MRR loaded.,$0.00,$0.00,$0.00,,,Tigerpaw,Active,,$409.52,
DashTel,,,,"September 9, 2026 3:23 AM (EDT)",,,$392.44,$371.21,DASHTEL,DASHTEL,"June 19, 2013 8:00 PM (EDT)","June 20, 2012 8:00 PM (EDT)",20032,,,,,June 2026 retention import from Cohort_Jun26_wo_Payments_7.6.26---70f34bf5-b8e8-4d81-9703-88d2102c7435.xlsx; product-level MRR loaded.,$0.00,$0.00,$0.00,,,Billing,Active,,$0.00,
Atlantic Companies,,,,"September 9, 2026 3:22 AM (EDT)",,Justin Lee,$500.00,,ATLANTICCOMPANIESPSA,ATLANTICCOMPANIESPSA,"September 9, 2026 3:22 AM (EDT)","September 9, 2026 3:22 AM (EDT)",23001,,Off Track,,,,,,,,,PSA Web,"Active, Onboarding",,,
DFWCloudphones LLC,,,,"April 27, 2026 8:00 PM (EDT)",,,$735.16,,DFWCLOUDPHONESLLC,DFWCLOUDPHONESLLC,"April 27, 2029 8:00 PM (EDT)","April 27, 2026 8:00 PM (EDT)",23022,,,,,,,,,,,Billing,,,,
Technical Computer Solutions,,,,"September 9, 2026 3:23 AM (EDT)",,,$382.92,$0.00,,,"September 9, 2026 3:23 AM (EDT)","September 9, 2026 3:23 AM (EDT)",22721,,,,,June 2026 retention import from Cohort_Jun26_wo_Payments_7.6.26---70f34bf5-b8e8-4d81-9703-88d2102c7435.xlsx; product-level MRR loaded.,$0.00,$0.00,$0.00,,,Tigerpaw,Active,,$382.92,
"RCO Systems, Inc",,,,"September 9, 2026 3:23 AM (EDT)",,Katerra Stephenson-Greenwood,$382.92,$0.00,,,"September 9, 2026 3:23 AM (EDT)","September 9, 2026 3:23 AM (EDT)",22719,,,"September 6, 2024",,June 2026 retention import from Cohort_Jun26_wo_Payments_7.6.26---70f34bf5-b8e8-4d81-9703-88d2102c7435.xlsx; product-level MRR loaded.,$0.00,$0.00,$0.00,,,Tigerpaw,Active,,$382.92,
Veterans Communication Services Inc,,,,"September 9, 2026 3:23 AM (EDT)",,,$455.28,$0.00,VETERANSCOMMUNICATIONSPSA,VETERANSCOMMUNICATIONSPSA,"September 9, 2026 3:23 AM (EDT)","July 1, 2026 8:00 PM (EDT)",22237,,,,,June 2026 retention import from Cohort_Jun26_wo_Payments_7.6.26---70f34bf5-b8e8-4d81-9703-88d2102c7435.xlsx; product-level MRR loaded.,$0.00,$0.00,$0.00,,,"PSA Web, Tigerpaw",Active,,$382.92,
BerryComm,,,,"January 7, 2025 7:00 PM (EST)",,Ingrid Beard,$324.79,$323.82,BERRYCOMM,BERRYCOMM,"January 6, 2027 7:00 PM (EST)","January 7, 2025 7:00 PM (EST)",21964,,,"January 16, 2026",,June 2026 retention import from Cohort_Jun26_wo_Payments_7.6.26---70f34bf5-b8e8-4d81-9703-88d2102c7435.xlsx; product-level MRR loaded.,$0.00,$0.00,$0.00,,,Billing,Active,,$0.00,
Fitzgerald Lighting,,,,"September 9, 2026 3:23 AM (EDT)",,Katerra Stephenson-Greenwood,$396.90,$0.00,,,"September 9, 2026 3:23 AM (EDT)","September 9, 2026 3:23 AM (EDT)",22303,,,,,June 2026 retention import from Cohort_Jun26_wo_Payments_7.6.26---70f34bf5-b8e8-4d81-9703-88d2102c7435.xlsx; product-level MRR loaded.,$0.00,$0.00,$0.00,,,Tigerpaw,Active,,$396.90,
"Davis Ulmer Hawthorne, NY",,,,"September 9, 2026 3:23 AM (EDT)",,,$385.20,$0.00,,,"September 9, 2026 3:23 AM (EDT)","September 9, 2026 3:23 AM (EDT)",22600,,,,,June 2026 retention import from Cohort_Jun26_wo_Payments_7.6.26---70f34bf5-b8e8-4d81-9703-88d2102c7435.xlsx; product-level MRR loaded.,$0.00,$0.00,$0.00,,,Tigerpaw,Active,,$385.20,
Dolbey Jamison Optical,,,,"September 9, 2026 3:23 AM (EDT)",,Ingrid Beard,$376.20,$0.00,,,"September 9, 2026 3:23 AM (EDT)","September 9, 2026 3:23 AM (EDT)",22060,,,,,June 2026 retention import from Cohort_Jun26_wo_Payments_7.6.26---70f34bf5-b8e8-4d81-9703-88d2102c7435.xlsx; product-level MRR loaded.,$0.00,$0.00,$0.00,,,Tigerpaw,Active,,$376.20,
Davis Ulmer Fire Protection - Freeland NJ,,,,"September 9, 2026 3:23 AM (EDT)",,,$385.20,$0.00,,,"September 9, 2026 3:23 AM (EDT)","September 9, 2026 3:23 AM (EDT)",22604,,,,,June 2026 retention import from Cohort_Jun26_wo_Payments_7.6.26---70f34bf5-b8e8-4d81-9703-88d2102c7435.xlsx; product-level MRR loaded.,$0.00,$0.00,$0.00,,,Tigerpaw,Active,,$385.20,
Vertex Security,,,,"July 6, 2026 3:27 AM (EDT)",,Jakob Champion,$300.00,$0.00,,,"July 6, 2026 3:27 AM (EDT)","July 6, 2026 3:27 AM (EDT)",22148,,,,,June 2026 retention import from Cohort_Jun26_wo_Payments_7.6.26---70f34bf5-b8e8-4d81-9703-88d2102c7435.xlsx; product-level MRR loaded.,$0.00,$0.00,$0.00,,,Tigerpaw,Active,,$300.00,
Reliable Voice & Data Systems,,,,"September 9, 2026 3:23 AM (EDT)",,Justin Lee,$359.10,$0.00,,,"September 9, 2026 3:23 AM (EDT)","September 9, 2026 3:23 AM (EDT)",22656,,,,,June 2026 retention import from Cohort_Jun26_wo_Payments_7.6.26---70f34bf5-b8e8-4d81-9703-88d2102c7435.xlsx; product-level MRR loaded.,$0.00,$0.00,$0.00,,,Tigerpaw,Active,,$359.10,
Modern Office Systems,,,,"September 9, 2026 3:23 AM (EDT)",,Jakob Champion,$350.00,$0.00,,,"September 9, 2026 3:23 AM (EDT)","September 9, 2026 3:23 AM (EDT)",22410,,,,,June 2026 retention import from Cohort_Jun26_wo_Payments_7.6.26---70f34bf5-b8e8-4d81-9703-88d2102c7435.xlsx; product-level MRR loaded.,$0.00,$0.00,$0.00,,,Tigerpaw,Active,,$350.00,
ICS,,,,"September 9, 2026 3:23 AM (EDT)",,,$343.47,$0.00,,,"September 9, 2026 3:23 AM (EDT)","September 9, 2026 3:23 AM (EDT)",22558,,,,,June 2026 retention import from Cohort_Jun26_wo_Payments_7.6.26---70f34bf5-b8e8-4d81-9703-88d2102c7435.xlsx; product-level MRR loaded.,$0.00,$0.00,$0.00,,,Tigerpaw,Active,,$343.47,
Citi-Telecom Voice & Data Inc,,,,"September 9, 2026 3:23 AM (EDT)",,Ingrid Beard,$343.47,$0.00,,,"September 9, 2026 3:23 AM (EDT)","September 9, 2026 3:23 AM (EDT)",22785,,,,,June 2026 retention import from Cohort_Jun26_wo_Payments_7.6.26---70f34bf5-b8e8-4d81-9703-88d2102c7435.xlsx; product-level MRR loaded.,$0.00,$0.00,$0.00,,,Tigerpaw,Active,,$343.47,
CSI Video Security Sound & Theater,"June 28, 2026","July 28, 2026","August 27, 2026","September 9, 2026 3:22 AM (EDT)",Rachael Buchtan,Katerra Stephenson-Greenwood,$500.00,$0.00,CSIVIDEOSECURITYPSA,CSIVIDEOSECURITYPSA,"September 9, 2026 3:22 AM (EDT)","September 9, 2026 3:22 AM (EDT)",22990,"May 29, 2026",,,,June 2026 retention import from Cohort_Jun26_wo_Payments_7.6.26---70f34bf5-b8e8-4d81-9703-88d2102c7435.xlsx; product-level MRR loaded.,$0.00,$500.00,$0.00,,,PSA Web,Active,,$0.00,
Alarm Security Inc,,,,,,Katerra Stephenson-Greenwood,$50.00,$0.00,,,,,22991,,Canceled - Client Ghosted,,,June 2026 retention import from Cohort_Jun26_wo_Payments_7.6.26---70f34bf5-b8e8-4d81-9703-88d2102c7435.xlsx; product-level MRR loaded.,$0.00,$50.00,$0.00,,,PSA Web,Active,,$0.00,
Generex Systems (Oceania) Pty Ltd,,,,"September 9, 2026 3:23 AM (EDT)",,,$321.00,$0.00,,,"September 9, 2026 3:23 AM (EDT)","September 9, 2026 3:23 AM (EDT)",22581,,,,,June 2026 retention import from Cohort_Jun26_wo_Payments_7.6.26---70f34bf5-b8e8-4d81-9703-88d2102c7435.xlsx; product-level MRR loaded.,$0.00,$0.00,$0.00,,,Tigerpaw,Active,,$321.00,
Silent Watchman Security Services,"July 24, 2026","August 23, 2026","September 22, 2026","September 9, 2026 3:23 AM (EDT)",rinor.berisha,Katerra Stephenson-Greenwood,$315.00,$0.00,silentwatchman.psarev.io,silentwatchman.psarev.io,"September 9, 2026 3:23 AM (EDT)","September 9, 2026 3:23 AM (EDT)",22871,"June 24, 2026",,,,June 2026 retention import from Cohort_Jun26_wo_Payments_7.6.26---70f34bf5-b8e8-4d81-9703-88d2102c7435.xlsx; product-level MRR loaded.,$0.00,$315.00,$0.00,,,PSA Web,Active,,$0.00,
Bard Locksmith & Security,"February 22, 2026","March 24, 2026","April 23, 2026","August 14, 2025 8:00 PM (EDT)",Rachael Buchtan,Jakob Champion,$315.00,$0.00,BARDLOCKSMITHANDSECURITYPSA,BARDLOCKSMITHANDSECURITYPSA,"September 9, 2026 3:23 AM (EDT)","July 15, 2025 8:00 PM (EDT)",22869,"January 23, 2026",,,,June 2026 retention import from Cohort_Jun26_wo_Payments_7.6.26---70f34bf5-b8e8-4d81-9703-88d2102c7435.xlsx; product-level MRR loaded.,$0.00,$315.00,$0.00,,,PSA Web,Active,,$0.00,
Sandhills Home Theater,,,,"June 29, 2026 1:04 PM (EDT)",,Jaylin Bender,$314.52,,SANDHILLSHOMEPSA,SANDHILLSHOMEPSA,"June 29, 2026 1:04 PM (EDT)","June 29, 2026 1:04 PM (EDT)",22993,,,,,,,,,,,PSA Web,"On Hold, Onboarding",,,
Soundtel Inc.,,,,"September 9, 2026 3:23 AM (EDT)",,Ingrid Beard,$315.00,$0.00,,,"September 9, 2026 3:23 AM (EDT)","September 9, 2026 3:23 AM (EDT)",22042,,,,,June 2026 retention import from Cohort_Jun26_wo_Payments_7.6.26---70f34bf5-b8e8-4d81-9703-88d2102c7435.xlsx; product-level MRR loaded.,$0.00,$0.00,$0.00,,,Tigerpaw,Active,,$315.00,
R.E. Michel Company LLC - Main,,,,"September 9, 2026 3:23 AM (EDT)",,,$281.13,$0.00,,,"September 9, 2026 3:23 AM (EDT)","September 9, 2026 3:23 AM (EDT)",22315,,,,,June 2026 retention import from Cohort_Jun26_wo_Payments_7.6.26---70f34bf5-b8e8-4d81-9703-88d2102c7435.xlsx; product-level MRR loaded.,$0.00,$0.00,$0.00,,,Tigerpaw,Active,,$281.13,
Cinemascape,,,,"June 29, 2026 1:03 PM (EDT)",,Jake Borah,$387.10,,CINEMASCAPEPSA,CINEMASCAPEPSA,"June 29, 2026 1:03 PM (EDT)","June 29, 2026 1:03 PM (EDT)",23008,,,,,,,,,,,PSA Web,Churned,,,
Lexcen Software Pty Ltd,,,,"September 9, 2026 3:23 AM (EDT)",,,$250.00,$0.00,LEXCEN,LEXCEN,"March 17, 2026 8:00 PM (EDT)","March 18, 2025 8:00 PM (EDT)",21985,,,,,June 2026 retention import from Cohort_Jun26_wo_Payments_7.6.26---70f34bf5-b8e8-4d81-9703-88d2102c7435.xlsx; product-level MRR loaded.,$250.00,$0.00,$0.00,,,Odin,Active,,$0.00,
Shinntek Solutions,"May 30, 2026","June 29, 2026","July 29, 2026","September 9, 2026 3:22 AM (EDT)",Sarah McGovern,Ingrid Beard,$502.50,,SHINNTEKSOLUTIONSPSA,SHINNTEKSOLUTIONSPSA,"September 9, 2026 3:22 AM (EDT)","September 9, 2026 3:22 AM (EDT)",23010,"April 30, 2026",,,,,,,,,,PSA Web,Active,,,
Tri-Tec Communications Inc - 2nd DB,,,,"September 9, 2026 3:23 AM (EDT)",,,$206.08,$0.00,,,"September 9, 2026 3:23 AM (EDT)","September 9, 2026 3:23 AM (EDT)",22365,,,,,June 2026 retention import from Cohort_Jun26_wo_Payments_7.6.26---70f34bf5-b8e8-4d81-9703-88d2102c7435.xlsx; product-level MRR loaded.,$0.00,$0.00,$0.00,,,Tigerpaw,Active,,$206.08,
Votacall Inc - 2nd Database,,,,"September 9, 2026 3:23 AM (EDT)",,Jakob Champion,$158.00,$0.00,,,"September 9, 2026 3:23 AM (EDT)","September 9, 2026 3:23 AM (EDT)",22447,,,,,June 2026 retention import from Cohort_Jun26_wo_Payments_7.6.26---70f34bf5-b8e8-4d81-9703-88d2102c7435.xlsx; product-level MRR loaded.,$0.00,$0.00,$0.00,,,Tigerpaw,Active,,$158.00,
IET Labs (3rd DB),,,,"September 9, 2026 3:23 AM (EDT)",,Jakob Champion,$165.90,$0.00,,,"September 9, 2026 3:23 AM (EDT)","September 9, 2026 3:23 AM (EDT)",22310,,,"June 12, 2026",,June 2026 retention import from Cohort_Jun26_wo_Payments_7.6.26---70f34bf5-b8e8-4d81-9703-88d2102c7435.xlsx; product-level MRR loaded.,$0.00,$0.00,$0.00,,,Tigerpaw,Active,,$165.90,
"RJR Solutions, Inc.",,,,"September 9, 2026 3:23 AM (EDT)",,Ingrid Beard,$153.36,$0.00,,,"September 9, 2026 3:23 AM (EDT)","September 9, 2026 3:23 AM (EDT)",22185,,,"February 23, 2024",,June 2026 retention import from Cohort_Jun26_wo_Payments_7.6.26---70f34bf5-b8e8-4d81-9703-88d2102c7435.xlsx; product-level MRR loaded.,$0.00,$0.00,$0.00,,,Tigerpaw,Active,,$153.36,
Motorola Solutions Inc - Orlando,,,,"September 9, 2026 3:19 AM (EDT)",Sarah McGovern,,"$1,097.40",$0.00,,,"September 9, 2026 3:19 AM (EDT)","September 9, 2026 3:19 AM (EDT)",21995,,,,,June 2026 retention import from Cohort_Jun26_wo_Payments_7.6.26---70f34bf5-b8e8-4d81-9703-88d2102c7435.xlsx; product-level MRR loaded.,$0.00,$0.00,$0.00,,,Tigerpaw,Active,,"$1,097.40",
Acoustical Design,,,,"June 29, 2026 1:04 PM (EDT)",,Jaylin Bender,$258.07,,ACOUSTICALDESIGNPSA,ACOUSTICALDESIGNPSA,"June 29, 2026 1:04 PM (EDT)","June 29, 2026 1:04 PM (EDT)",22998,,,,,,,,,,,PSA Web,"At Risk, Onboarding",,,
CONDOR,,,,"July 13, 2026 3:27 AM (EDT)",,Justin Lee,$6.96,,CONDOR,CONDOR,"February 26, 2015 7:00 PM (EST)","February 26, 2008 7:00 PM (EST)",21027,,,,,,,,,,,Billing,,,,
Cloud Service Network,,,,"September 9, 2026 3:23 AM (EDT)",,,$0.00,,CSN,CSN,"September 9, 2026 3:23 AM (EDT)","September 9, 2026 3:23 AM (EDT)",21029,,,,,,,,,,,Billing,,,,
TUCTECH,,,,"September 9, 2026 3:23 AM (EDT)",,Connor Flynn,$0.00,,TUCTECH,TUCTECH,"September 9, 2026 3:23 AM (EDT)","September 9, 2026 3:23 AM (EDT)",21030,,,,,,,,,,,Billing,,,,
VETERANSCES,,,,"September 9, 2026 3:23 AM (EDT)",,,$0.00,,VETERANSCES,VETERANSCES,"September 9, 2026 3:23 AM (EDT)","September 9, 2026 3:23 AM (EDT)",21031,,,,,,,,,,,Billing,,,,
NEC,,,,"September 9, 2026 3:24 AM (EDT)",,Jakob Champion,$0.00,,NEC,NEC,"September 9, 2026 3:24 AM (EDT)","September 9, 2026 3:24 AM (EDT)",21032,,,,,,,,,,,Billing,,,,
CREXENDONS,,,,"January 4, 2023 7:00 PM (EST)",,,$0.00,,CREXENDONS,CREXENDONS,"September 9, 2026 3:24 AM (EDT)","September 9, 2026 3:24 AM (EDT)",21037,,,,,,,,,,,Billing,,,,
TOLYRESELLER,,,,"September 9, 2026 3:24 AM (EDT)",Rachael Buchtan,,$0.00,,TOLYRESELLER,TOLYRESELLER,"September 9, 2026 3:24 AM (EDT)","September 9, 2026 3:24 AM (EDT)",21038,,,,,,,,,,,Billing,Active,,,
Phonism - Consolidated Communications,,,,"September 9, 2026 3:24 AM (EDT)",,,$0.00,$0.00,"0000000000, PHONISMCNSLDPBS","0000000000, PHONISMCNSLDPBS","September 9, 2026 3:24 AM (EDT)","September 9, 2026 3:24 AM (EDT)",1459,,,,,June 2026 retention import from Cohort_Jun26_wo_Payments_7.6.26---70f34bf5-b8e8-4d81-9703-88d2102c7435.xlsx; product-level MRR loaded.,$0.00,$0.00,$0.00,,,Odin,Churned,,$0.00,
Obera Connect,,,,"June 29, 2026 1:04 PM (EDT)",,,$0.00,$0.00,OBERACONNECT,OBERACONNECT,"June 29, 2026 1:04 PM (EDT)","June 29, 2026 1:04 PM (EDT)",21962,,RTS - Client,,,June 2026 retention import from Cohort_Jun26_wo_Payments_7.6.26---70f34bf5-b8e8-4d81-9703-88d2102c7435.xlsx; product-level MRR loaded.,$0.00,$0.00,$0.00,,,Payments,Churned,,$0.00,
ATL Communications,,,,"May 13, 2017 8:00 PM (EDT)",,,$0.00,,"ATL, ATL_SANDBOX","ATL, ATL_SANDBOX","April 4, 2023 8:00 PM (EDT)","April 5, 2020 8:00 PM (EDT)",1155,,,,,,,,,,,Billing,,,,
TruMobility,,,,"July 30, 2018 8:00 PM (EDT)",,Jakob Champion,$0.00,,TRUMOBILITY,TRUMOBILITY,"July 29, 2021 8:00 PM (EDT)","July 30, 2018 8:00 PM (EDT)",1226,,,"July 21, 2022",,,,,,,,Billing,,,,
"Rev.io, LLC dba Rev.io Payments",,,,"May 31, 2019 8:00 PM (EDT)",,,$0.00,,PAYMENTS,PAYMENTS,"September 9, 2026 3:24 AM (EDT)","September 9, 2026 3:24 AM (EDT)",1304,,,,,,,,,,,Billing,,,,
TruLine Technologies,"May 30, 2026","June 29, 2026","July 29, 2026","September 9, 2026 3:22 AM (EDT)",Sarah McGovern,Jakob Champion,$500.00,,TRULINETECHNOLOGIESPSA,TRULINETECHNOLOGIESPSA,"September 9, 2026 3:22 AM (EDT)","September 9, 2026 3:22 AM (EDT)",22999,"April 30, 2026",,,,,,,,,,PSA Web,Active,,,
Remote Technologies,"May 29, 2026","June 28, 2026","July 28, 2026","September 9, 2026 3:19 AM (EDT)",jacob.williams,,"$1,010.00",,REMOTETECHNOLOGIESPSA,REMOTETECHNOLOGIESPSA,"September 9, 2026 3:19 AM (EDT)","September 9, 2026 3:19 AM (EDT)",23013,"April 29, 2026",,,,,,,,,,PSA Web,Active,,,
First Class Technology,"June 5, 2026","July 5, 2026","August 4, 2026","September 9, 2026 3:22 AM (EDT)",rinor.berisha,,$505.05,,FIRSTCLASSTECHPSA,FIRSTCLASSTECHPSA,"September 9, 2026 3:22 AM (EDT)","September 9, 2026 3:22 AM (EDT)",23015,"May 6, 2026",,,,,,,,,,PSA Web,Active,,,
Sydewire Technologies,"May 29, 2026","June 28, 2026","July 28, 2026","July 20, 2026 3:24 AM (EDT)",Sarah McGovern,,$500.00,,SYDEWIREPSA,SYDEWIREPSA,"July 20, 2026 3:24 AM (EDT)","July 20, 2026 3:24 AM (EDT)",23016,"April 29, 2026",Graduated,,,,,,,,,PSA Web,Churned,,,
POS Innovation,,,,,,Jaylin Bender,$0.00,,,,,,23017,,,,,,,,,,,,Churned,,,
Castle Security,,,,"August 19, 2026 3:29 AM (EDT)",,Ingrid Beard,$0.00,,CASTLESECURITYPSA,CASTLESECURITYPSA,"August 19, 2026 3:29 AM (EDT)","August 19, 2026 3:29 AM (EDT)",23006,,In Progress,,,,,,,,,PSA Web,"Active, Onboarding",,,
Novalera Incorporated,,,,"July 7, 2026 3:23 AM (EDT)",,,$500.00,,NOVALERAPSA,NOVALERAPSA,"July 7, 2026 3:23 AM (EDT)","July 7, 2026 3:23 AM (EDT)",23007,,,,,,,,,,,PSA Web,"At Risk, Onboarding",,,
GuentherTech Inc,,,,"August 6, 2026 3:19 AM (EDT)",,Jakob Champion,"$1,980.97",,GUENTHERTECHPSA,GUENTHERTECHPSA,"August 6, 2026 3:19 AM (EDT)","March 5, 2026 7:00 PM (EST)",23021,,,,,,,,,,,PSA Web,"At Risk, Onboarding",,,
New Jersey Office Systems,,,,"June 29, 2026 1:04 PM (EDT)",,Katerra Stephenson-Greenwood,$298.67,,NJOFFICESYSTEMSPSA,NJOFFICESYSTEMSPSA,"June 29, 2026 1:04 PM (EDT)","March 15, 2026 8:00 PM (EDT)",23024,,,,,,,,,,,PSA Web,Churned,,,
Ameritel,"May 27, 2026","June 26, 2026","July 26, 2026","September 9, 2026 3:22 AM (EDT)",Sarah McGovern,Ingrid Beard,$500.00,,PSAAMERITELPSA,PSAAMERITELPSA,"September 9, 2026 3:22 AM (EDT)","March 12, 2026 8:00 PM (EDT)",23023,"April 27, 2026",,,,,,,,,,PSA Web,"Active, At Risk",,,
CMP Consulting Services,"May 30, 2026","June 29, 2026","July 29, 2026","September 1, 2026 3:23 AM (EDT)",jacob.williams,Jakob Champion,$500.00,,CMPCONSULTINGPSA,CMPCONSULTINGPSA,"September 1, 2026 3:23 AM (EDT)","March 16, 2026 8:00 PM (EDT)",23025,"April 30, 2026",,,,,,,,,,PSA Web,Active,,,
Viking Lock & Safe,"May 30, 2026","June 29, 2026","July 29, 2026","September 9, 2026 3:21 AM (EDT)",Sarah McGovern,,$690.00,,VIKINGLOCKPSA,VIKINGLOCKPSA,"September 9, 2026 3:21 AM (EDT)","March 22, 2026 8:00 PM (EDT)",23029,"April 30, 2026",,,,,,,,,,PSA Web,Active,,,
NetWatch,,,,"June 29, 2026 1:00 PM (EDT)",,Jaylin Bender,$700.00,,NETWATCHPSA,NETWATCHPSA,"June 29, 2026 1:00 PM (EDT)","March 24, 2026 8:00 PM (EDT)",23030,,,,,,,,,,,PSA Web,"At Risk, Onboarding",,,
Frontline Security,"August 22, 2026","September 21, 2026","October 21, 2026","September 9, 2026 3:21 AM (EDT)",,Justin Lee,$660.00,,FRONTLINESECURITYPSA,FRONTLINESECURITYPSA,"September 9, 2026 3:21 AM (EDT)","March 24, 2026 8:00 PM (EDT)",23031,"July 23, 2026",,,,,,,,,,PSA Web,"Active, Onboarding",,,
ITR Systems,,,,"June 29, 2026 1:04 PM (EDT)",,Jakob Champion,$0.00,,ITRSYSTEMSPSA,ITRSYSTEMSPSA,"June 29, 2026 1:04 PM (EDT)","March 29, 2026 8:00 PM (EDT)",23033,,,,,,,,,,,PSA Web,Churned,,,
DFW Security,,,,"September 9, 2026 3:17 AM (EDT)",,Justin Lee,"$4,324.34",,DFWSECURITYPSA,DFWSECURITYPSA,"September 9, 2026 3:17 AM (EDT)","March 30, 2026 8:00 PM (EDT)",23035,,RTS - Client,,,,,,,,,PSA Web,"At Risk, Onboarding",,,
E-Alarm and Surveillance,,,,,,,$44.14,$0.00,,,,,22939,,Canceled - Functionality,,,June 2026 retention import from Cohort_Jun26_wo_Payments_7.6.26---70f34bf5-b8e8-4d81-9703-88d2102c7435.xlsx; product-level MRR loaded.,$0.00,$0.00,$44.14,,,Payments,Active,,$0.00,
MAPS Security,,,,"September 9, 2026 3:18 AM (EDT)",rinor.berisha,Katerra Stephenson-Greenwood,"$1,560.00",$0.00,MAPSSECURITYPSA,MAPSSECURITYPSA,"September 9, 2026 3:18 AM (EDT)","September 9, 2026 3:18 AM (EDT)",22935,,,,,June 2026 retention import from Cohort_Jun26_wo_Payments_7.6.26---70f34bf5-b8e8-4d81-9703-88d2102c7435.xlsx; product-level MRR loaded.,$0.00,$0.00,$35.14,,,PSA Web,Active,,$0.00,
Lavish Automation,,,,"June 29, 2026 1:04 PM (EDT)",,Jake Borah,-$2.08,$0.00,LAVISHAUTOMATIONPSA,LAVISHAUTOMATIONPSA,"June 29, 2026 1:04 PM (EDT)","June 29, 2026 1:04 PM (EDT)",22870,,Canceled - Functionality,,,June 2026 retention import from Cohort_Jun26_wo_Payments_7.6.26---70f34bf5-b8e8-4d81-9703-88d2102c7435.xlsx; product-level MRR loaded.,$0.00,$0.00,-$2.08,,,Payments,Churned,,$0.00,
VoIP.ms (Sponsor),,,,"September 9, 2026 3:24 AM (EDT)",,,$0.00,,,,"September 9, 2026 3:24 AM (EDT)","September 9, 2026 3:24 AM (EDT)",22877,,,,,,,,,,,,,,,
Royce Integrated Solutions,,,,"June 29, 2026 1:04 PM (EDT)",,,$0.00,,ROYCEINTEGRATEDPSA,ROYCEINTEGRATEDPSA,"June 29, 2026 1:04 PM (EDT)","June 29, 2026 1:04 PM (EDT)",22878,,,,,,,,,,,PSA Web,Churned,,,
Royce Bravo,,,,"June 29, 2026 1:04 PM (EDT)",,Katerra Stephenson-Greenwood,$0.00,,ROYCEBRAVOPSA,ROYCEBRAVOPSA,"June 29, 2026 1:04 PM (EDT)","June 29, 2026 1:04 PM (EDT)",22880,,Canceled - Client Ghosted,,,,,,,,,PSA Web,Churned,,,
Grahek Technology,"May 30, 2026","June 29, 2026","July 29, 2026","September 9, 2026 3:23 AM (EDT)",rinor.berisha,Justin Lee,$315.00,,GRAHEKTECHNOLOGYPSA,GRAHEKTECHNOLOGYPSA,"September 9, 2026 3:23 AM (EDT)","September 9, 2026 3:23 AM (EDT)",22881,"April 30, 2026",Graduated,"June 2, 2026",,,,,,,,PSA Web,Active,,,
Avalara (Sponsor),,,,"September 9, 2026 3:24 AM (EDT)",,,$0.00,,,,"September 9, 2026 3:24 AM (EDT)","September 9, 2026 3:24 AM (EDT)",22882,,,,,,,,,,,,,,,
CereTax (Sponsor),,,,"September 9, 2026 3:24 AM (EDT)",,,$0.00,,,,"September 9, 2026 3:24 AM (EDT)","September 9, 2026 3:24 AM (EDT)",22883,,,,,,,,,,,,,,,
Integrity Sound,"May 20, 2026","June 19, 2026","July 19, 2026","June 29, 2026 1:04 PM (EDT)",rinor.berisha,Jaylin Bender,$0.00,,INTEGRITYSOUNDPSA,INTEGRITYSOUNDPSA,"June 29, 2026 1:04 PM (EDT)","June 29, 2026 1:04 PM (EDT)",22895,"April 20, 2026",Graduated,,,,,,,,,PSA Web,Churned,,,
Canitan LLC,,,,"September 9, 2026 3:24 AM (EDT)",,,$0.00,,,CANITANPSA,"September 9, 2026 3:24 AM (EDT)","September 9, 2026 3:24 AM (EDT)",22890,,,,,,,,,,,,Churned,,,
Voxtelesys (Sponsor),,,,"September 9, 2026 3:24 AM (EDT)",,,$0.00,,,,"September 9, 2026 3:24 AM (EDT)","September 9, 2026 3:24 AM (EDT)",22891,,,,,,,,,,,,,,,
"Guardian Advanced Solutions, Ltd.",,,,"August 28, 2026 3:25 AM (EDT)",,,$435.48,,GUARDIANADVANCEDPSA,GUARDIANADVANCEDPSA,"August 28, 2026 3:25 AM (EDT)","May 5, 2026 8:00 PM (EDT)",22900,,,,,,,,,,,PSA Web,Onboarding,,,
Intec Security Solutions,,,,"September 9, 2026 3:22 AM (EDT)",,Justin Lee,$500.00,,INTECSECURITYSOLUPSA,INTECSECURITYSOLUPSA,"September 9, 2026 3:22 AM (EDT)","July 28, 2026 8:00 PM (EDT)",22911,,RTS - Functionality,,,,,,,,,PSA Web,"At Risk, Onboarding",,,
Xera,,,,"June 29, 2026 1:04 PM (EDT)",,Jakob Champion,$0.00,,xerapsa.rev.io,xerapsa.rev.io,"June 29, 2026 1:04 PM (EDT)","June 29, 2026 1:04 PM (EDT)",22920,,,,,,,,,,,PSA Web,Churned,,,
TRX Services (Sponsor),,,,"September 9, 2026 3:24 AM (EDT)",,,$0.00,,,,"September 9, 2026 3:24 AM (EDT)","September 9, 2026 3:24 AM (EDT)",22845,,,,,,,,,,,,,,,
VoIPCX / Textable (Sponsor),,,,"September 9, 2026 3:24 AM (EDT)",,,$0.00,,,,"September 9, 2026 3:24 AM (EDT)","September 9, 2026 3:24 AM (EDT)",22846,,,,,,,,,,,,,,,
Telcloud (Sponsor),,,,"September 9, 2026 3:24 AM (EDT)",,,$0.00,,,,"September 9, 2026 3:24 AM (EDT)","September 9, 2026 3:24 AM (EDT)",22847,,,,,,,,,,,,,,,
CLA (Sponsor),,,,"September 9, 2026 3:24 AM (EDT)",,,$0.00,,,,"September 9, 2026 3:24 AM (EDT)","September 9, 2026 3:24 AM (EDT)",22848,,,,,,,,,,,,,,,
EisnerAmper (Sponsor),,,,"September 9, 2026 3:16 AM (EDT)",,,"$14,000.00",,,,"September 9, 2026 3:16 AM (EDT)","September 9, 2026 3:16 AM (EDT)",22849,,,,,,,,,,,,,,,
Altaworx (Sponsor),,,,"September 9, 2026 3:24 AM (EDT)",,,$0.00,,,,"September 9, 2026 3:24 AM (EDT)","September 9, 2026 3:24 AM (EDT)",22850,,,,,,,,,,,,,,,
TaxTheta Inc  (Sponsor),,,,"September 9, 2026 3:16 AM (EDT)",,,"$12,000.00",,,,"September 9, 2026 3:16 AM (EDT)","September 9, 2026 3:16 AM (EDT)",22852,,,,,,,,,,,,,,,
Centric Consulting (Sponsor),,,,"September 9, 2026 3:24 AM (EDT)",,,$0.00,,,,"September 9, 2026 3:24 AM (EDT)","September 9, 2026 3:24 AM (EDT)",22854,,,,,,,,,,,,,,,
Talewind (Sponsor),,,,"September 9, 2026 3:24 AM (EDT)",,,$0.00,,,,"September 9, 2026 3:24 AM (EDT)","September 9, 2026 3:24 AM (EDT)",22853,,,,,,,,,,,,,,,
JSI (Sponsor),,,,"September 9, 2026 3:24 AM (EDT)",,,$0.00,,,,"September 9, 2026 3:24 AM (EDT)","September 9, 2026 3:24 AM (EDT)",22855,,,,,,,,,,,,,,,
Business Growers (Sponsor),,,,"September 9, 2026 3:24 AM (EDT)",,,$0.00,,,,"September 9, 2026 3:24 AM (EDT)","September 9, 2026 3:24 AM (EDT)",22856,,,,,,,,,,,,,,,
TaxConnex (Sponsor),,,,"September 9, 2026 3:24 AM (EDT)",,,$0.00,,,,"September 9, 2026 3:24 AM (EDT)","September 9, 2026 3:24 AM (EDT)",22857,,,,,,,,,,,,,,,
"Rage Technologies, Inc.",,,,,,,$0.00,,,,,,22571,,,,,,,,,,,,Churned,,,
WoltersKluwer (Sponsor),,,,"September 9, 2026 3:15 AM (EDT)",,,"$23,750.00",,,,"September 9, 2026 3:15 AM (EDT)","September 9, 2026 3:15 AM (EDT)",22859,,,,,,,,,,,,,,,
"Oakley Alarms, Ltd",,,,"August 6, 2026 3:29 AM (EDT)",,Katerra Stephenson-Greenwood,$0.00,,,,"August 6, 2026 3:29 AM (EDT)","August 6, 2026 3:29 AM (EDT)",22627,,,,,,,,,,,Tigerpaw,,,,
Greeley Lock & Key LLC,,,,"July 2, 2026 3:28 AM (EDT)",,,$0.00,$0.00,,,"July 2, 2026 3:28 AM (EDT)","July 2, 2026 3:28 AM (EDT)",22478,,,,,June 2026 retention import from Cohort_Jun26_wo_Payments_7.6.26---70f34bf5-b8e8-4d81-9703-88d2102c7435.xlsx; product-level MRR loaded.,$0.00,$0.00,$0.00,,,,Churned,,$0.00,
Rev.io,,,,"February 29, 2004 7:00 PM (EST)",,,$0.00,$0.00,"ACME, API_SANDBOX, API_SANDBOX_TEMPLATE, AUTOMATED_TESTS, BULLSEYE, DEMO, DEMO_SANDBOX, DM_Testing_TEST, H20123, H2O, H2O_SANDBOX, H2O1, INTELIQUENT, INVENTORY, JERMAINE, LEARN, LIONGARD, MOMENTUM, MSP, NORTHLAND, ODIN_DEMO, PARLOR, PRODUCT, SALES, sales_SANDBOX, SANDBOX, SE, SOLUTIONS, TEMPLATE, TEMPLATE_SANDBOX, TEMPLATE_WIRELESS, TESTDRIVE, TRAINING, TRAINING_SANDBOX","ACME, API_SANDBOX, API_SANDBOX_TEMPLATE, AUTOMATED_TESTS, BULLSEYE, DEMO, DEMO_SANDBOX, DM_Testing_TEST, H20123, H2O, H2O_SANDBOX, H2O1, INTELIQUENT, INVENTORY, JERMAINE, LEARN, LIONGARD, MOMENTUM, MSP, NORTHLAND, ODIN_DEMO, PARLOR, PRODUCT, SALES, sales_SANDBOX, SANDBOX, SE, SOLUTIONS, TEMPLATE, TEMPLATE_SANDBOX, TEMPLATE_WIRELESS, TESTDRIVE, TRAINING, TRAINING_SANDBOX","November 29, 2021 7:00 PM (EST)","October 1, 2021 8:00 PM (EDT)",1000,,,,,June 2026 retention import from Cohort_Jun26_wo_Payments_7.6.26---70f34bf5-b8e8-4d81-9703-88d2102c7435.xlsx; product-level MRR loaded.,$0.00,$0.00,"$1,049.93",,,Billing,Active,,$0.00,
Valhelio Tech,,,,"March 25, 2025 8:00 PM (EDT)",Rachael Buchtan,Katerra Stephenson-Greenwood,"$53,576.19",$0.00,"AHELIOTECH, AHELIOTECHPSA, ValhelioRMM","AHELIOTECH, AHELIOTECHPSA, ValhelioRMM","December 30, 2028 7:00 PM (EST)","December 31, 2025 7:00 PM (EST)",21971,,,"June 9, 2026",,June 2026 retention import from Cohort_Jun26_wo_Payments_7.6.26---70f34bf5-b8e8-4d81-9703-88d2102c7435.xlsx; product-level MRR loaded.,$0.00,"$2,800.00","$1,370.87",,,"Billing, PSA Web",Active,,$0.00,
Motorola,,,,,,,,,,,,,,,,,,,,,,,,,,,,
Devera Technologies,,,,"September 9, 2026 3:22 AM (EDT)",,Ingrid Beard,$500.00,,DEVERA,DEVERA,"September 9, 2026 3:22 AM (EDT)","September 9, 2026 3:22 AM (EDT)",23049,,,,,,,,,,,Billing,Active,,,
MI Communications Group,,,,"August 25, 2026 3:34 AM (EDT)",,Ingrid Beard,$507.54,,MICOMMUNICATIONSGROUP,MICOMMUNICATIONSGROUP,"August 25, 2026 3:34 AM (EDT)","August 25, 2026 3:34 AM (EDT)",23045,,,,,,,,,,,Billing,Active,,,
A&B Security,,,,"June 29, 2026 1:04 PM (EDT)",,Jake Borah,$118.00,,ABSECURITYPSA,absecurity.psarev.io,"June 29, 2026 1:04 PM (EDT)","March 25, 2026 8:00 PM (EDT)",23032,,,,,,,,,,,PSA Web,Active,,,
JD Telecom,,,,"July 27, 2026 8:00 PM (EDT)",,Ingrid Beard,"$1,327.58",,"JDTELECOM, JDTELECOMPSA","JDTELECOM, JDTELECOMPSA","July 26, 2029 8:00 PM (EDT)","April 27, 2026 8:00 PM (EDT)",23052,,,,,,,,,,,"Billing, PSA Web, Payments",Active,,,
Minuteman Security Systems,"July 25, 2026","August 24, 2026","September 23, 2026","September 9, 2026 3:21 AM (EDT)",,Ingrid Beard,$575.00,,MINUTEMENSECURITYPSA,MINUTEMENSECURITYPSA,"September 9, 2026 3:21 AM (EDT)","April 28, 2026 8:00 PM (EDT)",23054,"June 25, 2026",,,,,,,,,,PSA Web,Active,,,
Sparrow Technologies,,,,"September 9, 2026 3:23 AM (EDT)",,Ingrid Beard,$382.33,,SPARROWTECHNOLOGIESPSA,SPARROWTECHNOLOGIESPSA,"September 9, 2026 3:23 AM (EDT)","April 29, 2026 8:00 PM (EDT)",23055,,,,,,,,,,,PSA Web,Active,,,
EM Business,"July 10, 2026","August 9, 2026","September 8, 2026","September 9, 2026 3:22 AM (EDT)",,,$525.00,,EMBUSINESSPSA,EMBUSINESSPSA,"September 9, 2026 3:22 AM (EDT)","April 27, 2026 8:00 PM (EDT)",23051,"June 10, 2026",,,,,,,,,,PSA Web,Active,,,
Integrated Technologies,,,,"September 9, 2026 3:20 AM (EDT)",,Ingrid Beard,$735.71,,INTEGRATEDTECHPSA,INTEGRATEDTECHPSA,"September 9, 2026 3:20 AM (EDT)","March 30, 2026 8:00 PM (EDT)",23036,,,,,,,,,,,PSA Web,Active,,,
Mule Security & Electric Inc.,,,,"June 29, 2026 1:04 PM (EDT)",,,$0.00,,MULESECURITYPSA,mulesecurity.psarev.io,"June 29, 2026 1:04 PM (EDT)","March 30, 2026 8:00 PM (EDT)",23037,,,,,,,,,,,PSA Web,Active,,,
Custom Electronic Consultants,"July 29, 2026","August 28, 2026","September 27, 2026","September 9, 2026 3:22 AM (EDT)",,Ingrid Beard,$500.00,,CUSTOMELECTRONICPSA,CUSTOMELECTRONICPSA,"September 9, 2026 3:22 AM (EDT)","March 31, 2026 8:00 PM (EDT)",23038,"June 29, 2026",,,,,,,,,,PSA Web,Active,,,
DMC Systems,,,,"September 9, 2026 3:22 AM (EDT)",,Ingrid Beard,$482.89,,DMCSYSTEMSPSA,DMCSYSTEMSPSA,"September 9, 2026 3:22 AM (EDT)","April 9, 2026 8:00 PM (EDT)",23039,,,,,,,,,,,PSA Web,Active,,,
C1st Technologies,,,,"September 9, 2026 3:22 AM (EDT)",,Ingrid Beard,$500.00,,C1STTECHNOLOGIESPSA,C1STTECHNOLOGIESPSA,"September 9, 2026 3:22 AM (EDT)","April 12, 2026 8:00 PM (EDT)",23040,,,,,,,,,,,PSA Web,Active,,,
AVSS,,,,"September 9, 2026 3:22 AM (EDT)",,Justin Lee,$498.33,,AVSSPSA,AVSSPSA,"September 9, 2026 3:22 AM (EDT)","April 13, 2026 8:00 PM (EDT)",23041,,,,,,,,,,,PSA Web,Active,,,
Front Row AV,,,,"August 21, 2026 3:23 AM (EDT)",,Ingrid Beard,$605.00,,FRONTROWAVPSA,FRONTROWAVPSA,"August 21, 2026 3:23 AM (EDT)","April 14, 2026 8:00 PM (EDT)",23042,,,,,,,,,,,PSA Web,Active,,,
VIA Technology,"June 21, 2026","July 21, 2026","August 20, 2026","September 9, 2026 3:19 AM (EDT)",jacob.williams,Ingrid Beard,"$1,075.83",,VIATECHNOLOGYPSA,VIATECHNOLOGYPSA,"September 9, 2026 3:19 AM (EDT)","April 15, 2026 8:00 PM (EDT)",23046,"May 22, 2026",,,,,,,,,,PSA Web,Active,,,
Alliance Communication & Technologies,,,,"June 29, 2026 1:04 PM (EDT)",,Ingrid Beard,$0.00,,ALLIANCECOMMUNICATIONPSA,alliancecommunication.psarev.io,"June 29, 2026 1:04 PM (EDT)","April 21, 2026 8:00 PM (EDT)",23047,,,,,,,,,,,PSA Web,Active,,,
Silent Knight Security,,,,"September 9, 2026 3:21 AM (EDT)",,Ingrid Beard,$620.00,,SILENTKNIGHTSECURITYPSA,SILENTKNIGHTSECURITYPSA,"September 9, 2026 3:21 AM (EDT)","April 21, 2026 8:00 PM (EDT)",23048,,,,,,,,,,,PSA Web,Active,,,
Elite Connect,"July 29, 2026","August 28, 2026","September 27, 2026","August 26, 2026 3:26 AM (EDT)",,Justin Lee,$550.13,,ELITECONNECTPSA,ELITECONNECTPSA,"August 26, 2026 3:26 AM (EDT)","May 4, 2026 8:00 PM (EDT)",23057,"June 29, 2026",,,,,,,,,,PSA Web,Active,,,
UT Networks,,,,"September 9, 2026 3:22 AM (EDT)",,Ingrid Beard,$500.00,$0.00,UTNETWORKSPSA,UTNETWORKSPSA,"September 9, 2026 3:22 AM (EDT)","May 20, 2026 8:00 PM (EDT)",22814,,,"May 16, 2024",,June 2026 retention import from Cohort_Jun26_wo_Payments_7.6.26---70f34bf5-b8e8-4d81-9703-88d2102c7435.xlsx; product-level MRR loaded.,$0.00,$0.00,$0.00,,,"PSA Web, Tigerpaw",Churned,,$0.00,
High Tech Communications Inc.,,,,"September 9, 2026 3:19 AM (EDT)",Sarah McGovern,Ingrid Beard,"$1,190.70",,,,"September 9, 2026 3:19 AM (EDT)","September 9, 2026 3:19 AM (EDT)",22018,,,,,,,,,,,Tigerpaw,Active,,,
"Innovative IoT, LLC",,,,"September 9, 2026 3:21 AM (EDT)",,,$667.87,,INNOVATIVEIOT,INNOVATIVEIOT,"September 9, 2026 3:21 AM (EDT)","September 9, 2026 3:21 AM (EDT)",23061,,,,,,,,,,,Billing,Active,,,
Electronic Systems Installers,,,,"July 23, 2026 3:23 AM (EDT)",,Ingrid Beard,$699.44,,ELECTRONICSYSTEMSPSA,ELECTRONICSYSTEMSPSA,"July 23, 2026 3:23 AM (EDT)","May 13, 2026 8:00 PM (EDT)",23060,,,,,,,,,,,PSA Web,Active,,,
Integrated Technology and Security,"July 5, 2026","August 4, 2026","September 3, 2026","September 9, 2026 3:21 AM (EDT)",Sarah McGovern,,$680.00,,INTEGRATEDTECHANDSECURITYPSA,INTEGRATEDTECHANDSECURITYPSA,"September 9, 2026 3:21 AM (EDT)","September 9, 2026 3:21 AM (EDT)",23058,"June 5, 2026",,,,,,,,,,PSA Web,Active,,,
Alarmco Integrated Systems,"July 30, 2026","August 29, 2026","September 28, 2026","September 9, 2026 3:21 AM (EDT)",,Ingrid Beard,$608.03,,ALARMCOINTEGRATEDPSA,ALARMCOINTEGRATEDPSA,"September 9, 2026 3:21 AM (EDT)","May 18, 2026 8:00 PM (EDT)",23062,"June 30, 2026",,,,,,,,,,PSA Web,Active,,,
Segra,,,,"April 29, 2026 8:00 PM (EDT)",,Justin Lee,$350.00,,SEGRA,SEGRA,"September 9, 2026 3:23 AM (EDT)","September 9, 2026 3:23 AM (EDT)",23059,,,"February 26, 2024",,,,,,,,Billing,Active,,,
Weaver Systems,,,,"September 9, 2026 3:22 AM (EDT)",,Ingrid Beard,$500.00,,WEAVERSYSTEMSPSA,WEAVERSYSTEMSPSA,"September 9, 2026 3:22 AM (EDT)","May 28, 2026 8:00 PM (EDT)",23064,,,,,,,,,,,PSA Web,Active,,,
Voysis IP Solutions,,,,"July 13, 2026 3:20 AM (EDT)",,Ingrid Beard,$0.00,$0.00,VOYSISIPSOLUTIONS,VOYSISIPSOLUTIONS,"July 13, 2026 3:20 AM (EDT)","July 13, 2026 3:20 AM (EDT)",22218,,,"August 22, 2025",,June 2026 retention import from Cohort_Jun26_wo_Payments_7.6.26---70f34bf5-b8e8-4d81-9703-88d2102c7435.xlsx; product-level MRR loaded.,$0.00,$0.00,$0.00,,,Tigerpaw,Churned,,$0.00,
Underdog Fire & Security,"July 24, 2026","August 23, 2026","September 22, 2026","September 9, 2026 3:20 AM (EDT)",,Justin Lee,$820.00,,UNDERDOGPSA,UNDERDOGPSA,"September 9, 2026 3:20 AM (EDT)","May 4, 2026 8:00 PM (EDT)",23056,"June 24, 2026",,,,,,,,,,PSA Web,Active,,,
All Serve Communications,,,,"September 9, 2026 3:20 AM (EDT)",,Justin Lee,$741.67,,ALLSERVECOMMUNICATIONS,ALLSERVECOMMUNICATIONS,"September 9, 2026 3:20 AM (EDT)","September 9, 2026 3:20 AM (EDT)",23063,,,,,,,,,,,Billing,Active,,,
K&L Telecom,,,,"September 9, 2026 3:18 AM (EDT)",,Ingrid Beard,"$2,000.00",,KLTELECOM,KLTELECOM,"September 9, 2026 3:18 AM (EDT)","September 9, 2026 3:18 AM (EDT)",23065,,,,,,,,,,,Billing,Active,,,
Computer Brilliance,"August 29, 2026","September 28, 2026","October 28, 2026","September 9, 2026 3:21 AM (EDT)",,Justin Lee,$664.44,,COMPUTERBRILLIANCEPSA,COMPUTERBRILLIANCEPSA,"September 9, 2026 3:21 AM (EDT)","May 27, 2026 8:00 PM (EDT)",23066,"July 30, 2026",,,,,,,,,,PSA Web,Active,,,
Scheer Security,,,,"July 13, 2026 3:24 AM (EDT)",,,$555.83,,SCHEERSECURITYPSA,SCHEERSECURITYPSA,"July 13, 2026 3:24 AM (EDT)","June 1, 2026 8:00 PM (EDT)",23067,,,,,,,,,,,PSA Web,Active,,,
MR Solutions,,,,"July 31, 2026 3:21 AM (EDT)",,Ingrid Beard,$912.67,,MRSOLUTIONSPSA,MRSOLUTIONSPSA,"July 31, 2026 3:21 AM (EDT)","June 2, 2026 8:00 PM (EDT)",23068,,,,,,,,,,,PSA Web,Active,,,
Logic People,,,,"September 9, 2026 3:18 AM (EDT)",rinor.berisha,Justin Lee,"$1,844.45",,LOGICPEOPLEPSA,LOGICPEOPLEPSA,"July 6, 2026 8:00 PM (EDT)","June 7, 2026 8:00 PM (EDT)",23069,,,,,,,,,,,PSA Web,Active,,,
Fountaine Information Systems,,,,"September 9, 2026 3:21 AM (EDT)",,Justin Lee,$612.50,,FOUNTAINEINFORMATIONPSA,FOUNTAINEINFORMATIONPSA,"September 9, 2026 3:21 AM (EDT)","September 9, 2026 3:21 AM (EDT)",23074,,,,,,,,,,,PSA Web,Active,,,
IBA,,,,"September 9, 2026 3:20 AM (EDT)",,Katerra Stephenson-Greenwood,$755.56,,IBAPSA,IBAPSA,"September 9, 2026 3:20 AM (EDT)","September 9, 2026 3:20 AM (EDT)",23077,,,,,,,,,,,PSA Web,Active,,,
Womack Communications,,,,"August 24, 2026 8:00 PM (EDT)",,,$711.11,,WOMACKCOMMUNICATIONS,WOMACKCOMMUNICATIONS,"August 23, 2027 8:00 PM (EDT)","August 24, 2026 8:00 PM (EDT)",23078,,,,,,,,,,,Billing,Active,,,
Copper Clad Systems,,,,"August 25, 2026 3:33 AM (EDT)",,Patrick Davies,$575.00,,COPPERCLADSYSTEMSPSA,COPPERCLADSYSTEMSPSA,"August 25, 2026 3:33 AM (EDT)","August 25, 2026 3:33 AM (EDT)",23081,,,,,,,,,,,PSA Web,Active,,,
Valentine Systems,,,,"September 9, 2026 3:23 AM (EDT)",,Jamie Butler,$366.67,,VALENTINESYSTEMSPSA,VALENTINESYSTEMSPSA,"September 9, 2026 3:23 AM (EDT)","September 9, 2026 3:23 AM (EDT)",23082,,,,,,,,,,,PSA Web,Active,,,
AVIT,,,,"September 9, 2026 3:19 AM (EDT)",,Jakob Champion,"$1,144.44",,avit.psarev.io,avit.psarev.io,"September 9, 2026 3:19 AM (EDT)","September 9, 2026 3:19 AM (EDT)",23083,,,,,,,,,,,PSA Web,Active,,,
West Virginia Security,,,,"August 21, 2026 3:21 AM (EDT)",,,$810.00,,WESTVIRGINIASECURITYPSA,WESTVIRGINIASECURITYPSA,"August 21, 2026 3:21 AM (EDT)","June 25, 2026 8:00 PM (EDT)",23084,,,,,,,,,,,PSA Web,Active,,,
Tribe Connect,,,,"September 9, 2026 3:21 AM (EDT)",,Andrew Whisenant,$694.44,,TRIBECONNECT,TRIBECONNECT,"September 9, 2026 3:21 AM (EDT)","September 9, 2026 3:21 AM (EDT)",23085,,,,,,,,,,,Billing,Active,,,
Intrepid Security & Protection,,,,"September 9, 2026 3:23 AM (EDT)",,Jake Borah,$355.56,,INTREPIDSECURITYPSA,INTREPIDSECURITYPSA,"September 9, 2026 3:23 AM (EDT)","September 9, 2026 3:23 AM (EDT)",23086,,,,,,,,,,,PSA Web,Active,,,
"R-Squared Security Services, LLC dba Trails Country Security",,,,"September 9, 2026 3:23 AM (EDT)",,,$452.00,,TRAILSCOUNTRYSECURITYPSA,TRAILSCOUNTRYSECURITYPSA,"September 9, 2026 3:23 AM (EDT)","May 22, 2026 8:00 PM (EDT)",22864,,,,,,,,,,,PSA Web,Active,,,
Jakob's Account,,,,"September 9, 2026 3:24 AM (EDT)",,,$0.00,,,,"September 9, 2026 3:24 AM (EDT)","September 9, 2026 3:24 AM (EDT)",23075,,,,,,,,,,,,Active,,,
Liongard (Sponsor),,,,"September 9, 2026 3:16 AM (EDT)",,,"$16,000.00",,,,"September 9, 2026 3:16 AM (EDT)","September 9, 2026 3:16 AM (EDT)",23072,,,,,,,,,,,,Active,,,
Commio (Sponsor),,,,"September 9, 2026 3:16 AM (EDT)",,,"$7,500.00",,,,"September 9, 2026 3:16 AM (EDT)","September 9, 2026 3:16 AM (EDT)",23073,,,,,,,,,,,,Active,,,
HTI Systems (High Tech Innovations),,,,"September 9, 2026 3:21 AM (EDT)",,,$577.80,,,,"September 9, 2026 3:21 AM (EDT)","September 9, 2026 3:21 AM (EDT)",22618,,,,,,,,,,,,Active,,,
DinoTech,,,,"September 9, 2026 3:24 AM (EDT)",,,$0.00,,,,"September 9, 2026 3:24 AM (EDT)","September 9, 2026 3:24 AM (EDT)",23076,,,,,,,,,,,,Active,,,
Cynomi (Sponsor),,,,"September 9, 2026 3:16 AM (EDT)",,,"$17,500.00",,,,"September 9, 2026 3:16 AM (EDT)","September 9, 2026 3:16 AM (EDT)",23070,,,,,,,,,,,,Active,,,
Great America (Sponsor),,,,"September 9, 2026 3:16 AM (EDT)",,,"$18,000.00",,,,"September 9, 2026 3:16 AM (EDT)","September 9, 2026 3:16 AM (EDT)",23071,,,,,,,,,,,,Active,,,
Next Step Communications,,,,"September 9, 2026 3:23 AM (EDT)",,Jake Borah,$420.22,,NEXTSTEPCOMMSPSA,NEXTSTEPCOMMSPSA,"September 9, 2026 3:23 AM (EDT)","June 29, 2026 8:00 PM (EDT)",23089,,,,,,,,,,,PSA Web,Active,,,
PWR Technologies,,,,"September 9, 2026 3:20 AM (EDT)",,Jakob Champion,$750.00,,PWRTECHNOLOGIESPSA,PWRTECHNOLOGIESPSA,"September 9, 2026 3:20 AM (EDT)","June 29, 2026 8:00 PM (EDT)",23087,,,,,,,,,,,PSA Web,Active,,,
Basin Telecom,,,,"September 9, 2026 3:21 AM (EDT)",,Katerra Stephenson-Greenwood,$560.00,,BASINTELECOMPSA,BASINTELECOMPSA,"September 9, 2026 3:21 AM (EDT)","June 29, 2026 8:00 PM (EDT)",23088,,,,,,,,,,,PSA Web,Active,,,
OVISS CCTV,,,,"September 9, 2026 3:20 AM (EDT)",,Davis Herndon,$830.00,,OVISSCCTVPSA,OVISSCCTVPSA,"September 9, 2026 3:20 AM (EDT)","June 29, 2026 8:00 PM (EDT)",23090,,,,,,,,,,,PSA Web,Active,,,
In-Telecom Bill on Behalf,,,,"September 9, 2026 3:22 AM (EDT)",,,$500.00,,INTELECOM_RESELLER,INTELECOM_RESELLER,"September 9, 2026 3:22 AM (EDT)","September 9, 2026 3:22 AM (EDT)",23093,,,,,,,,,,,Billing,Active,,,
Ringible,,,,"August 28, 2026 3:24 AM (EDT)",,Jakob Champion,$500.00,,RINGIBLE,RINGIBLE,"August 28, 2026 3:24 AM (EDT)","August 28, 2026 3:24 AM (EDT)",23091,,,,,,,,,,,Billing,Active,,,
PSD Integrations,,,,"September 9, 2026 3:20 AM (EDT)",,,$806.45,,PSDINTEGRATIONSPSA,PSDINTEGRATIONSPSA,"September 9, 2026 3:20 AM (EDT)","July 8, 2026 8:00 PM (EDT)",23094,,,,,,,,,,,PSA Web,Active,,,
1st Business Solutions Inc.,,,,,,,$0.00,$0.00,,,,,,,,,,June 2026 retention import from Cohort_Jun26_wo_Payments_7.6.26---70f34bf5-b8e8-4d81-9703-88d2102c7435.xlsx; product-level MRR loaded.,$0.00,$0.00,$0.00,,,,Churned,,$0.00,
"210 Solutions, LLC",,,,,,,$0.00,$0.00,,,,,22833,,,,,June 2026 retention import from Cohort_Jun26_wo_Payments_7.6.26---70f34bf5-b8e8-4d81-9703-88d2102c7435.xlsx; product-level MRR loaded.,$0.00,$0.00,$0.00,,,Tigerpaw,Churned,,$0.00,
"A-1 Image, Inc.",,,,,,,$0.00,$0.00,,,,,,,,,,June 2026 retention import from Cohort_Jun26_wo_Payments_7.6.26---70f34bf5-b8e8-4d81-9703-88d2102c7435.xlsx; product-level MRR loaded.,$0.00,$0.00,$0.00,,,,Churned,,$0.00,
A+ Communications and Security,,,,,,,$0.00,$0.00,,,,,,,,,,June 2026 retention import from Cohort_Jun26_wo_Payments_7.6.26---70f34bf5-b8e8-4d81-9703-88d2102c7435.xlsx; product-level MRR loaded.,$0.00,$0.00,$0.00,,,,Churned,,$0.00,
Abadata Computer Corporation Inc.,,,,,,,$0.00,$0.00,,,,,,,,,,June 2026 retention import from Cohort_Jun26_wo_Payments_7.6.26---70f34bf5-b8e8-4d81-9703-88d2102c7435.xlsx; product-level MRR loaded.,$0.00,$0.00,$0.00,,,,Churned,,$0.00,
ABIS Datacom LLC.,,,,,,,$73.13,$0.00,,,,,,,,,,June 2026 retention import from Cohort_Jun26_wo_Payments_7.6.26---70f34bf5-b8e8-4d81-9703-88d2102c7435.xlsx; product-level MRR loaded.,$0.00,$0.00,$73.13,,,Payments,Active,,$0.00,
Absolute Computer Systems,,,,,,,$0.00,$0.00,,,,,,,,,,June 2026 retention import from Cohort_Jun26_wo_Payments_7.6.26---70f34bf5-b8e8-4d81-9703-88d2102c7435.xlsx; product-level MRR loaded.,$0.00,$0.00,$0.00,,,,Churned,,$0.00,
Absolute Security Group Inc,,,,,,,-$9.86,$0.00,,,,,22611,,,,,June 2026 retention import from Cohort_Jun26_wo_Payments_7.6.26---70f34bf5-b8e8-4d81-9703-88d2102c7435.xlsx; product-level MRR loaded.,$0.00,$0.00,-$9.86,,,Payments,Churned,,$0.00,
Acteon Networks LLC,,,,,,,$0.00,$0.00,,,,,,,,,,June 2026 retention import from Cohort_Jun26_wo_Payments_7.6.26---70f34bf5-b8e8-4d81-9703-88d2102c7435.xlsx; product-level MRR loaded.,$0.00,$0.00,$0.00,,,,Churned,,$0.00,
Advanced Communications,,,,,,,$0.00,$0.00,,,,,,,,,,June 2026 retention import from Cohort_Jun26_wo_Payments_7.6.26---70f34bf5-b8e8-4d81-9703-88d2102c7435.xlsx; product-level MRR loaded.,$0.00,$0.00,$0.00,,,,Churned,,$0.00,
Advanced Technology Group,,,,,,,$17.52,$0.00,,,,,,,,,,June 2026 retention import from Cohort_Jun26_wo_Payments_7.6.26---70f34bf5-b8e8-4d81-9703-88d2102c7435.xlsx; product-level MRR loaded.,$0.00,$0.00,$17.52,,,Payments,Active,,$0.00,
Advannova Inc,,,,,,,$0.00,$0.00,,,,,22553,,,,,June 2026 retention import from Cohort_Jun26_wo_Payments_7.6.26---70f34bf5-b8e8-4d81-9703-88d2102c7435.xlsx; product-level MRR loaded.,$0.00,$0.00,$0.00,,,Tigerpaw,Churned,,$0.00,
Advantage Print Solutions,,,,,,,$0.00,$0.00,,,,,22424,,,,,June 2026 retention import from Cohort_Jun26_wo_Payments_7.6.26---70f34bf5-b8e8-4d81-9703-88d2102c7435.xlsx; product-level MRR loaded.,$0.00,$0.00,$0.00,,,Tigerpaw,Churned,,$0.00,
Advantage Technology,,,,,,,$0.00,$0.00,,,,,,,,,,June 2026 retention import from Cohort_Jun26_wo_Payments_7.6.26---70f34bf5-b8e8-4d81-9703-88d2102c7435.xlsx; product-level MRR loaded.,$0.00,$0.00,$0.00,,,,Churned,,$0.00,
Affiliated Technology Solutions,,,,,,,"$18,133.77","$15,160.62",,,,,1426,,,,,June 2026 retention import from Cohort_Jun26_wo_Payments_7.6.26---70f34bf5-b8e8-4d81-9703-88d2102c7435.xlsx; product-level MRR loaded.,$0.00,$0.00,"$2,973.15",,,"Billing, Payments",Active,,$0.00,
AhelioTech Services LTD,,,,,,,"$13,670.90","$13,670.90",,,,,21971,,,,,June 2026 retention import from Cohort_Jun26_wo_Payments_7.6.26---70f34bf5-b8e8-4d81-9703-88d2102c7435.xlsx; product-level MRR loaded.,$0.00,$0.00,$0.00,,,Billing,Active,,$0.00,
Alaska Computer Support,,,,,,,$0.00,$0.00,,,,,,,,,,June 2026 retention import from Cohort_Jun26_wo_Payments_7.6.26---70f34bf5-b8e8-4d81-9703-88d2102c7435.xlsx; product-level MRR loaded.,$0.00,$0.00,$0.00,,,,Churned,,$0.00,
ALD Telecom,,,,,,,"$3,069.91","$2,941.80",,,,,21058,,,,,June 2026 retention import from Cohort_Jun26_wo_Payments_7.6.26---70f34bf5-b8e8-4d81-9703-88d2102c7435.xlsx; product-level MRR loaded.,$0.00,$0.00,$128.11,,,"Billing, Payments",Active,,$0.00,
Alef Edge,,,,,,,$11.69,$0.00,,,,,,,,,,June 2026 retention import from Cohort_Jun26_wo_Payments_7.6.26---70f34bf5-b8e8-4d81-9703-88d2102c7435.xlsx; product-level MRR loaded.,$0.00,$0.00,$11.69,,,Payments,Active,,$0.00,
All Access Telecom,,,,,,,$0.00,$0.00,,,,,,,,,,June 2026 retention import from Cohort_Jun26_wo_Payments_7.6.26---70f34bf5-b8e8-4d81-9703-88d2102c7435.xlsx; product-level MRR loaded.,$0.00,$0.00,$0.00,,,,Churned,,$0.00,
Alliance InfoSystems,,,,,,,$0.00,$0.00,,,,,,,,,,June 2026 retention import from Cohort_Jun26_wo_Payments_7.6.26---70f34bf5-b8e8-4d81-9703-88d2102c7435.xlsx; product-level MRR loaded.,$0.00,$0.00,$0.00,,,,Churned,,$0.00,
"AMP Networks, LLC",,,,,,,$0.00,$0.00,,,,,1091,,,,,June 2026 retention import from Cohort_Jun26_wo_Payments_7.6.26---70f34bf5-b8e8-4d81-9703-88d2102c7435.xlsx; product-level MRR loaded.,$0.00,$0.00,$0.00,,,Payments,Churned,,$0.00,
Anderson Systems Integration (ASI),,,,,,,$0.00,$0.00,,,,,22204,,,,,June 2026 retention import from Cohort_Jun26_wo_Payments_7.6.26---70f34bf5-b8e8-4d81-9703-88d2102c7435.xlsx; product-level MRR loaded.,$0.00,$0.00,$0.00,,,Tigerpaw,Churned,,$0.00,
Andromeda Technology Solutions,,,,,,,$0.00,$0.00,,,,,,,,,,June 2026 retention import from Cohort_Jun26_wo_Payments_7.6.26---70f34bf5-b8e8-4d81-9703-88d2102c7435.xlsx; product-level MRR loaded.,$0.00,$0.00,$0.00,,,,Churned,,$0.00,
Applied Connective Technologies,,,,,,,$0.00,$0.00,,,,,,,,,,June 2026 retention import from Cohort_Jun26_wo_Payments_7.6.26---70f34bf5-b8e8-4d81-9703-88d2102c7435.xlsx; product-level MRR loaded.,$0.00,$0.00,$0.00,,,,Churned,,$0.00,
Associated IP (BizVoip),,,,,,,$0.00,$0.00,,,,,,,,,,June 2026 retention import from Cohort_Jun26_wo_Payments_7.6.26---70f34bf5-b8e8-4d81-9703-88d2102c7435.xlsx; product-level MRR loaded.,$0.00,$0.00,$0.00,,,,Churned,,$0.00,
"Atel Technologies, Inc.",,,,,,,$0.00,$0.00,,,,,22647,,,,,June 2026 retention import from Cohort_Jun26_wo_Payments_7.6.26---70f34bf5-b8e8-4d81-9703-88d2102c7435.xlsx; product-level MRR loaded.,$0.00,$0.00,$0.00,,,Tigerpaw,Churned,,$0.00,
ATG,,,,,,,"$4,477.29","$4,477.29",,,,,1137,,,,,June 2026 retention import from Cohort_Jun26_wo_Payments_7.6.26---70f34bf5-b8e8-4d81-9703-88d2102c7435.xlsx; product-level MRR loaded.,$0.00,$0.00,$0.00,,,Billing,Active,,$0.00,
Atlantech Online,,,,,,,"$12,355.96","$11,591.73",,,,,1252,,,,,June 2026 retention import from Cohort_Jun26_wo_Payments_7.6.26---70f34bf5-b8e8-4d81-9703-88d2102c7435.xlsx; product-level MRR loaded.,$0.00,$0.00,$764.23,,,"Billing, Payments",Active,,$0.00,
ATS Communications,,,,,,,$0.00,$0.00,,,,,,,,,,June 2026 retention import from Cohort_Jun26_wo_Payments_7.6.26---70f34bf5-b8e8-4d81-9703-88d2102c7435.xlsx; product-level MRR loaded.,$0.00,$0.00,$0.00,,,,Churned,,$0.00,
Audio Advice,,,,,,,$8.09,$0.00,,,,,,,,,,June 2026 retention import from Cohort_Jun26_wo_Payments_7.6.26---70f34bf5-b8e8-4d81-9703-88d2102c7435.xlsx; product-level MRR loaded.,$0.00,$0.00,$8.09,,,Payments,Active,,$0.00,
Audio Video Experts LLC,,,,,,,$0.00,$0.00,,,,,22622,,,,,June 2026 retention import from Cohort_Jun26_wo_Payments_7.6.26---70f34bf5-b8e8-4d81-9703-88d2102c7435.xlsx; product-level MRR loaded.,$0.00,$0.00,$0.00,,,Tigerpaw,Churned,,$0.00,
Audio Visual Design Group,,,,,,,$0.00,$0.00,,,,,22151,,,,,June 2026 retention import from Cohort_Jun26_wo_Payments_7.6.26---70f34bf5-b8e8-4d81-9703-88d2102c7435.xlsx; product-level MRR loaded.,$0.00,$0.00,$0.00,,,Tigerpaw,Churned,,$0.00,
Babaco Alarm Systems Inc,,,,,,,-$9.86,$0.00,,,,,,,,,,June 2026 retention import from Cohort_Jun26_wo_Payments_7.6.26---70f34bf5-b8e8-4d81-9703-88d2102c7435.xlsx; product-level MRR loaded.,$0.00,$0.00,-$9.86,,,Payments,Churned,,$0.00,
"Backstreet Surveillance, Inc.",,,,,,,$35.14,$0.00,,,,,,,,,,June 2026 retention import from Cohort_Jun26_wo_Payments_7.6.26---70f34bf5-b8e8-4d81-9703-88d2102c7435.xlsx; product-level MRR loaded.,$0.00,$0.00,$35.14,,,Payments,Active,,$0.00,
BalsamWest FiberNet,,,,,,,"$18,146.94","$15,371.84",,,,,1089,,,,,June 2026 retention import from Cohort_Jun26_wo_Payments_7.6.26---70f34bf5-b8e8-4d81-9703-88d2102c7435.xlsx; product-level MRR loaded.,$0.00,$0.00,"$2,775.10",,,"Billing, Payments",Active,,$0.00,
"BCM One, Inc.",,,,,,,$0.00,$0.00,,,,,1201,,,,,June 2026 retention import from Cohort_Jun26_wo_Payments_7.6.26---70f34bf5-b8e8-4d81-9703-88d2102c7435.xlsx; product-level MRR loaded.,$0.00,$0.00,$0.00,,,,Churned,,$0.00,
BD Managed Services,,,,,,,$0.00,$0.00,,,,,,,,,,June 2026 retention import from Cohort_Jun26_wo_Payments_7.6.26---70f34bf5-b8e8-4d81-9703-88d2102c7435.xlsx; product-level MRR loaded.,$0.00,$0.00,$0.00,,,,Churned,,$0.00,
BDS Inc.,,,,,,,$0.00,$0.00,,,,,,,,,,June 2026 retention import from Cohort_Jun26_wo_Payments_7.6.26---70f34bf5-b8e8-4d81-9703-88d2102c7435.xlsx; product-level MRR loaded.,$0.00,$0.00,$0.00,,,,Churned,,$0.00,
Beacon Telecom,,,,,,,$259.18,$0.00,,,,,,,,,,June 2026 retention import from Cohort_Jun26_wo_Payments_7.6.26---70f34bf5-b8e8-4d81-9703-88d2102c7435.xlsx; product-level MRR loaded.,$0.00,$0.00,$259.18,,,Payments,Active,,$0.00,
Bendix,,,,,,,$71.98,$0.00,,,,,,,,,,June 2026 retention import from Cohort_Jun26_wo_Payments_7.6.26---70f34bf5-b8e8-4d81-9703-88d2102c7435.xlsx; product-level MRR loaded.,$0.00,$0.00,$71.98,,,Payments,Active,,$0.00,
Big Water Technologies,,,,,,,$0.00,$0.00,,,,,,,,,,June 2026 retention import from Cohort_Jun26_wo_Payments_7.6.26---70f34bf5-b8e8-4d81-9703-88d2102c7435.xlsx; product-level MRR loaded.,$0.00,$0.00,$0.00,,,,Churned,,$0.00,
Black Rock Telecom,,,,,,,$0.00,$0.00,,,,,21044,,,,,June 2026 retention import from Cohort_Jun26_wo_Payments_7.6.26---70f34bf5-b8e8-4d81-9703-88d2102c7435.xlsx; product-level MRR loaded.,$0.00,$0.00,$0.00,,,Billing,Churned,,$0.00,
Brilliant AV,,,,,,,$0.00,$0.00,,,,,,,,,,June 2026 retention import from Cohort_Jun26_wo_Payments_7.6.26---70f34bf5-b8e8-4d81-9703-88d2102c7435.xlsx; product-level MRR loaded.,$0.00,$0.00,$0.00,,,,Churned,,$0.00,
BTS Technologies,,,,,,,$0.00,$0.00,,,,,,,,,,June 2026 retention import from Cohort_Jun26_wo_Payments_7.6.26---70f34bf5-b8e8-4d81-9703-88d2102c7435.xlsx; product-level MRR loaded.,$0.00,$0.00,$0.00,,,,Churned,,$0.00,
Bullfrog Group,,,,,,,"$7,791.69","$7,557.36",,,,,1111,,,,,June 2026 retention import from Cohort_Jun26_wo_Payments_7.6.26---70f34bf5-b8e8-4d81-9703-88d2102c7435.xlsx; product-level MRR loaded.,$0.00,$0.00,$234.33,,,"Billing, Payments",Active,,$0.00,
Business Electronics,,,,,,,$0.00,$0.00,,,,,,,,,,June 2026 retention import from Cohort_Jun26_wo_Payments_7.6.26---70f34bf5-b8e8-4d81-9703-88d2102c7435.xlsx; product-level MRR loaded.,$0.00,$0.00,$0.00,,,,Churned,,$0.00,
Business Ware,,,,,,,$107.70,$0.00,,,,,,,,,,June 2026 retention import from Cohort_Jun26_wo_Payments_7.6.26---70f34bf5-b8e8-4d81-9703-88d2102c7435.xlsx; product-level MRR loaded.,$0.00,$0.00,$107.70,,,Payments,Active,,$0.00,
C-Spire,,,,,,,"$10,866.50",$0.00,,,,,1506,,,,,June 2026 retention import from Cohort_Jun26_wo_Payments_7.6.26---70f34bf5-b8e8-4d81-9703-88d2102c7435.xlsx; product-level MRR loaded.,"$10,866.50",$0.00,$0.00,,,Odin,Active,,$0.00,
Cady Business Technologies,,,,,,,$0.00,$0.00,,,,,,,,,,June 2026 retention import from Cohort_Jun26_wo_Payments_7.6.26---70f34bf5-b8e8-4d81-9703-88d2102c7435.xlsx; product-level MRR loaded.,$0.00,$0.00,$0.00,,,,Churned,,$0.00,
"Carolina Wiring Service, LLC",,,,,,,$34.01,$0.00,,,,,22061,,,,,June 2026 retention import from Cohort_Jun26_wo_Payments_7.6.26---70f34bf5-b8e8-4d81-9703-88d2102c7435.xlsx; product-level MRR loaded.,$0.00,$0.00,$34.01,,,Payments,Active,,$0.00,
Catalyat Communications Group Inc,,,,,,,-$9.86,$0.00,,,,,,,,,,June 2026 retention import from Cohort_Jun26_wo_Payments_7.6.26---70f34bf5-b8e8-4d81-9703-88d2102c7435.xlsx; product-level MRR loaded.,$0.00,$0.00,-$9.86,,,Payments,Churned,,$0.00,
CBTS Technology Solutions LLC,,,,,,,"$15,250.00",$0.00,,,,,1442,,,,,June 2026 retention import from Cohort_Jun26_wo_Payments_7.6.26---70f34bf5-b8e8-4d81-9703-88d2102c7435.xlsx; product-level MRR loaded.,"$15,250.00",$0.00,$0.00,,,Odin,Active,,$0.00,
CC Productions,,,,,,,$0.00,$0.00,,,,,,,,,,June 2026 retention import from Cohort_Jun26_wo_Payments_7.6.26---70f34bf5-b8e8-4d81-9703-88d2102c7435.xlsx; product-level MRR loaded.,$0.00,$0.00,$0.00,,,,Churned,,$0.00,
Challenger 2 dba Cable Runners,,,,,,,$0.00,$0.00,,,,,22560,,,,,June 2026 retention import from Cohort_Jun26_wo_Payments_7.6.26---70f34bf5-b8e8-4d81-9703-88d2102c7435.xlsx; product-level MRR loaded.,$0.00,$0.00,$0.00,,,Tigerpaw,Churned,,$0.00,
Charter,,,,,,,"$17,500.00",$0.00,,,,,21953,,,,,June 2026 retention import from Cohort_Jun26_wo_Payments_7.6.26---70f34bf5-b8e8-4d81-9703-88d2102c7435.xlsx; product-level MRR loaded.,"$17,500.00",$0.00,$0.00,,,Odin,Active,,$0.00,
ChoiceTEL,,,,,,,$0.00,$0.00,,,,,,,,,,June 2026 retention import from Cohort_Jun26_wo_Payments_7.6.26---70f34bf5-b8e8-4d81-9703-88d2102c7435.xlsx; product-level MRR loaded.,$0.00,$0.00,$0.00,,,,Churned,,$0.00,
Circle Industries,,,,,,,$0.00,$0.00,,,,,,,,,,June 2026 retention import from Cohort_Jun26_wo_Payments_7.6.26---70f34bf5-b8e8-4d81-9703-88d2102c7435.xlsx; product-level MRR loaded.,$0.00,$0.00,$0.00,,,,Churned,,$0.00,
City of Baltimore Dept of Telecommunications,,,,"September 9, 2026 3:23 AM (EDT)",,,$180.53,$0.00,,,"September 9, 2026 3:23 AM (EDT)","September 9, 2026 3:23 AM (EDT)",22955,,,,,June 2026 retention import from Cohort_Jun26_wo_Payments_7.6.26---70f34bf5-b8e8-4d81-9703-88d2102c7435.xlsx; product-level MRR loaded.,$0.00,$0.00,$0.00,,,Tigerpaw,Active,,"$1,002.95",
City Tel,,,,,,,$26.27,$0.00,,,,,,,,,,June 2026 retention import from Cohort_Jun26_wo_Payments_7.6.26---70f34bf5-b8e8-4d81-9703-88d2102c7435.xlsx; product-level MRR loaded.,$0.00,$0.00,$26.27,,,Payments,Active,,$0.00,
City Utilities of Springfield,,,,"September 9, 2026 3:24 AM (EDT)",Sarah McGovern,,$0.00,$0.00,,,"September 9, 2026 3:24 AM (EDT)","September 9, 2026 3:24 AM (EDT)",22098,,,,,June 2026 retention import from Cohort_Jun26_wo_Payments_7.6.26---70f34bf5-b8e8-4d81-9703-88d2102c7435.xlsx; product-level MRR loaded.,$0.00,$0.00,$0.00,,,Tigerpaw,Active,,"$2,836.35",
"Clear Live, LLC",,,,,,,$0.00,$0.00,,,,,,,,,,June 2026 retention import from Cohort_Jun26_wo_Payments_7.6.26---70f34bf5-b8e8-4d81-9703-88d2102c7435.xlsx; product-level MRR loaded.,$0.00,$0.00,$0.00,,,Payments,Churned,,$0.00,
Cloud Collect,,,,,,,$0.00,$0.00,,,,,1430,,,,,June 2026 retention import from Cohort_Jun26_wo_Payments_7.6.26---70f34bf5-b8e8-4d81-9703-88d2102c7435.xlsx; product-level MRR loaded.,$0.00,$0.00,$0.00,,,"Billing, Payments",Churned,,$0.00,
CloudCo Partners,,,,,,,$0.00,$0.00,,,,,1474,,,,,June 2026 retention import from Cohort_Jun26_wo_Payments_7.6.26---70f34bf5-b8e8-4d81-9703-88d2102c7435.xlsx; product-level MRR loaded.,$0.00,$0.00,$0.00,,,,Churned,,$0.00,
Cloudli,,,,,,,"$1,087.75",$0.00,,,,,,,,,,June 2026 retention import from Cohort_Jun26_wo_Payments_7.6.26---70f34bf5-b8e8-4d81-9703-88d2102c7435.xlsx; product-level MRR loaded.,$0.00,$0.00,"$1,087.75",,,Payments,Active,,$0.00,
"Coeo Solutions, LLC",,,,,,,$451.74,$0.00,,,,,,,,,,June 2026 retention import from Cohort_Jun26_wo_Payments_7.6.26---70f34bf5-b8e8-4d81-9703-88d2102c7435.xlsx; product-level MRR loaded.,$0.00,$0.00,$451.74,,,Payments,Active,,$0.00,
Colorado Hi-Tech Solutions,,,,,,,$0.00,$0.00,,,,,,,,,,June 2026 retention import from Cohort_Jun26_wo_Payments_7.6.26---70f34bf5-b8e8-4d81-9703-88d2102c7435.xlsx; product-level MRR loaded.,$0.00,$0.00,$0.00,,,,Churned,,$0.00,
Communication Management Services,,,,,,,"$6,000.00","$6,000.00",,,,,21052,,,,,June 2026 retention import from Cohort_Jun26_wo_Payments_7.6.26---70f34bf5-b8e8-4d81-9703-88d2102c7435.xlsx; product-level MRR loaded.,$0.00,$0.00,$0.00,,,Billing,Active,,$0.00,
Communications Diversified,,,,,,,$0.00,$0.00,,,,,22630,,,,,June 2026 retention import from Cohort_Jun26_wo_Payments_7.6.26---70f34bf5-b8e8-4d81-9703-88d2102c7435.xlsx; product-level MRR loaded.,$0.00,$0.00,$0.00,,,Tigerpaw,Churned,,$0.00,
Complete IT,,,,,,,$0.00,$0.00,,,,,,,,,,June 2026 retention import from Cohort_Jun26_wo_Payments_7.6.26---70f34bf5-b8e8-4d81-9703-88d2102c7435.xlsx; product-level MRR loaded.,$0.00,$0.00,$0.00,,,,Churned,,$0.00,
CompuCarolina,,,,,,,$0.00,$0.00,,,,,22908,,,,,June 2026 retention import from Cohort_Jun26_wo_Payments_7.6.26---70f34bf5-b8e8-4d81-9703-88d2102c7435.xlsx; product-level MRR loaded.,$0.00,$0.00,$0.00,,,PSA Web,Churned,,$0.00,
Compunet Systems,,,,,,,$0.00,$0.00,,,,,,,,,,June 2026 retention import from Cohort_Jun26_wo_Payments_7.6.26---70f34bf5-b8e8-4d81-9703-88d2102c7435.xlsx; product-level MRR loaded.,$0.00,$0.00,$0.00,,,,Churned,,$0.00,
Computer World LLC,,,,,,,$0.00,$0.00,,,,,,,,,,June 2026 retention import from Cohort_Jun26_wo_Payments_7.6.26---70f34bf5-b8e8-4d81-9703-88d2102c7435.xlsx; product-level MRR loaded.,$0.00,$0.00,$0.00,,,,Churned,,$0.00,
Computronix,,,,,,,$0.00,$0.00,,,,,,,,,,June 2026 retention import from Cohort_Jun26_wo_Payments_7.6.26---70f34bf5-b8e8-4d81-9703-88d2102c7435.xlsx; product-level MRR loaded.,$0.00,$0.00,$0.00,,,,Churned,,$0.00,
ComSys,,,,,,,$0.00,$0.00,,,,,,,,,,June 2026 retention import from Cohort_Jun26_wo_Payments_7.6.26---70f34bf5-b8e8-4d81-9703-88d2102c7435.xlsx; product-level MRR loaded.,$0.00,$0.00,$0.00,,,,Churned,,$0.00,
ComTech Network Solutions,,,,,,,$0.00,$0.00,,,,,,,,,,June 2026 retention import from Cohort_Jun26_wo_Payments_7.6.26---70f34bf5-b8e8-4d81-9703-88d2102c7435.xlsx; product-level MRR loaded.,$0.00,$0.00,$0.00,,,,Churned,,$0.00,
ComTech Systems Inc.,,,,,,,$0.00,$0.00,,,,,,,,,,June 2026 retention import from Cohort_Jun26_wo_Payments_7.6.26---70f34bf5-b8e8-4d81-9703-88d2102c7435.xlsx; product-level MRR loaded.,$0.00,$0.00,$0.00,,,,Churned,,$0.00,
Constellation Telecom,,,,,,,-$5.70,$0.00,,,,,,,,,,June 2026 retention import from Cohort_Jun26_wo_Payments_7.6.26---70f34bf5-b8e8-4d81-9703-88d2102c7435.xlsx; product-level MRR loaded.,$0.00,$0.00,-$5.70,,,Payments,Churned,,$0.00,
Contrast Communications,,,,,,,$0.00,$0.00,,,,,,,,,,June 2026 retention import from Cohort_Jun26_wo_Payments_7.6.26---70f34bf5-b8e8-4d81-9703-88d2102c7435.xlsx; product-level MRR loaded.,$0.00,$0.00,$0.00,,,,Churned,,$0.00,
CopyLady Inc,,,,,,,$0.00,$0.00,,,,,,,,,,June 2026 retention import from Cohort_Jun26_wo_Payments_7.6.26---70f34bf5-b8e8-4d81-9703-88d2102c7435.xlsx; product-level MRR loaded.,$0.00,$0.00,$0.00,,,,Churned,,$0.00,
Covoda,,,,,,,$717.34,$717.34,,,,,1294,,,,,June 2026 retention import from Cohort_Jun26_wo_Payments_7.6.26---70f34bf5-b8e8-4d81-9703-88d2102c7435.xlsx; product-level MRR loaded.,$0.00,$0.00,$0.00,,,Billing,Active,,$0.00,
Cpi Telecom,,,,,,,$0.00,$0.00,,,,,,,,,,June 2026 retention import from Cohort_Jun26_wo_Payments_7.6.26---70f34bf5-b8e8-4d81-9703-88d2102c7435.xlsx; product-level MRR loaded.,$0.00,$0.00,$0.00,,,,Churned,,$0.00,
Creative Vision Tech,,,,,,,$0.00,$0.00,,,,,22934,,,,,June 2026 retention import from Cohort_Jun26_wo_Payments_7.6.26---70f34bf5-b8e8-4d81-9703-88d2102c7435.xlsx; product-level MRR loaded.,$0.00,$0.00,$0.00,,,PSA Web,Churned,,$0.00,
Crexendo,,,,,,,"$14,239.34",$0.00,,,,,,,,,,June 2026 retention import from Cohort_Jun26_wo_Payments_7.6.26---70f34bf5-b8e8-4d81-9703-88d2102c7435.xlsx; product-level MRR loaded.,$0.00,$0.00,"$14,239.34",,,Payments,Active,,$0.00,
Crocker Communications,,,,,,,$0.00,$0.00,,,,,1073,,,,,June 2026 retention import from Cohort_Jun26_wo_Payments_7.6.26---70f34bf5-b8e8-4d81-9703-88d2102c7435.xlsx; product-level MRR loaded.,$0.00,$0.00,$0.00,,,,Churned,,$0.00,
Crocker Communications Inc,,,,,,,$0.00,$0.00,,,,,,,,,,June 2026 retention import from Cohort_Jun26_wo_Payments_7.6.26---70f34bf5-b8e8-4d81-9703-88d2102c7435.xlsx; product-level MRR loaded.,$0.00,$0.00,$0.00,,,Payments,Churned,,$0.00,
"Custom Computer Specialists, LLC",,,,,,,$15.44,$0.00,,,,,,,,,,June 2026 retention import from Cohort_Jun26_wo_Payments_7.6.26---70f34bf5-b8e8-4d81-9703-88d2102c7435.xlsx; product-level MRR loaded.,$0.00,$0.00,$15.44,,,Payments,Active,,$0.00,
Custom Video Security,,,,,,,$25.24,$0.00,,,,,,,,,,June 2026 retention import from Cohort_Jun26_wo_Payments_7.6.26---70f34bf5-b8e8-4d81-9703-88d2102c7435.xlsx; product-level MRR loaded.,$0.00,$0.00,$25.24,,,Payments,Active,,$0.00,
CYBERLYNK,,,,,,,$485.75,$0.00,,,,,,,,,,June 2026 retention import from Cohort_Jun26_wo_Payments_7.6.26---70f34bf5-b8e8-4d81-9703-88d2102c7435.xlsx; product-level MRR loaded.,$0.00,$0.00,$485.75,,,Payments,Active,,$0.00,
CyberNet Solutions Inc,,,,,,,-$9.86,$0.00,,,,,22872,,,,,June 2026 retention import from Cohort_Jun26_wo_Payments_7.6.26---70f34bf5-b8e8-4d81-9703-88d2102c7435.xlsx; product-level MRR loaded.,$0.00,$0.00,-$9.86,,,Payments,Churned,,$0.00,
Data Consultants,,,,,,,$0.00,$0.00,,,,,,,,,,June 2026 retention import from Cohort_Jun26_wo_Payments_7.6.26---70f34bf5-b8e8-4d81-9703-88d2102c7435.xlsx; product-level MRR loaded.,$0.00,$0.00,$0.00,,,,Churned,,$0.00,
Data Plus Security,,,,,,,$0.00,$0.00,,,,,,,,,,June 2026 retention import from Cohort_Jun26_wo_Payments_7.6.26---70f34bf5-b8e8-4d81-9703-88d2102c7435.xlsx; product-level MRR loaded.,$0.00,$0.00,$0.00,,,,Churned,,$0.00,
DataComm Plus (Cyberlynk),,,,,,,$0.00,$0.00,,,,,,,,,,June 2026 retention import from Cohort_Jun26_wo_Payments_7.6.26---70f34bf5-b8e8-4d81-9703-88d2102c7435.xlsx; product-level MRR loaded.,$0.00,$0.00,$0.00,,,,Churned,,$0.00,
Decision Digital Inc.,,,,,,,$0.00,$0.00,,,,,,,,,,June 2026 retention import from Cohort_Jun26_wo_Payments_7.6.26---70f34bf5-b8e8-4d81-9703-88d2102c7435.xlsx; product-level MRR loaded.,$0.00,$0.00,$0.00,,,,Churned,,$0.00,
Dial Long Distance,,,,,,,$0.00,$0.00,,,,,21948,,,,,June 2026 retention import from Cohort_Jun26_wo_Payments_7.6.26---70f34bf5-b8e8-4d81-9703-88d2102c7435.xlsx; product-level MRR loaded.,$0.00,$0.00,$0.00,,,,Churned,,$0.00,
Dial Tone Services,,,,,,,"$8,000.00","$8,000.00",,,,,21061,,,,,June 2026 retention import from Cohort_Jun26_wo_Payments_7.6.26---70f34bf5-b8e8-4d81-9703-88d2102c7435.xlsx; product-level MRR loaded.,$0.00,$0.00,$0.00,,,Billing,Active,,$0.00,
Dialog Telecommunications Inc,,,,,,,"$19,540.32","$17,868.47",,,,,1064,,,,,June 2026 retention import from Cohort_Jun26_wo_Payments_7.6.26---70f34bf5-b8e8-4d81-9703-88d2102c7435.xlsx; product-level MRR loaded.,$0.00,$0.00,"$1,671.85",,,"Billing, Payments",Active,,$0.00,
Diga-Talk,,,,,,,$0.00,$0.00,,,,,,,,,,June 2026 retention import from Cohort_Jun26_wo_Payments_7.6.26---70f34bf5-b8e8-4d81-9703-88d2102c7435.xlsx; product-level MRR loaded.,$0.00,$0.00,$0.00,,,,Churned,,$0.00,
Dish Network,,,,"September 9, 2026 3:24 AM (EDT)",,,$0.00,$0.00,,,"September 9, 2026 3:24 AM (EDT)","September 9, 2026 3:24 AM (EDT)",22300,,,,,June 2026 retention import from Cohort_Jun26_wo_Payments_7.6.26---70f34bf5-b8e8-4d81-9703-88d2102c7435.xlsx; product-level MRR loaded.,$0.00,$0.00,$0.00,,,Tigerpaw,Active,,$945.00,
Diversified Digital,,,,,,,$461.36,$0.00,,,,,,,,,,June 2026 retention import from Cohort_Jun26_wo_Payments_7.6.26---70f34bf5-b8e8-4d81-9703-88d2102c7435.xlsx; product-level MRR loaded.,$0.00,$0.00,$461.36,,,Payments,Active,,$0.00,
DSL Extreme,,,,,,,"$1,516.84",$0.00,,,,,,,,,,June 2026 retention import from Cohort_Jun26_wo_Payments_7.6.26---70f34bf5-b8e8-4d81-9703-88d2102c7435.xlsx; product-level MRR loaded.,$0.00,$0.00,"$1,516.84",,,Payments,Active,,$0.00,
Duffie's Copier Consultants,,,,,,,$120.74,$0.00,,,,,,,,,,June 2026 retention import from Cohort_Jun26_wo_Payments_7.6.26---70f34bf5-b8e8-4d81-9703-88d2102c7435.xlsx; product-level MRR loaded.,$0.00,$0.00,$120.74,,,Payments,Active,,$0.00,
Duffie's Copier Consultants LLC,,,,,,,"-$1,400.00",$0.00,,,,,22411,,,,,June 2026 retention import from Cohort_Jun26_wo_Payments_7.6.26---70f34bf5-b8e8-4d81-9703-88d2102c7435.xlsx; product-level MRR loaded.,$0.00,"-$1,400.00",$0.00,,,PSA Web,Churned,,$0.00,
Eastern American Technologies,,,,,,,$0.00,$0.00,,,,,,,,,,June 2026 retention import from Cohort_Jun26_wo_Payments_7.6.26---70f34bf5-b8e8-4d81-9703-88d2102c7435.xlsx; product-level MRR loaded.,$0.00,$0.00,$0.00,,,,Churned,,$0.00,
ECI Systems,,,,,,,$0.00,$0.00,,,,,,,,,,June 2026 retention import from Cohort_Jun26_wo_Payments_7.6.26---70f34bf5-b8e8-4d81-9703-88d2102c7435.xlsx; product-level MRR loaded.,$0.00,$0.00,$0.00,,,,Churned,,$0.00,
ELBO Computing Resources,,,,,,,$0.00,$0.00,,,,,,,,,,June 2026 retention import from Cohort_Jun26_wo_Payments_7.6.26---70f34bf5-b8e8-4d81-9703-88d2102c7435.xlsx; product-level MRR loaded.,$0.00,$0.00,$0.00,,,,Churned,,$0.00,
Electronic Innovations,,,,,,,$0.00,$0.00,,,,,,,,,,June 2026 retention import from Cohort_Jun26_wo_Payments_7.6.26---70f34bf5-b8e8-4d81-9703-88d2102c7435.xlsx; product-level MRR loaded.,$0.00,$0.00,$0.00,,,,Churned,,$0.00,
Elite Networks LLC,,,,,,,$0.00,$0.00,,,,,,,,,,June 2026 retention import from Cohort_Jun26_wo_Payments_7.6.26---70f34bf5-b8e8-4d81-9703-88d2102c7435.xlsx; product-level MRR loaded.,$0.00,$0.00,$0.00,,,,Churned,,$0.00,
Em3 Networks LLC,,,,,,,-$10.53,$0.00,,,,,1186,,,,,June 2026 retention import from Cohort_Jun26_wo_Payments_7.6.26---70f34bf5-b8e8-4d81-9703-88d2102c7435.xlsx; product-level MRR loaded.,$0.00,$0.00,-$10.53,,,Payments,Churned,,$0.00,
EnableIP,,,,,,,$0.00,$0.00,,,,,,,,,,June 2026 retention import from Cohort_Jun26_wo_Payments_7.6.26---70f34bf5-b8e8-4d81-9703-88d2102c7435.xlsx; product-level MRR loaded.,$0.00,$0.00,$0.00,,,,Churned,,$0.00,
"Enhanced Comm Networks, Inc.",,,,,,,$890.44,$0.00,,,,,,,,,,June 2026 retention import from Cohort_Jun26_wo_Payments_7.6.26---70f34bf5-b8e8-4d81-9703-88d2102c7435.xlsx; product-level MRR loaded.,$0.00,$0.00,$890.44,,,Payments,Active,,$0.00,
"Estech Systems, Inc",,,,,,,"$26,926.39","$19,437.34",,,,,1404,,,,,June 2026 retention import from Cohort_Jun26_wo_Payments_7.6.26---70f34bf5-b8e8-4d81-9703-88d2102c7435.xlsx; product-level MRR loaded.,$0.00,$0.00,"$7,489.05",,,"Billing, Payments",Active,,$0.00,
ETG Systems Inc,,,,,,,$20.83,$0.00,,,,,,,,,,June 2026 retention import from Cohort_Jun26_wo_Payments_7.6.26---70f34bf5-b8e8-4d81-9703-88d2102c7435.xlsx; product-level MRR loaded.,$0.00,$0.00,$20.83,,,Payments,Active,,$0.00,
EvolveIP,,,,,,,$0.00,$0.00,,,,,1446,,,,,June 2026 retention import from Cohort_Jun26_wo_Payments_7.6.26---70f34bf5-b8e8-4d81-9703-88d2102c7435.xlsx; product-level MRR loaded.,$0.00,$0.00,$0.00,,,,Churned,,$0.00,
Excel Communications Worldwide,,,,,,,$0.00,$0.00,,,,,22804,,,,,June 2026 retention import from Cohort_Jun26_wo_Payments_7.6.26---70f34bf5-b8e8-4d81-9703-88d2102c7435.xlsx; product-level MRR loaded.,$0.00,$0.00,$0.00,,,Tigerpaw,Churned,,$0.00,
Fisher Systems,,,,,,,$0.00,$0.00,,,,,,,,,,June 2026 retention import from Cohort_Jun26_wo_Payments_7.6.26---70f34bf5-b8e8-4d81-9703-88d2102c7435.xlsx; product-level MRR loaded.,$0.00,$0.00,$0.00,,,,Churned,,$0.00,
Fits Security and Technology Solutions,,,,,,,$0.00,$0.00,,,,,,,,,,June 2026 retention import from Cohort_Jun26_wo_Payments_7.6.26---70f34bf5-b8e8-4d81-9703-88d2102c7435.xlsx; product-level MRR loaded.,$0.00,$0.00,$0.00,,,Payments,Churned,,$0.00,
Freedom Technologies LLC,,,,,,,$0.00,$0.00,,,,,,,,,,June 2026 retention import from Cohort_Jun26_wo_Payments_7.6.26---70f34bf5-b8e8-4d81-9703-88d2102c7435.xlsx; product-level MRR loaded.,$0.00,$0.00,$0.00,,,Payments,Churned,,$0.00,
"Fully Automated Custom Solutions, LLC",,,,,,,-$5.36,$0.00,,,,,,,,,,June 2026 retention import from Cohort_Jun26_wo_Payments_7.6.26---70f34bf5-b8e8-4d81-9703-88d2102c7435.xlsx; product-level MRR loaded.,$0.00,$0.00,-$5.36,,,Payments,Churned,,$0.00,
G12 Communication,,,,,,,$0.00,$0.00,,,,,1075,,,,,June 2026 retention import from Cohort_Jun26_wo_Payments_7.6.26---70f34bf5-b8e8-4d81-9703-88d2102c7435.xlsx; product-level MRR loaded.,$0.00,$0.00,$0.00,,,,Churned,,$0.00,
Gateway Telnet,,,,,,,$0.00,$0.00,,,,,,,,,,June 2026 retention import from Cohort_Jun26_wo_Payments_7.6.26---70f34bf5-b8e8-4d81-9703-88d2102c7435.xlsx; product-level MRR loaded.,$0.00,$0.00,$0.00,,,,Churned,,$0.00,
Gazelle Telecommunications,,,,,,,"$2,338.42","$2,265.52",,,,,1396,,,,,June 2026 retention import from Cohort_Jun26_wo_Payments_7.6.26---70f34bf5-b8e8-4d81-9703-88d2102c7435.xlsx; product-level MRR loaded.,$0.00,$0.00,$72.90,,,"Billing, Payments",Active,,$0.00,
GeriTech,,,,,,,$0.00,$0.00,,,,,22977,,,,,June 2026 retention import from Cohort_Jun26_wo_Payments_7.6.26---70f34bf5-b8e8-4d81-9703-88d2102c7435.xlsx; product-level MRR loaded.,$0.00,$0.00,$0.00,,,PSA Web,Churned,,$0.00,
Gigtel,,,,,,,"$9,449.01","$7,896.49",,,,,1418,,,,,June 2026 retention import from Cohort_Jun26_wo_Payments_7.6.26---70f34bf5-b8e8-4d81-9703-88d2102c7435.xlsx; product-level MRR loaded.,$0.00,$0.00,"$1,552.52",,,"Billing, Payments",Active,,$0.00,
Gigtel Reseller,,,,,,,$0.00,$0.00,,,,,1477,,,,,June 2026 retention import from Cohort_Jun26_wo_Payments_7.6.26---70f34bf5-b8e8-4d81-9703-88d2102c7435.xlsx; product-level MRR loaded.,$0.00,$0.00,$0.00,,,,Churned,,$0.00,
Glacier Networks,,,,,,,"$5,817.42","$5,260.48",,,,,1365,,,,,June 2026 retention import from Cohort_Jun26_wo_Payments_7.6.26---70f34bf5-b8e8-4d81-9703-88d2102c7435.xlsx; product-level MRR loaded.,$0.00,$0.00,$556.94,,,"Billing, Payments",Active,,$0.00,
GMS,,,,,,,$0.00,$0.00,,,,,,,,,,June 2026 retention import from Cohort_Jun26_wo_Payments_7.6.26---70f34bf5-b8e8-4d81-9703-88d2102c7435.xlsx; product-level MRR loaded.,$0.00,$0.00,$0.00,,,,Churned,,$0.00,
Gold Coast Broadband,,,,,,,$0.00,$0.00,,,,,,,,,,June 2026 retention import from Cohort_Jun26_wo_Payments_7.6.26---70f34bf5-b8e8-4d81-9703-88d2102c7435.xlsx; product-level MRR loaded.,$0.00,$0.00,$0.00,,,,Churned,,$0.00,
Goosetown Communications,,,,,,,$0.00,$0.00,,,,,22302,,,,,June 2026 retention import from Cohort_Jun26_wo_Payments_7.6.26---70f34bf5-b8e8-4d81-9703-88d2102c7435.xlsx; product-level MRR loaded.,$0.00,$0.00,$0.00,,,Tigerpaw,Churned,,$0.00,
Gotham Telecom,,,,,,,$0.00,$0.00,,,,,22566,,,,,June 2026 retention import from Cohort_Jun26_wo_Payments_7.6.26---70f34bf5-b8e8-4d81-9703-88d2102c7435.xlsx; product-level MRR loaded.,$0.00,$0.00,$0.00,,,Tigerpaw,Churned,,$0.00,
GoVoip,,,,,,,$0.00,$0.00,,,,,,,,,,June 2026 retention import from Cohort_Jun26_wo_Payments_7.6.26---70f34bf5-b8e8-4d81-9703-88d2102c7435.xlsx; product-level MRR loaded.,$0.00,$0.00,$0.00,,,,Churned,,$0.00,
Grand Central Station Internet Services,,,,,,,$0.00,$0.00,,,,,,,,,,June 2026 retention import from Cohort_Jun26_wo_Payments_7.6.26---70f34bf5-b8e8-4d81-9703-88d2102c7435.xlsx; product-level MRR loaded.,$0.00,$0.00,$0.00,,,,Churned,,$0.00,
Great American Networks,,,,,,,"$2,999.75","$3,000.00",,,,,1019,,,,,June 2026 retention import from Cohort_Jun26_wo_Payments_7.6.26---70f34bf5-b8e8-4d81-9703-88d2102c7435.xlsx; product-level MRR loaded.,$0.00,$0.00,-$0.25,,,"Billing, Payments",Active,,$0.00,
Greenberry Networks,,,,,,,$2.67,$0.00,,,,,,,,,,June 2026 retention import from Cohort_Jun26_wo_Payments_7.6.26---70f34bf5-b8e8-4d81-9703-88d2102c7435.xlsx; product-level MRR loaded.,$0.00,$0.00,$2.67,,,Payments,Active,,$0.00,
Guest-Tek,,,,,,,"$2,500.00","$2,500.00",,,,,1153,,,,,June 2026 retention import from Cohort_Jun26_wo_Payments_7.6.26---70f34bf5-b8e8-4d81-9703-88d2102c7435.xlsx; product-level MRR loaded.,$0.00,$0.00,$0.00,,,Billing,Active,,$0.00,
Hampton Roads Communication,,,,,,,$0.00,$0.00,,,,,,,,,,June 2026 retention import from Cohort_Jun26_wo_Payments_7.6.26---70f34bf5-b8e8-4d81-9703-88d2102c7435.xlsx; product-level MRR loaded.,$0.00,$0.00,$0.00,,,,Churned,,$0.00,
Harmon Voice Solutions,,,,,,,$0.00,$0.00,,,,,,,,,,June 2026 retention import from Cohort_Jun26_wo_Payments_7.6.26---70f34bf5-b8e8-4d81-9703-88d2102c7435.xlsx; product-level MRR loaded.,$0.00,$0.00,$0.00,,,,Churned,,$0.00,
Harris Technology Services Inc.,,,,,,,$0.00,$0.00,,,,,,,,,,June 2026 retention import from Cohort_Jun26_wo_Payments_7.6.26---70f34bf5-b8e8-4d81-9703-88d2102c7435.xlsx; product-level MRR loaded.,$0.00,$0.00,$0.00,,,,Churned,,$0.00,
Hawaiian Telcom,,,,,,,$0.00,$0.00,,,,,1450,,,,,June 2026 retention import from Cohort_Jun26_wo_Payments_7.6.26---70f34bf5-b8e8-4d81-9703-88d2102c7435.xlsx; product-level MRR loaded.,$0.00,$0.00,$0.00,,,,Churned,,$0.00,
High Tech Innovations,,,,,,,$0.00,$0.00,,,,,,,,,,June 2026 retention import from Cohort_Jun26_wo_Payments_7.6.26---70f34bf5-b8e8-4d81-9703-88d2102c7435.xlsx; product-level MRR loaded.,$0.00,$0.00,$0.00,,,,Churned,,$0.00,
Highline Integrated Security,,,,,,,$0.00,$0.00,,,,,22867,,,,,June 2026 retention import from Cohort_Jun26_wo_Payments_7.6.26---70f34bf5-b8e8-4d81-9703-88d2102c7435.xlsx; product-level MRR loaded.,$0.00,$0.00,$0.00,,,PSA Web,Churned,,$0.00,
Hoosier Equipment Brokers,,,,,,,$342.90,$0.00,,,,,,,,,,June 2026 retention import from Cohort_Jun26_wo_Payments_7.6.26---70f34bf5-b8e8-4d81-9703-88d2102c7435.xlsx; product-level MRR loaded.,$0.00,$0.00,$342.90,,,Payments,Active,,$0.00,
Hoosier Security,,,,,,,$0.00,$0.00,,,,,,,,,,June 2026 retention import from Cohort_Jun26_wo_Payments_7.6.26---70f34bf5-b8e8-4d81-9703-88d2102c7435.xlsx; product-level MRR loaded.,$0.00,$0.00,$0.00,,,,Churned,,$0.00,
Hosted America,,,,,jacob.williams,,$419.18,$0.00,,,,,,,,,,June 2026 retention import from Cohort_Jun26_wo_Payments_7.6.26---70f34bf5-b8e8-4d81-9703-88d2102c7435.xlsx; product-level MRR loaded.,$0.00,$0.00,$419.18,,,Payments,Active,,$0.00,
Ideacom Of Central Nc Inc,,,,,,,$0.00,$0.00,,,,,,,,,,June 2026 retention import from Cohort_Jun26_wo_Payments_7.6.26---70f34bf5-b8e8-4d81-9703-88d2102c7435.xlsx; product-level MRR loaded.,$0.00,$0.00,$0.00,,,,Churned,,$0.00,
Ikano,,,,,,,-$36.00,$0.00,,,,,,,,,,June 2026 retention import from Cohort_Jun26_wo_Payments_7.6.26---70f34bf5-b8e8-4d81-9703-88d2102c7435.xlsx; product-level MRR loaded.,$0.00,$0.00,-$36.00,,,Payments,Churned,,$0.00,
Iler Networking & Computer,,,,,,,$0.00,$0.00,,,,,,,,,,June 2026 retention import from Cohort_Jun26_wo_Payments_7.6.26---70f34bf5-b8e8-4d81-9703-88d2102c7435.xlsx; product-level MRR loaded.,$0.00,$0.00,$0.00,,,,Churned,,$0.00,
Images et Technologie,,,,,,,$0.00,$0.00,,,,,22239,,,,,June 2026 retention import from Cohort_Jun26_wo_Payments_7.6.26---70f34bf5-b8e8-4d81-9703-88d2102c7435.xlsx; product-level MRR loaded.,$0.00,$0.00,$0.00,,,Tigerpaw,Churned,,$0.00,
Impulse Advanced Communications,,,,,,,"$13,703.82","$10,406.29",,,,,1248,,,,,June 2026 retention import from Cohort_Jun26_wo_Payments_7.6.26---70f34bf5-b8e8-4d81-9703-88d2102c7435.xlsx; product-level MRR loaded.,"$2,835.00",$0.00,$462.53,,,"Billing, Odin, Payments",Active,,$0.00,
In-Telecom Consulting LLC,,,,,,,$0.00,$0.00,,,,,,,,,,June 2026 retention import from Cohort_Jun26_wo_Payments_7.6.26---70f34bf5-b8e8-4d81-9703-88d2102c7435.xlsx; product-level MRR loaded.,$0.00,$0.00,$0.00,,,,Churned,,$0.00,
Individualized Computer Solutions,,,,,,,-$11.34,$0.00,,,,,,,,,,June 2026 retention import from Cohort_Jun26_wo_Payments_7.6.26---70f34bf5-b8e8-4d81-9703-88d2102c7435.xlsx; product-level MRR loaded.,$0.00,$0.00,-$11.34,,,Payments,Churned,,$0.00,
Infinity Technology Consulting,,,,,,,$0.00,$0.00,,,,,,,,,,June 2026 retention import from Cohort_Jun26_wo_Payments_7.6.26---70f34bf5-b8e8-4d81-9703-88d2102c7435.xlsx; product-level MRR loaded.,$0.00,$0.00,$0.00,,,,Churned,,$0.00,
Intellivoice,,,,,,,$0.00,$0.00,,,,,,,,,,June 2026 retention import from Cohort_Jun26_wo_Payments_7.6.26---70f34bf5-b8e8-4d81-9703-88d2102c7435.xlsx; product-level MRR loaded.,$0.00,$0.00,$0.00,,,Payments,Churned,,$0.00,
Interface Technologies Northwest,,,,,,,$0.00,$0.00,,,,,,,,,,June 2026 retention import from Cohort_Jun26_wo_Payments_7.6.26---70f34bf5-b8e8-4d81-9703-88d2102c7435.xlsx; product-level MRR loaded.,$0.00,$0.00,$0.00,,,,Churned,,$0.00,
Invicta Partners LLC,,,,,,,$84.32,$0.00,,,,,,,,,,June 2026 retention import from Cohort_Jun26_wo_Payments_7.6.26---70f34bf5-b8e8-4d81-9703-88d2102c7435.xlsx; product-level MRR loaded.,$0.00,$0.00,$84.32,,,Payments,Active,,$0.00,
Ion Networking,,,,,,,$0.00,$0.00,,,,,,,,,,June 2026 retention import from Cohort_Jun26_wo_Payments_7.6.26---70f34bf5-b8e8-4d81-9703-88d2102c7435.xlsx; product-level MRR loaded.,$0.00,$0.00,$0.00,,,,Churned,,$0.00,
Iowa Solutions,,,,,,,$0.00,$0.00,,,,,,,,,,June 2026 retention import from Cohort_Jun26_wo_Payments_7.6.26---70f34bf5-b8e8-4d81-9703-88d2102c7435.xlsx; product-level MRR loaded.,$0.00,$0.00,$0.00,,,,Churned,,$0.00,
Ipfone,,,,,,,$0.00,$0.00,,,,,,,,,,June 2026 retention import from Cohort_Jun26_wo_Payments_7.6.26---70f34bf5-b8e8-4d81-9703-88d2102c7435.xlsx; product-level MRR loaded.,$0.00,$0.00,$0.00,,,,Churned,,$0.00,
J&M Systems LLC,,,,,,,$0.00,$0.00,,,,,,,,,,June 2026 retention import from Cohort_Jun26_wo_Payments_7.6.26---70f34bf5-b8e8-4d81-9703-88d2102c7435.xlsx; product-level MRR loaded.,$0.00,$0.00,$0.00,,,,Churned,,$0.00,
JCM Telecom,,,,,,,"$4,970.29","$4,500.00",,,,,1419,,,,,June 2026 retention import from Cohort_Jun26_wo_Payments_7.6.26---70f34bf5-b8e8-4d81-9703-88d2102c7435.xlsx; product-level MRR loaded.,$0.00,$0.00,$470.29,,,"Billing, Payments",Active,,$0.00,
Joy Communications,,,,,,,$0.00,$0.00,,,,,,,,,,June 2026 retention import from Cohort_Jun26_wo_Payments_7.6.26---70f34bf5-b8e8-4d81-9703-88d2102c7435.xlsx; product-level MRR loaded.,$0.00,$0.00,$0.00,,,,Churned,,$0.00,
JV Connectivity,,,,,,,$0.00,$0.00,,,,,1362,,,,,June 2026 retention import from Cohort_Jun26_wo_Payments_7.6.26---70f34bf5-b8e8-4d81-9703-88d2102c7435.xlsx; product-level MRR loaded.,$0.00,$0.00,$0.00,,,,Churned,,$0.00,
Kaba Access & Data Systems-Americas,,,,,,,$0.00,$0.00,,,,,,,,,,June 2026 retention import from Cohort_Jun26_wo_Payments_7.6.26---70f34bf5-b8e8-4d81-9703-88d2102c7435.xlsx; product-level MRR loaded.,$0.00,$0.00,$0.00,,,,Churned,,$0.00,
KCG,,,,,,,$0.00,$0.00,,,,,,,,,,June 2026 retention import from Cohort_Jun26_wo_Payments_7.6.26---70f34bf5-b8e8-4d81-9703-88d2102c7435.xlsx; product-level MRR loaded.,$0.00,$0.00,$0.00,,,,Churned,,$0.00,
Kinect Communications,,,,,,,$0.00,$0.00,,,,,1332,,,,,June 2026 retention import from Cohort_Jun26_wo_Payments_7.6.26---70f34bf5-b8e8-4d81-9703-88d2102c7435.xlsx; product-level MRR loaded.,$0.00,$0.00,$0.00,,,,Churned,,$0.00,
Kloud7,,,,,,,"$2,265.76","$2,265.76",,,,,1164,,,,,June 2026 retention import from Cohort_Jun26_wo_Payments_7.6.26---70f34bf5-b8e8-4d81-9703-88d2102c7435.xlsx; product-level MRR loaded.,$0.00,$0.00,$0.00,,,Billing,Active,,$0.00,
KW Corporation,,,,,,,$0.00,$0.00,,,,,,,,,,June 2026 retention import from Cohort_Jun26_wo_Payments_7.6.26---70f34bf5-b8e8-4d81-9703-88d2102c7435.xlsx; product-level MRR loaded.,$0.00,$0.00,$0.00,,,,Churned,,$0.00,
Leading Edge Security,,,,,,,$35.14,$0.00,,,,,,,,,,June 2026 retention import from Cohort_Jun26_wo_Payments_7.6.26---70f34bf5-b8e8-4d81-9703-88d2102c7435.xlsx; product-level MRR loaded.,$0.00,$0.00,$35.14,,,Payments,Active,,$0.00,
Legion Technology,,,,,,,$35.14,$0.00,,,,,,,,,,June 2026 retention import from Cohort_Jun26_wo_Payments_7.6.26---70f34bf5-b8e8-4d81-9703-88d2102c7435.xlsx; product-level MRR loaded.,$0.00,$0.00,$35.14,,,Payments,Active,,$0.00,
LIFE SAFETY ENGINEERED,,,,,,,$0.00,$0.00,,,,,,,,,,June 2026 retention import from Cohort_Jun26_wo_Payments_7.6.26---70f34bf5-b8e8-4d81-9703-88d2102c7435.xlsx; product-level MRR loaded.,$0.00,$0.00,$0.00,,,,Churned,,$0.00,
Line 1 Communications,,,,,,,$0.00,$0.00,,,,,,,,,,June 2026 retention import from Cohort_Jun26_wo_Payments_7.6.26---70f34bf5-b8e8-4d81-9703-88d2102c7435.xlsx; product-level MRR loaded.,$0.00,$0.00,$0.00,,,,Churned,,$0.00,
LineOne,,,,,,,$0.00,$0.00,,,,,,,,,,June 2026 retention import from Cohort_Jun26_wo_Payments_7.6.26---70f34bf5-b8e8-4d81-9703-88d2102c7435.xlsx; product-level MRR loaded.,$0.00,$0.00,$0.00,,,,Churned,,$0.00,
Lingo,,,,,,,$0.00,$0.00,,,,,,,,,,June 2026 retention import from Cohort_Jun26_wo_Payments_7.6.26---70f34bf5-b8e8-4d81-9703-88d2102c7435.xlsx; product-level MRR loaded.,$0.00,$0.00,$0.00,,,,Churned,,$0.00,
Lingo (Matrix),,,,,,,$0.00,$0.00,,,,,,,,,,June 2026 retention import from Cohort_Jun26_wo_Payments_7.6.26---70f34bf5-b8e8-4d81-9703-88d2102c7435.xlsx; product-level MRR loaded.,$0.00,$0.00,$0.00,,,,Churned,,$0.00,
Login,,,,,,,$0.00,$0.00,,,,,,,,,,June 2026 retention import from Cohort_Jun26_wo_Payments_7.6.26---70f34bf5-b8e8-4d81-9703-88d2102c7435.xlsx; product-level MRR loaded.,$0.00,$0.00,$0.00,,,,Churned,,$0.00,
M2nGage2,,,,,,,$0.00,$0.00,,,,,,,,,,June 2026 retention import from Cohort_Jun26_wo_Payments_7.6.26---70f34bf5-b8e8-4d81-9703-88d2102c7435.xlsx; product-level MRR loaded.,$0.00,$0.00,$0.00,,,Payments,Churned,,$0.00,
M2S Integration East,,,,,,,$0.00,$0.00,,,,,,,,,,June 2026 retention import from Cohort_Jun26_wo_Payments_7.6.26---70f34bf5-b8e8-4d81-9703-88d2102c7435.xlsx; product-level MRR loaded.,$0.00,$0.00,$0.00,,,,Churned,,$0.00,
Madeira Networks,,,,,,,$0.00,$0.00,,,,,,,,,,June 2026 retention import from Cohort_Jun26_wo_Payments_7.6.26---70f34bf5-b8e8-4d81-9703-88d2102c7435.xlsx; product-level MRR loaded.,$0.00,$0.00,$0.00,,,,Churned,,$0.00,
Magic Apple Technology,,,,,,,$0.00,$0.00,,,,,,,,,,June 2026 retention import from Cohort_Jun26_wo_Payments_7.6.26---70f34bf5-b8e8-4d81-9703-88d2102c7435.xlsx; product-level MRR loaded.,$0.00,$0.00,$0.00,,,,Churned,,$0.00,
"Magna 5, LLC",,,,,,,$0.00,$0.00,,,,,,,,,,June 2026 retention import from Cohort_Jun26_wo_Payments_7.6.26---70f34bf5-b8e8-4d81-9703-88d2102c7435.xlsx; product-level MRR loaded.,$0.00,$0.00,$0.00,,,,Churned,,$0.00,
Mango Voice,,,,,,,"$28,581.69","$26,333.00",,,,,21011,,,,,June 2026 retention import from Cohort_Jun26_wo_Payments_7.6.26---70f34bf5-b8e8-4d81-9703-88d2102c7435.xlsx; product-level MRR loaded.,$0.00,$0.00,"$2,248.69",,,"Billing, Payments",Active,,$0.00,
Manual adjustments,,,,,,,$0.00,$0.00,,,,,,,,,,June 2026 retention import from Cohort_Jun26_wo_Payments_7.6.26---70f34bf5-b8e8-4d81-9703-88d2102c7435.xlsx; product-level MRR loaded.,$0.00,$0.00,$0.00,,,,Churned,,$0.00,
Martel Inc.,,,,,,,$0.00,$0.00,,,,,,,,,,June 2026 retention import from Cohort_Jun26_wo_Payments_7.6.26---70f34bf5-b8e8-4d81-9703-88d2102c7435.xlsx; product-level MRR loaded.,$0.00,$0.00,$0.00,,,,Churned,,$0.00,
Mathias Lock and Key,,,,,,,$354.59,$0.00,,,,,,,,,,June 2026 retention import from Cohort_Jun26_wo_Payments_7.6.26---70f34bf5-b8e8-4d81-9703-88d2102c7435.xlsx; product-level MRR loaded.,$0.00,$0.00,$354.59,,,Payments,Active,,$0.00,
Maverick Computer Services,,,,,,,$0.00,$0.00,,,,,,,,,,June 2026 retention import from Cohort_Jun26_wo_Payments_7.6.26---70f34bf5-b8e8-4d81-9703-88d2102c7435.xlsx; product-level MRR loaded.,$0.00,$0.00,$0.00,,,,Churned,,$0.00,
Maverick Computer Svc,,,,,,,$0.00,$0.00,,,,,22716,,,,,June 2026 retention import from Cohort_Jun26_wo_Payments_7.6.26---70f34bf5-b8e8-4d81-9703-88d2102c7435.xlsx; product-level MRR loaded.,$0.00,$0.00,$0.00,,,Tigerpaw,Churned,,$0.00,
MDU Security Systems Inc,,,,,,,$650.00,$0.00,,,,,22835,,,,,June 2026 retention import from Cohort_Jun26_wo_Payments_7.6.26---70f34bf5-b8e8-4d81-9703-88d2102c7435.xlsx; product-level MRR loaded.,$0.00,$0.00,$0.00,,,Tigerpaw,Active,,$650.00,
Midland Communications,,,,,,,$0.00,$0.00,,,,,,,,,,June 2026 retention import from Cohort_Jun26_wo_Payments_7.6.26---70f34bf5-b8e8-4d81-9703-88d2102c7435.xlsx; product-level MRR loaded.,$0.00,$0.00,$0.00,,,,Churned,,$0.00,
Miken,,,,,,,$0.00,$0.00,,,,,,,,,,June 2026 retention import from Cohort_Jun26_wo_Payments_7.6.26---70f34bf5-b8e8-4d81-9703-88d2102c7435.xlsx; product-level MRR loaded.,$0.00,$0.00,$0.00,,,,Churned,,$0.00,
Misc,,,,,,,$0.00,$0.00,,,,,,,,,,June 2026 retention import from Cohort_Jun26_wo_Payments_7.6.26---70f34bf5-b8e8-4d81-9703-88d2102c7435.xlsx; product-level MRR loaded.,$0.00,$0.00,$0.00,,,,Churned,,$0.00,
Mode5,,,,,,,$0.00,$0.00,,,,,,,,,,June 2026 retention import from Cohort_Jun26_wo_Payments_7.6.26---70f34bf5-b8e8-4d81-9703-88d2102c7435.xlsx; product-level MRR loaded.,$0.00,$0.00,$0.00,,,,Churned,,$0.00,
Mongotel Inc,,,,,,,"$11,186.81","$9,345.00",,,,,1063,,,,,June 2026 retention import from Cohort_Jun26_wo_Payments_7.6.26---70f34bf5-b8e8-4d81-9703-88d2102c7435.xlsx; product-level MRR loaded.,$0.00,$0.00,"$1,841.81",,,"Billing, Payments",Active,,$0.00,
Morgan Alarm Systems,,,,,,,$8.14,$0.00,,,,,,,,,,June 2026 retention import from Cohort_Jun26_wo_Payments_7.6.26---70f34bf5-b8e8-4d81-9703-88d2102c7435.xlsx; product-level MRR loaded.,$0.00,$0.00,$8.14,,,Payments,Active,,$0.00,
Motorola Solutions,,,,"September 9, 2026 3:24 AM (EDT)",,,$0.00,$0.00,,,"September 9, 2026 3:24 AM (EDT)","September 9, 2026 3:24 AM (EDT)",22220,,,,,June 2026 retention import from Cohort_Jun26_wo_Payments_7.6.26---70f34bf5-b8e8-4d81-9703-88d2102c7435.xlsx; product-level MRR loaded.,$0.00,$0.00,$0.00,,,Tigerpaw,Active,,$869.02,
Motorola Solutions - Asia,,,,"September 9, 2026 3:24 AM (EDT)",,,$0.00,$0.00,,,"September 9, 2026 3:24 AM (EDT)","September 9, 2026 3:24 AM (EDT)",22406,,,,,June 2026 retention import from Cohort_Jun26_wo_Payments_7.6.26---70f34bf5-b8e8-4d81-9703-88d2102c7435.xlsx; product-level MRR loaded.,$0.00,$0.00,$0.00,,,Tigerpaw,Active,,$937.10,
Motorola Solutions Inc - Ft. Myers,,,,"September 9, 2026 3:17 AM (EDT)",Sarah McGovern,,"$3,112.20",$0.00,,,"September 9, 2026 3:17 AM (EDT)","September 9, 2026 3:17 AM (EDT)",22266,,,,,June 2026 retention import from Cohort_Jun26_wo_Payments_7.6.26---70f34bf5-b8e8-4d81-9703-88d2102c7435.xlsx; product-level MRR loaded.,$0.00,$0.00,$0.00,,,Tigerpaw,Active,,"$1,037.40",
Motorola Solutions Inc - Lakeland,,,,"September 9, 2026 3:17 AM (EDT)",Sarah McGovern,,"$3,112.20",$0.00,,,"September 9, 2026 3:17 AM (EDT)","September 9, 2026 3:17 AM (EDT)",22264,,,,,June 2026 retention import from Cohort_Jun26_wo_Payments_7.6.26---70f34bf5-b8e8-4d81-9703-88d2102c7435.xlsx; product-level MRR loaded.,$0.00,$0.00,$0.00,,,Tigerpaw,Active,,"$1,037.40",
Motorola Solutions Inc - Plantation,,,,"September 9, 2026 3:21 AM (EDT)",Sarah McGovern,,$642.72,$0.00,,,"September 9, 2026 3:21 AM (EDT)","September 9, 2026 3:21 AM (EDT)",22267,,,,,June 2026 retention import from Cohort_Jun26_wo_Payments_7.6.26---70f34bf5-b8e8-4d81-9703-88d2102c7435.xlsx; product-level MRR loaded.,$0.00,$0.00,$0.00,,,Tigerpaw,Active,,$214.24,
Motorola Solutions Inc - Sarasota,,,,"September 9, 2026 3:17 AM (EDT)",Sarah McGovern,,"$3,112.20",$0.00,,,"September 9, 2026 3:17 AM (EDT)","September 9, 2026 3:17 AM (EDT)",22265,,,,,June 2026 retention import from Cohort_Jun26_wo_Payments_7.6.26---70f34bf5-b8e8-4d81-9703-88d2102c7435.xlsx; product-level MRR loaded.,$0.00,$0.00,$0.00,,,Tigerpaw,Active,,"$1,037.40",
Motorola Solutions Inc. - Saint Petersberg,,,,"September 9, 2026 3:24 AM (EDT)",Sarah McGovern,,$0.00,$0.00,,,"September 9, 2026 3:24 AM (EDT)","September 9, 2026 3:24 AM (EDT)",22437,,,,,June 2026 retention import from Cohort_Jun26_wo_Payments_7.6.26---70f34bf5-b8e8-4d81-9703-88d2102c7435.xlsx; product-level MRR loaded.,$0.00,$0.00,$0.00,,,Tigerpaw,Active,,"$1,276.38",
MSI Detective Agency,,,,,,,$0.00,$0.00,,,,,,,,,,June 2026 retention import from Cohort_Jun26_wo_Payments_7.6.26---70f34bf5-b8e8-4d81-9703-88d2102c7435.xlsx; product-level MRR loaded.,$0.00,$0.00,$0.00,,,,Churned,,$0.00,
Mutare,,,,,,,$0.00,$0.00,,,,,,,,,,June 2026 retention import from Cohort_Jun26_wo_Payments_7.6.26---70f34bf5-b8e8-4d81-9703-88d2102c7435.xlsx; product-level MRR loaded.,$0.00,$0.00,$0.00,,,Payments,Churned,,$0.00,
Mutare - Red Gap Communications,,,,,,,$250.00,$0.00,,,,,1455,,,,,June 2026 retention import from Cohort_Jun26_wo_Payments_7.6.26---70f34bf5-b8e8-4d81-9703-88d2102c7435.xlsx; product-level MRR loaded.,$250.00,$0.00,$0.00,,,Odin,Active,,$0.00,
Mutare - TeleComp,,,,,,,$250.00,$0.00,,,,,1456,,,,,June 2026 retention import from Cohort_Jun26_wo_Payments_7.6.26---70f34bf5-b8e8-4d81-9703-88d2102c7435.xlsx; product-level MRR loaded.,$250.00,$0.00,$0.00,,,Odin,Active,,$0.00,
Nace,,,,,,,$0.00,$0.00,,,,,,,,,,June 2026 retention import from Cohort_Jun26_wo_Payments_7.6.26---70f34bf5-b8e8-4d81-9703-88d2102c7435.xlsx; product-level MRR loaded.,$0.00,$0.00,$0.00,,,,Churned,,$0.00,
Nashville Communications,,,,,,,$0.00,$0.00,,,,,,,,,,June 2026 retention import from Cohort_Jun26_wo_Payments_7.6.26---70f34bf5-b8e8-4d81-9703-88d2102c7435.xlsx; product-level MRR loaded.,$0.00,$0.00,$0.00,,,,Churned,,$0.00,
Net Activity Inc.,,,,,,,$0.00,$0.00,,,,,,,,,,June 2026 retention import from Cohort_Jun26_wo_Payments_7.6.26---70f34bf5-b8e8-4d81-9703-88d2102c7435.xlsx; product-level MRR loaded.,$0.00,$0.00,$0.00,,,,Churned,,$0.00,
Netcom Systems,,,,,,,$12.32,$0.00,,,,,,,,,,June 2026 retention import from Cohort_Jun26_wo_Payments_7.6.26---70f34bf5-b8e8-4d81-9703-88d2102c7435.xlsx; product-level MRR loaded.,$0.00,$0.00,$12.32,,,Payments,Active,,$0.00,
Netgain Networks Inc.,,,,,,,$0.00,$0.00,,,,,,,,,,June 2026 retention import from Cohort_Jun26_wo_Payments_7.6.26---70f34bf5-b8e8-4d81-9703-88d2102c7435.xlsx; product-level MRR loaded.,$0.00,$0.00,$0.00,,,,Churned,,$0.00,
network computer systems,,,,,,,$0.00,$0.00,,,,,,,,,,June 2026 retention import from Cohort_Jun26_wo_Payments_7.6.26---70f34bf5-b8e8-4d81-9703-88d2102c7435.xlsx; product-level MRR loaded.,$0.00,$0.00,$0.00,,,,Churned,,$0.00,
Network South,,,,,,,$0.00,$0.00,,,,,,,,,,June 2026 retention import from Cohort_Jun26_wo_Payments_7.6.26---70f34bf5-b8e8-4d81-9703-88d2102c7435.xlsx; product-level MRR loaded.,$0.00,$0.00,$0.00,,,,Churned,,$0.00,
NNY Online,,,,,,,$0.00,$0.00,,,,,,,,,,June 2026 retention import from Cohort_Jun26_wo_Payments_7.6.26---70f34bf5-b8e8-4d81-9703-88d2102c7435.xlsx; product-level MRR loaded.,$0.00,$0.00,$0.00,,,,Churned,,$0.00,
"North Georgia Network Cooperative, Inc.",,,,,,,$0.00,$0.00,,,,,,,,,,June 2026 retention import from Cohort_Jun26_wo_Payments_7.6.26---70f34bf5-b8e8-4d81-9703-88d2102c7435.xlsx; product-level MRR loaded.,$0.00,$0.00,$0.00,,,,Churned,,$0.00,
Northeast Information Systems,,,,,,,$0.00,$0.00,,,,,,,,,,June 2026 retention import from Cohort_Jun26_wo_Payments_7.6.26---70f34bf5-b8e8-4d81-9703-88d2102c7435.xlsx; product-level MRR loaded.,$0.00,$0.00,$0.00,,,,Churned,,$0.00,
Number Sentry,,,,,,,"$7,652.37","$7,486.96",,,,,1485,,,,,June 2026 retention import from Cohort_Jun26_wo_Payments_7.6.26---70f34bf5-b8e8-4d81-9703-88d2102c7435.xlsx; product-level MRR loaded.,$0.00,$0.00,$165.41,,,"Billing, Payments",Active,,$0.00,
"Nuso, LLC",,,,,,,"$7,431.09",$0.00,,,,,,,,,,June 2026 retention import from Cohort_Jun26_wo_Payments_7.6.26---70f34bf5-b8e8-4d81-9703-88d2102c7435.xlsx; product-level MRR loaded.,$0.00,$0.00,"$7,431.09",,,Payments,Active,,$0.00,
Nuwave - Partners,,,,,,,$0.00,$0.00,,,,,1141,,,,,June 2026 retention import from Cohort_Jun26_wo_Payments_7.6.26---70f34bf5-b8e8-4d81-9703-88d2102c7435.xlsx; product-level MRR loaded.,$0.00,$0.00,$0.00,,,,Churned,,$0.00,
"Nuwave Communications, Inc.",,,,,,,$0.00,$0.00,,,,,1051,,,,,June 2026 retention import from Cohort_Jun26_wo_Payments_7.6.26---70f34bf5-b8e8-4d81-9703-88d2102c7435.xlsx; product-level MRR loaded.,$0.00,$0.00,$0.00,,,,Churned,,$0.00,
OHO Connect,,,,,,,$0.00,$0.00,,,,,1408,,,,,June 2026 retention import from Cohort_Jun26_wo_Payments_7.6.26---70f34bf5-b8e8-4d81-9703-88d2102c7435.xlsx; product-level MRR loaded.,$0.00,$0.00,$0.00,,,,Churned,,$0.00,
OnDuty Systems L.P.,,,,,,,$0.00,$0.00,,,,,,,,,,June 2026 retention import from Cohort_Jun26_wo_Payments_7.6.26---70f34bf5-b8e8-4d81-9703-88d2102c7435.xlsx; product-level MRR loaded.,$0.00,$0.00,$0.00,,,,Churned,,$0.00,
OneSolution of Florida,,,,,,,$0.00,$0.00,,,,,,,,,,June 2026 retention import from Cohort_Jun26_wo_Payments_7.6.26---70f34bf5-b8e8-4d81-9703-88d2102c7435.xlsx; product-level MRR loaded.,$0.00,$0.00,$0.00,,,,Churned,,$0.00,
Optical Communications Group,,,,,,,$0.00,$0.00,,,,,,,,,,June 2026 retention import from Cohort_Jun26_wo_Payments_7.6.26---70f34bf5-b8e8-4d81-9703-88d2102c7435.xlsx; product-level MRR loaded.,$0.00,$0.00,$0.00,,,,Churned,,$0.00,
"Outsource Solutions Group, Inc.",,,,,,,$0.00,$0.00,,,,,,,,,,June 2026 retention import from Cohort_Jun26_wo_Payments_7.6.26---70f34bf5-b8e8-4d81-9703-88d2102c7435.xlsx; product-level MRR loaded.,$0.00,$0.00,$0.00,,,,Churned,,$0.00,
P2 Broadband LLC,,,,,,,$0.00,$0.00,,,,,,,,,,June 2026 retention import from Cohort_Jun26_wo_Payments_7.6.26---70f34bf5-b8e8-4d81-9703-88d2102c7435.xlsx; product-level MRR loaded.,$0.00,$0.00,$0.00,,,,Churned,,$0.00,
P2Broadband,,,,,,,"$1,700.00","$1,700.00",,,,,1389,,,,,June 2026 retention import from Cohort_Jun26_wo_Payments_7.6.26---70f34bf5-b8e8-4d81-9703-88d2102c7435.xlsx; product-level MRR loaded.,$0.00,$0.00,$0.00,,,Billing,Active,,$0.00,
Pacific Office Automation,,,,,,,$0.00,$0.00,,,,,,,,,,June 2026 retention import from Cohort_Jun26_wo_Payments_7.6.26---70f34bf5-b8e8-4d81-9703-88d2102c7435.xlsx; product-level MRR loaded.,$0.00,$0.00,$0.00,,,,Churned,,$0.00,
Page After Page Business Systems Inc,,,,,,,$0.00,$0.00,,,,,22422,,,,,June 2026 retention import from Cohort_Jun26_wo_Payments_7.6.26---70f34bf5-b8e8-4d81-9703-88d2102c7435.xlsx; product-level MRR loaded.,$0.00,$0.00,$0.00,,,Tigerpaw,Churned,,$0.00,
Pando Tech Solutions,,,,,,,$0.00,$0.00,,,,,22951,,,,,June 2026 retention import from Cohort_Jun26_wo_Payments_7.6.26---70f34bf5-b8e8-4d81-9703-88d2102c7435.xlsx; product-level MRR loaded.,$0.00,$0.00,$0.00,,,PSA Web,Churned,,$0.00,
Pangea,,,,,,,$0.00,$0.00,,,,,21952,,,,,June 2026 retention import from Cohort_Jun26_wo_Payments_7.6.26---70f34bf5-b8e8-4d81-9703-88d2102c7435.xlsx; product-level MRR loaded.,$0.00,$0.00,$0.00,,,,Churned,,$0.00,
Paragon Technology Solutions LLC,,,,,,,$0.00,$0.00,,,,,,,,,,June 2026 retention import from Cohort_Jun26_wo_Payments_7.6.26---70f34bf5-b8e8-4d81-9703-88d2102c7435.xlsx; product-level MRR loaded.,$0.00,$0.00,$0.00,,,,Churned,,$0.00,
Parts Consulting Group,,,,,,,$0.00,$0.00,,,,,22277,,,,,June 2026 retention import from Cohort_Jun26_wo_Payments_7.6.26---70f34bf5-b8e8-4d81-9703-88d2102c7435.xlsx; product-level MRR loaded.,$0.00,$0.00,$0.00,,,Tigerpaw,Churned,,$0.00,
Paya Corrections,,,,,,,$0.00,$0.00,,,,,,,,,,June 2026 retention import from Cohort_Jun26_wo_Payments_7.6.26---70f34bf5-b8e8-4d81-9703-88d2102c7435.xlsx; product-level MRR loaded.,$0.00,$0.00,$0.00,,,,Churned,,$0.00,
Peace Communications,,,,,,,"$16,646.92","$14,021.92",,,,,1194,,,,,June 2026 retention import from Cohort_Jun26_wo_Payments_7.6.26---70f34bf5-b8e8-4d81-9703-88d2102c7435.xlsx; product-level MRR loaded.,"$2,625.00",$0.00,$0.00,,,"Billing, Odin",Active,,$0.00,
PercFab,,,,,,,-$10.94,$0.00,,,,,,,,,,June 2026 retention import from Cohort_Jun26_wo_Payments_7.6.26---70f34bf5-b8e8-4d81-9703-88d2102c7435.xlsx; product-level MRR loaded.,$0.00,$0.00,-$10.94,,,Payments,Churned,,$0.00,
Perfect Connections,,,,,,,$0.00,$0.00,,,,,,,,,,June 2026 retention import from Cohort_Jun26_wo_Payments_7.6.26---70f34bf5-b8e8-4d81-9703-88d2102c7435.xlsx; product-level MRR loaded.,$0.00,$0.00,$0.00,,,,Churned,,$0.00,
"Perfect Connections, Inc",,,,,,,$0.00,$0.00,,,,,22420,,,,,June 2026 retention import from Cohort_Jun26_wo_Payments_7.6.26---70f34bf5-b8e8-4d81-9703-88d2102c7435.xlsx; product-level MRR loaded.,$0.00,$0.00,$0.00,,,Tigerpaw,Churned,,$0.00,
Phoenix Security,,,,,,,$0.00,$0.00,,,,,22983,,,,,June 2026 retention import from Cohort_Jun26_wo_Payments_7.6.26---70f34bf5-b8e8-4d81-9703-88d2102c7435.xlsx; product-level MRR loaded.,$0.00,$0.00,$0.00,,,PSA Web,Churned,,$0.00,
Phonepower,,,,,,,"$1,660.34",$0.00,,,,,,,,,,June 2026 retention import from Cohort_Jun26_wo_Payments_7.6.26---70f34bf5-b8e8-4d81-9703-88d2102c7435.xlsx; product-level MRR loaded.,$0.00,$0.00,"$1,660.34",,,Payments,Active,,$0.00,
Phonesuite Direct,,,,,,,$0.00,$0.00,,,,,22461,,,,,June 2026 retention import from Cohort_Jun26_wo_Payments_7.6.26---70f34bf5-b8e8-4d81-9703-88d2102c7435.xlsx; product-level MRR loaded.,$0.00,$0.00,$0.00,,,Tigerpaw,Churned,,$0.00,
Pinnacle Computer Services,,,,,,,$0.00,$0.00,,,,,,,,,,June 2026 retention import from Cohort_Jun26_wo_Payments_7.6.26---70f34bf5-b8e8-4d81-9703-88d2102c7435.xlsx; product-level MRR loaded.,$0.00,$0.00,$0.00,,,,Churned,,$0.00,
Pinnacle Hospitality Systems,,,,,,,$0.00,$0.00,,,,,,,,,,June 2026 retention import from Cohort_Jun26_wo_Payments_7.6.26---70f34bf5-b8e8-4d81-9703-88d2102c7435.xlsx; product-level MRR loaded.,$0.00,$0.00,$0.00,,,,Churned,,$0.00,
Pocos,,,,,,,$0.00,$0.00,,,,,1496,,,,,June 2026 retention import from Cohort_Jun26_wo_Payments_7.6.26---70f34bf5-b8e8-4d81-9703-88d2102c7435.xlsx; product-level MRR loaded.,$0.00,$0.00,$0.00,,,,Churned,,$0.00,
Porting,,,,,,,"$5,252.75","$5,252.75",,,,,21034,,,,,June 2026 retention import from Cohort_Jun26_wo_Payments_7.6.26---70f34bf5-b8e8-4d81-9703-88d2102c7435.xlsx; product-level MRR loaded.,$0.00,$0.00,$0.00,,,Billing,Active,,$0.00,
"Prestige Security Solutions, Inc",,,,,,,-$19.81,$0.00,,,,,,,,,,June 2026 retention import from Cohort_Jun26_wo_Payments_7.6.26---70f34bf5-b8e8-4d81-9703-88d2102c7435.xlsx; product-level MRR loaded.,$0.00,$0.00,-$19.81,,,Payments,Churned,,$0.00,
Primevox,,,,,,,"$5,953.78","$5,700.00",,,,,1431,,,,,June 2026 retention import from Cohort_Jun26_wo_Payments_7.6.26---70f34bf5-b8e8-4d81-9703-88d2102c7435.xlsx; product-level MRR loaded.,$0.00,$0.00,$253.78,,,"Billing, Payments",Active,,$0.00,
ProCom,,,,,,,$502.70,$0.00,,,,,,,,,,June 2026 retention import from Cohort_Jun26_wo_Payments_7.6.26---70f34bf5-b8e8-4d81-9703-88d2102c7435.xlsx; product-level MRR loaded.,$0.00,$0.00,$502.70,,,Payments,Active,,$0.00,
ProComm Voice & Data Solutions Inc.,,,,,,,$0.00,$0.00,,,,,,,,,,June 2026 retention import from Cohort_Jun26_wo_Payments_7.6.26---70f34bf5-b8e8-4d81-9703-88d2102c7435.xlsx; product-level MRR loaded.,$0.00,$0.00,$0.00,,,,Churned,,$0.00,
Prodigi,,,,,,,"$1,436.74",$0.00,,,,,,,,,,June 2026 retention import from Cohort_Jun26_wo_Payments_7.6.26---70f34bf5-b8e8-4d81-9703-88d2102c7435.xlsx; product-level MRR loaded.,$0.00,$0.00,"$1,436.74",,,Payments,Active,,$0.00,
Professional Computer Services Ltd.,,,,,,,$0.00,$0.00,,,,,22555,,,,,June 2026 retention import from Cohort_Jun26_wo_Payments_7.6.26---70f34bf5-b8e8-4d81-9703-88d2102c7435.xlsx; product-level MRR loaded.,$0.00,$0.00,$0.00,,,Tigerpaw,Churned,,$0.00,
Professional Computer Services Ltd. (historical),,,,,,,$0.00,$0.00,,,,,22689,,,,,June 2026 retention import from Cohort_Jun26_wo_Payments_7.6.26---70f34bf5-b8e8-4d81-9703-88d2102c7435.xlsx; product-level MRR loaded.,$0.00,$0.00,$0.00,,,Tigerpaw,Churned,,$0.00,
PS Lightwave Inc.,,,,,,,"$1,654.64",$0.00,,,,,,,,,,June 2026 retention import from Cohort_Jun26_wo_Payments_7.6.26---70f34bf5-b8e8-4d81-9703-88d2102c7435.xlsx; product-level MRR loaded.,$0.00,$0.00,"$1,654.64",,,Payments,Active,,$0.00,
PS Lightwave LLC,,,,,,,"$20,795.29","$20,795.29",,,,,1169,,,,,June 2026 retention import from Cohort_Jun26_wo_Payments_7.6.26---70f34bf5-b8e8-4d81-9703-88d2102c7435.xlsx; product-level MRR loaded.,$0.00,$0.00,$0.00,,,Billing,Active,,$0.00,
PVS,,,,,,,$0.00,$0.00,,,,,,,,,,June 2026 retention import from Cohort_Jun26_wo_Payments_7.6.26---70f34bf5-b8e8-4d81-9703-88d2102c7435.xlsx; product-level MRR loaded.,$0.00,$0.00,$0.00,,,,Churned,,$0.00,
Q Med Innovations,,,,,,,$0.00,$0.00,,,,,,,,,,June 2026 retention import from Cohort_Jun26_wo_Payments_7.6.26---70f34bf5-b8e8-4d81-9703-88d2102c7435.xlsx; product-level MRR loaded.,$0.00,$0.00,$0.00,,,,Churned,,$0.00,
QxC Communications,,,,,,,$0.00,$0.00,,,,,1238,,,,,June 2026 retention import from Cohort_Jun26_wo_Payments_7.6.26---70f34bf5-b8e8-4d81-9703-88d2102c7435.xlsx; product-level MRR loaded.,$0.00,$0.00,$0.00,,,,Churned,,$0.00,
Reference AudioVideo,,,,,,,$167.24,$0.00,,,,,,,,,,June 2026 retention import from Cohort_Jun26_wo_Payments_7.6.26---70f34bf5-b8e8-4d81-9703-88d2102c7435.xlsx; product-level MRR loaded.,$0.00,$0.00,$167.24,,,Payments,Active,,$0.00,
Resonate VOIP,,,,,,,$11.69,$0.00,,,,,1504,,,,,June 2026 retention import from Cohort_Jun26_wo_Payments_7.6.26---70f34bf5-b8e8-4d81-9703-88d2102c7435.xlsx; product-level MRR loaded.,$0.00,$0.00,$11.69,,,Payments,Active,,$0.00,
Retail Control Solutions Inc,,,,,,,$0.00,$0.00,,,,,,,,,,June 2026 retention import from Cohort_Jun26_wo_Payments_7.6.26---70f34bf5-b8e8-4d81-9703-88d2102c7435.xlsx; product-level MRR loaded.,$0.00,$0.00,$0.00,,,,Churned,,$0.00,
Revel Media Group DBA RevelTV,,,,,,,$0.00,$0.00,,,,,,,,,,June 2026 retention import from Cohort_Jun26_wo_Payments_7.6.26---70f34bf5-b8e8-4d81-9703-88d2102c7435.xlsx; product-level MRR loaded.,$0.00,$0.00,$0.00,,,,Churned,,$0.00,
Ring Blue,,,,,,,$13.82,$0.00,,,,,,,,,,June 2026 retention import from Cohort_Jun26_wo_Payments_7.6.26---70f34bf5-b8e8-4d81-9703-88d2102c7435.xlsx; product-level MRR loaded.,$0.00,$0.00,$13.82,,,Payments,Active,,$0.00,
"River City Systems, Inc.",,,,,,,$540.00,$0.00,,,,,22827,,,,,June 2026 retention import from Cohort_Jun26_wo_Payments_7.6.26---70f34bf5-b8e8-4d81-9703-88d2102c7435.xlsx; product-level MRR loaded.,$0.00,$0.00,$0.00,,,Tigerpaw,Active,,$540.00,
RJR Solutions,,,,,,,$0.00,$0.00,,,,,,,,,,June 2026 retention import from Cohort_Jun26_wo_Payments_7.6.26---70f34bf5-b8e8-4d81-9703-88d2102c7435.xlsx; product-level MRR loaded.,$0.00,$0.00,$0.00,,,,Churned,,$0.00,
Roadrunner,,,,,,,$643.50,$0.00,,,,,,,,,,June 2026 retention import from Cohort_Jun26_wo_Payments_7.6.26---70f34bf5-b8e8-4d81-9703-88d2102c7435.xlsx; product-level MRR loaded.,$0.00,$0.00,$643.50,,,Payments,Active,,$0.00,
Romeo Computer Company Inc,,,,,,,$0.00,$0.00,,,,,,,,,,June 2026 retention import from Cohort_Jun26_wo_Payments_7.6.26---70f34bf5-b8e8-4d81-9703-88d2102c7435.xlsx; product-level MRR loaded.,$0.00,$0.00,$0.00,,,,Churned,,$0.00,
S-Net,,,,,,,"$20,983.25","$19,590.30",,,,,1110,,,,,June 2026 retention import from Cohort_Jun26_wo_Payments_7.6.26---70f34bf5-b8e8-4d81-9703-88d2102c7435.xlsx; product-level MRR loaded.,$0.00,$0.00,"$1,392.95",,,"Billing, Payments",Active,,$0.00,
Saicom,,,,,,,"$4,189.50",$0.00,,,,,21065,,,,,June 2026 retention import from Cohort_Jun26_wo_Payments_7.6.26---70f34bf5-b8e8-4d81-9703-88d2102c7435.xlsx; product-level MRR loaded.,"$4,189.50",$0.00,$0.00,,,Odin,Active,,$0.00,
SAS Services,,,,,,,$0.00,$0.00,,,,,22344,,,,,June 2026 retention import from Cohort_Jun26_wo_Payments_7.6.26---70f34bf5-b8e8-4d81-9703-88d2102c7435.xlsx; product-level MRR loaded.,$0.00,$0.00,$0.00,,,Tigerpaw,Churned,,$0.00,
Scan Point USA,,,,,,,$0.00,$0.00,,,,,,,,,,June 2026 retention import from Cohort_Jun26_wo_Payments_7.6.26---70f34bf5-b8e8-4d81-9703-88d2102c7435.xlsx; product-level MRR loaded.,$0.00,$0.00,$0.00,,,,Churned,,$0.00,
Seger Communications,,,,,,,$0.00,$0.00,,,,,,,,,,June 2026 retention import from Cohort_Jun26_wo_Payments_7.6.26---70f34bf5-b8e8-4d81-9703-88d2102c7435.xlsx; product-level MRR loaded.,$0.00,$0.00,$0.00,,,,Churned,,$0.00,
Select Communications,,,,,,,$0.00,$0.00,,,,,,,,,,June 2026 retention import from Cohort_Jun26_wo_Payments_7.6.26---70f34bf5-b8e8-4d81-9703-88d2102c7435.xlsx; product-level MRR loaded.,$0.00,$0.00,$0.00,,,,Churned,,$0.00,
Sentrics,,,,,,,$0.00,$0.00,,,,,,,,,,June 2026 retention import from Cohort_Jun26_wo_Payments_7.6.26---70f34bf5-b8e8-4d81-9703-88d2102c7435.xlsx; product-level MRR loaded.,$0.00,$0.00,$0.00,,,,Churned,,$0.00,
SimpleVoIP,,,,,,,"$10,372.49","$10,007.31",,,,,1231,,,,,June 2026 retention import from Cohort_Jun26_wo_Payments_7.6.26---70f34bf5-b8e8-4d81-9703-88d2102c7435.xlsx; product-level MRR loaded.,$0.00,$0.00,$365.18,,,"Billing, Payments",Active,,$0.00,
Singkt Solutions,,,,,,,$0.00,$0.00,,,,,,,,,,June 2026 retention import from Cohort_Jun26_wo_Payments_7.6.26---70f34bf5-b8e8-4d81-9703-88d2102c7435.xlsx; product-level MRR loaded.,$0.00,$0.00,$0.00,,,,Churned,,$0.00,
sipIQ,,,,,,,$0.00,$0.00,,,,,,,,,,June 2026 retention import from Cohort_Jun26_wo_Payments_7.6.26---70f34bf5-b8e8-4d81-9703-88d2102c7435.xlsx; product-level MRR loaded.,$0.00,$0.00,$0.00,,,,Churned,,$0.00,
Sisna,,,,,,,-$93.10,$0.00,,,,,,,,,,June 2026 retention import from Cohort_Jun26_wo_Payments_7.6.26---70f34bf5-b8e8-4d81-9703-88d2102c7435.xlsx; product-level MRR loaded.,$0.00,$0.00,-$93.10,,,Payments,Churned,,$0.00,
Skypbx,,,,,,,"$3,942.82","$3,893.90",,,,,21957,,,,,June 2026 retention import from Cohort_Jun26_wo_Payments_7.6.26---70f34bf5-b8e8-4d81-9703-88d2102c7435.xlsx; product-level MRR loaded.,$0.00,$0.00,$48.92,,,"Billing, Payments",Active,,$0.00,
Skyswitch,,,,,,,"$96,774.32","$81,993.22",,,,,1050,,,,,June 2026 retention import from Cohort_Jun26_wo_Payments_7.6.26---70f34bf5-b8e8-4d81-9703-88d2102c7435.xlsx; product-level MRR loaded.,$0.00,$0.00,"$14,781.10",,,"Billing, Payments",Active,,$0.00,
Skytektel Inc,,,,,,,$0.00,$0.00,,,,,,,,,,June 2026 retention import from Cohort_Jun26_wo_Payments_7.6.26---70f34bf5-b8e8-4d81-9703-88d2102c7435.xlsx; product-level MRR loaded.,$0.00,$0.00,$0.00,,,,Churned,,$0.00,
Skywave,,,,,,,$0.00,$0.00,,,,,,,,,,June 2026 retention import from Cohort_Jun26_wo_Payments_7.6.26---70f34bf5-b8e8-4d81-9703-88d2102c7435.xlsx; product-level MRR loaded.,$0.00,$0.00,$0.00,,,,Churned,,$0.00,
Southern Sound Inc.,,,,,,,$0.00,$0.00,,,,,22585,,,,,June 2026 retention import from Cohort_Jun26_wo_Payments_7.6.26---70f34bf5-b8e8-4d81-9703-88d2102c7435.xlsx; product-level MRR loaded.,$0.00,$0.00,$0.00,,,Tigerpaw,Churned,,$0.00,
SRU Communications and Technology Inc,,,,,,,$28.42,$0.00,,,,,,,,,,June 2026 retention import from Cohort_Jun26_wo_Payments_7.6.26---70f34bf5-b8e8-4d81-9703-88d2102c7435.xlsx; product-level MRR loaded.,$0.00,$0.00,$28.42,,,Payments,Active,,$0.00,
Stage 2 Networks,,,,,,,$0.00,$0.00,,,,,,,,,,June 2026 retention import from Cohort_Jun26_wo_Payments_7.6.26---70f34bf5-b8e8-4d81-9703-88d2102c7435.xlsx; product-level MRR loaded.,$0.00,$0.00,$0.00,,,,Churned,,$0.00,
Standard Computer Systems Inc.,,,,,,,$0.00,$0.00,,,,,,,,,,June 2026 retention import from Cohort_Jun26_wo_Payments_7.6.26---70f34bf5-b8e8-4d81-9703-88d2102c7435.xlsx; product-level MRR loaded.,$0.00,$0.00,$0.00,,,,Churned,,$0.00,
SumoFiber,,,,,,,$0.00,$0.00,,,,,1144,,,,,June 2026 retention import from Cohort_Jun26_wo_Payments_7.6.26---70f34bf5-b8e8-4d81-9703-88d2102c7435.xlsx; product-level MRR loaded.,$0.00,$0.00,$0.00,,,Payments,Churned,,$0.00,
Sumofiber of Idaho LLC,,,,,,,$0.00,$0.00,,,,,,,,,,June 2026 retention import from Cohort_Jun26_wo_Payments_7.6.26---70f34bf5-b8e8-4d81-9703-88d2102c7435.xlsx; product-level MRR loaded.,$0.00,$0.00,$0.00,,,,Churned,,$0.00,
Sun Communications Inc,,,,,,,$7.71,$0.00,,,,,,,,,,June 2026 retention import from Cohort_Jun26_wo_Payments_7.6.26---70f34bf5-b8e8-4d81-9703-88d2102c7435.xlsx; product-level MRR loaded.,$0.00,$0.00,$7.71,,,Payments,Active,,$0.00,
Surf Fire Security & Safety,,,,,,,$0.00,$0.00,,,,,,,,,,June 2026 retention import from Cohort_Jun26_wo_Payments_7.6.26---70f34bf5-b8e8-4d81-9703-88d2102c7435.xlsx; product-level MRR loaded.,$0.00,$0.00,$0.00,,,,Churned,,$0.00,
"Surveillance Technology USA, Inc",,,,,,,$0.00,$0.00,,,,,22898,,,,,June 2026 retention import from Cohort_Jun26_wo_Payments_7.6.26---70f34bf5-b8e8-4d81-9703-88d2102c7435.xlsx; product-level MRR loaded.,$0.00,$0.00,$0.00,,,PSA Web,Churned,,$0.00,
Syntrios Solutinos (PCnet LP),,,,,,,$0.00,$0.00,,,,,,,,,,June 2026 retention import from Cohort_Jun26_wo_Payments_7.6.26---70f34bf5-b8e8-4d81-9703-88d2102c7435.xlsx; product-level MRR loaded.,$0.00,$0.00,$0.00,,,,Churned,,$0.00,
T-Metrics,,,,,,,$0.00,$0.00,,,,,1487,,,,,June 2026 retention import from Cohort_Jun26_wo_Payments_7.6.26---70f34bf5-b8e8-4d81-9703-88d2102c7435.xlsx; product-level MRR loaded.,$0.00,$0.00,$0.00,,,Billing,Churned,,$0.00,
TCT Computer Solutions,,,,,,,$0.00,$0.00,,,,,,,,,,June 2026 retention import from Cohort_Jun26_wo_Payments_7.6.26---70f34bf5-b8e8-4d81-9703-88d2102c7435.xlsx; product-level MRR loaded.,$0.00,$0.00,$0.00,,,,Churned,,$0.00,
Tech Squared,,,,,,,$0.00,$0.00,,,,,,,,,,June 2026 retention import from Cohort_Jun26_wo_Payments_7.6.26---70f34bf5-b8e8-4d81-9703-88d2102c7435.xlsx; product-level MRR loaded.,$0.00,$0.00,$0.00,,,,Churned,,$0.00,
Technolink of the Rockies,,,,,,,$0.00,$0.00,,,,,,,,,,June 2026 retention import from Cohort_Jun26_wo_Payments_7.6.26---70f34bf5-b8e8-4d81-9703-88d2102c7435.xlsx; product-level MRR loaded.,$0.00,$0.00,$0.00,,,,Churned,,$0.00,
Tel-Networks,,,,,,,$0.00,$0.00,,,,,22002,,,,,June 2026 retention import from Cohort_Jun26_wo_Payments_7.6.26---70f34bf5-b8e8-4d81-9703-88d2102c7435.xlsx; product-level MRR loaded.,$0.00,$0.00,$0.00,,,Tigerpaw,Churned,,$0.00,
TelCloud,,,,,,,$3.52,$0.00,,,,,,,,,,June 2026 retention import from Cohort_Jun26_wo_Payments_7.6.26---70f34bf5-b8e8-4d81-9703-88d2102c7435.xlsx; product-level MRR loaded.,$0.00,$0.00,$3.52,,,Payments,Active,,$0.00,
Telco Data,,,,,,,$0.00,$0.00,,,,,,,,,,June 2026 retention import from Cohort_Jun26_wo_Payments_7.6.26---70f34bf5-b8e8-4d81-9703-88d2102c7435.xlsx; product-level MRR loaded.,$0.00,$0.00,$0.00,,,,Churned,,$0.00,
"Telco Experts, LLC",,,,,,,"$1,475.83","$1,218.70",,,,,1085,,,,,June 2026 retention import from Cohort_Jun26_wo_Payments_7.6.26---70f34bf5-b8e8-4d81-9703-88d2102c7435.xlsx; product-level MRR loaded.,$0.00,$0.00,$257.13,,,"Billing, Payments",Active,,$0.00,
TeleData Solutions,,,,,,,$0.00,$0.00,,,,,,,,,,June 2026 retention import from Cohort_Jun26_wo_Payments_7.6.26---70f34bf5-b8e8-4d81-9703-88d2102c7435.xlsx; product-level MRR loaded.,$0.00,$0.00,$0.00,,,,Churned,,$0.00,
Telesupply,,,,,,,"$4,572.72","$4,327.70",,,,,21007,,,,,June 2026 retention import from Cohort_Jun26_wo_Payments_7.6.26---70f34bf5-b8e8-4d81-9703-88d2102c7435.xlsx; product-level MRR loaded.,$0.00,$0.00,$245.02,,,"Billing, Payments",Active,,$0.00,
Telewire,,,,,,,$24.79,$0.00,,,,,,,,,,June 2026 retention import from Cohort_Jun26_wo_Payments_7.6.26---70f34bf5-b8e8-4d81-9703-88d2102c7435.xlsx; product-level MRR loaded.,$0.00,$0.00,$24.79,,,Payments,Active,,$0.00,
Telnet WorldWide,,,,,,,"$1,000.00","$1,000.00",,,,,1401,,,,,June 2026 retention import from Cohort_Jun26_wo_Payments_7.6.26---70f34bf5-b8e8-4d81-9703-88d2102c7435.xlsx; product-level MRR loaded.,$0.00,$0.00,$0.00,,,Billing,Active,,$0.00,
Telrite Corporation,,,,,,,"$1,072.11","$1,072.11",,,,,20013,,,,,June 2026 retention import from Cohort_Jun26_wo_Payments_7.6.26---70f34bf5-b8e8-4d81-9703-88d2102c7435.xlsx; product-level MRR loaded.,$0.00,$0.00,$0.00,,,Billing,Active,,$0.00,
Teltec Inc,,,,,,,$141.37,$0.00,,,,,,,,,,June 2026 retention import from Cohort_Jun26_wo_Payments_7.6.26---70f34bf5-b8e8-4d81-9703-88d2102c7435.xlsx; product-level MRR loaded.,$0.00,$0.00,$141.37,,,Payments,Active,,$0.00,
Temecula Valley Communications,,,,,,,$0.00,$0.00,,,,,22792,,,,,June 2026 retention import from Cohort_Jun26_wo_Payments_7.6.26---70f34bf5-b8e8-4d81-9703-88d2102c7435.xlsx; product-level MRR loaded.,$0.00,$0.00,$0.00,,,Tigerpaw,Churned,,$0.00,
Termed Customers/Not Using Payment,,,,,,,$0.00,$0.00,,,,,,,,,,June 2026 retention import from Cohort_Jun26_wo_Payments_7.6.26---70f34bf5-b8e8-4d81-9703-88d2102c7435.xlsx; product-level MRR loaded.,$0.00,$0.00,$0.00,,,,Churned,,$0.00,
The Computer Guys USA,,,,,,,$0.00,$0.00,,,,,,,,,,June 2026 retention import from Cohort_Jun26_wo_Payments_7.6.26---70f34bf5-b8e8-4d81-9703-88d2102c7435.xlsx; product-level MRR loaded.,$0.00,$0.00,$0.00,,,,Churned,,$0.00,
thinkCSC,,,,,,,$0.00,$0.00,,,,,,,,,,June 2026 retention import from Cohort_Jun26_wo_Payments_7.6.26---70f34bf5-b8e8-4d81-9703-88d2102c7435.xlsx; product-level MRR loaded.,$0.00,$0.00,$0.00,,,,Churned,,$0.00,
Tigerpaw,,,,,,,$0.00,$0.00,,,,,,,,,,June 2026 retention import from Cohort_Jun26_wo_Payments_7.6.26---70f34bf5-b8e8-4d81-9703-88d2102c7435.xlsx; product-level MRR loaded.,$0.00,$0.00,$0.00,,,Payments,Churned,,$0.00,
Toly Digital,,,,,,,"$11,124.76","$11,013.89",,,,,1417,,,,,June 2026 retention import from Cohort_Jun26_wo_Payments_7.6.26---70f34bf5-b8e8-4d81-9703-88d2102c7435.xlsx; product-level MRR loaded.,$0.00,$0.00,$110.87,,,"Billing, Payments",Active,,$0.00,
Top Grade Telecom LLC,,,,,,,$511.96,$500.00,,,,,22876,,,,,June 2026 retention import from Cohort_Jun26_wo_Payments_7.6.26---70f34bf5-b8e8-4d81-9703-88d2102c7435.xlsx; product-level MRR loaded.,$0.00,$0.00,$11.96,,,"Billing, Payments",Active,,$0.00,
TRACI.net,,,,,,,"$2,598.16","$2,598.16",,,,,1407,,,,,June 2026 retention import from Cohort_Jun26_wo_Payments_7.6.26---70f34bf5-b8e8-4d81-9703-88d2102c7435.xlsx; product-level MRR loaded.,$0.00,$0.00,$0.00,,,Billing,Active,,$0.00,
Traviss Audio Video,,,,,,,$0.00,$0.00,,,,,22373,,,,,June 2026 retention import from Cohort_Jun26_wo_Payments_7.6.26---70f34bf5-b8e8-4d81-9703-88d2102c7435.xlsx; product-level MRR loaded.,$0.00,$0.00,$0.00,,,Tigerpaw,Churned,,$0.00,
Triada Networks,,,,,,,$0.00,$0.00,,,,,,,,,,June 2026 retention import from Cohort_Jun26_wo_Payments_7.6.26---70f34bf5-b8e8-4d81-9703-88d2102c7435.xlsx; product-level MRR loaded.,$0.00,$0.00,$0.00,,,,Churned,,$0.00,
Tricom Communication Services Inc.,,,,,,,$0.00,$0.00,,,,,,,,,,June 2026 retention import from Cohort_Jun26_wo_Payments_7.6.26---70f34bf5-b8e8-4d81-9703-88d2102c7435.xlsx; product-level MRR loaded.,$0.00,$0.00,$0.00,,,,Churned,,$0.00,
Trifecta Solutions,,,,,,,"$4,929.69","$4,928.73",,,,,1437,,,,,June 2026 retention import from Cohort_Jun26_wo_Payments_7.6.26---70f34bf5-b8e8-4d81-9703-88d2102c7435.xlsx; product-level MRR loaded.,$0.00,$0.00,$0.96,,,"Billing, Payments",Active,,$0.00,
Triology Security Consulting,,,,,,,$0.00,$0.00,,,,,22842,,,,,June 2026 retention import from Cohort_Jun26_wo_Payments_7.6.26---70f34bf5-b8e8-4d81-9703-88d2102c7435.xlsx; product-level MRR loaded.,$0.00,$0.00,$0.00,,,Tigerpaw,Churned,,$0.00,
TriTec Communications Inc,,,,,,,$0.00,$0.00,,,,,,,,,,June 2026 retention import from Cohort_Jun26_wo_Payments_7.6.26---70f34bf5-b8e8-4d81-9703-88d2102c7435.xlsx; product-level MRR loaded.,$0.00,$0.00,$0.00,,,,Churned,,$0.00,
Turner Teleco,,,,,,,$0.00,$0.00,,,,,,,,,,June 2026 retention import from Cohort_Jun26_wo_Payments_7.6.26---70f34bf5-b8e8-4d81-9703-88d2102c7435.xlsx; product-level MRR loaded.,$0.00,$0.00,$0.00,,,,Churned,,$0.00,
Two Way Radio,,,,,,,$0.00,$0.00,,,,,,,,,,June 2026 retention import from Cohort_Jun26_wo_Payments_7.6.26---70f34bf5-b8e8-4d81-9703-88d2102c7435.xlsx; product-level MRR loaded.,$0.00,$0.00,$0.00,,,,Churned,,$0.00,
Unified Global Solutions,,,,,,,"$14,048.74","$11,226.23",,,,,1394,,,,,June 2026 retention import from Cohort_Jun26_wo_Payments_7.6.26---70f34bf5-b8e8-4d81-9703-88d2102c7435.xlsx; product-level MRR loaded.,$0.00,$0.00,"$2,822.51",,,"Billing, Payments",Active,,$0.00,
United Data Technologies,,,,,,,"$6,730.02","$6,730.02",,,,,21966,,,,,June 2026 retention import from Cohort_Jun26_wo_Payments_7.6.26---70f34bf5-b8e8-4d81-9703-88d2102c7435.xlsx; product-level MRR loaded.,$0.00,$0.00,$0.00,,,Billing,Active,,$0.00,
Uniti Fiber LLC,,,,,,,"$7,910.95",$0.00,,,,,1464,,,,,June 2026 retention import from Cohort_Jun26_wo_Payments_7.6.26---70f34bf5-b8e8-4d81-9703-88d2102c7435.xlsx; product-level MRR loaded.,"$7,910.95",$0.00,$0.00,,,Odin,Active,,$0.00,
Universal Data Inc.,,,,,,,$0.00,$0.00,,,,,,,,,,June 2026 retention import from Cohort_Jun26_wo_Payments_7.6.26---70f34bf5-b8e8-4d81-9703-88d2102c7435.xlsx; product-level MRR loaded.,$0.00,$0.00,$0.00,,,,Churned,,$0.00,
"ValTech Enterprises, LLC",,,,,,,$0.00,$0.00,,,,,21066,,,,,June 2026 retention import from Cohort_Jun26_wo_Payments_7.6.26---70f34bf5-b8e8-4d81-9703-88d2102c7435.xlsx; product-level MRR loaded.,$0.00,$0.00,$0.00,,,,Churned,,$0.00,
veraTECH Solutions,,,,,,,$0.00,$0.00,,,,,,,,,,June 2026 retention import from Cohort_Jun26_wo_Payments_7.6.26---70f34bf5-b8e8-4d81-9703-88d2102c7435.xlsx; product-level MRR loaded.,$0.00,$0.00,$0.00,,,,Churned,,$0.00,
Vertex Telecom,,,,,,,"$2,111.09","$2,111.09",,,,,1392,,,,,June 2026 retention import from Cohort_Jun26_wo_Payments_7.6.26---70f34bf5-b8e8-4d81-9703-88d2102c7435.xlsx; product-level MRR loaded.,$0.00,$0.00,$0.00,,,Billing,Active,,$0.00,
ViaOne Services,,,,,,,$0.00,$0.00,,,,,1470,,,,,June 2026 retention import from Cohort_Jun26_wo_Payments_7.6.26---70f34bf5-b8e8-4d81-9703-88d2102c7435.xlsx; product-level MRR loaded.,$0.00,$0.00,$0.00,,,,Churned,,$0.00,
Vinix Global,,,,,,,$0.00,$0.00,,,,,1398,,,,,June 2026 retention import from Cohort_Jun26_wo_Payments_7.6.26---70f34bf5-b8e8-4d81-9703-88d2102c7435.xlsx; product-level MRR loaded.,$0.00,$0.00,$0.00,,,,Churned,,$0.00,
Virtu Rep,,,,,,,-$1.19,$0.00,,,,,,,,,,June 2026 retention import from Cohort_Jun26_wo_Payments_7.6.26---70f34bf5-b8e8-4d81-9703-88d2102c7435.xlsx; product-level MRR loaded.,$0.00,$0.00,-$1.19,,,Payments,Churned,,$0.00,
Virtual World Technologies Inc.,,,,,,,$0.00,$0.00,,,,,,,,,,June 2026 retention import from Cohort_Jun26_wo_Payments_7.6.26---70f34bf5-b8e8-4d81-9703-88d2102c7435.xlsx; product-level MRR loaded.,$0.00,$0.00,$0.00,,,,Churned,,$0.00,
VisionCTS,,,,,,,"$2,222.47","$2,158.00",,,,,1128,,,,,June 2026 retention import from Cohort_Jun26_wo_Payments_7.6.26---70f34bf5-b8e8-4d81-9703-88d2102c7435.xlsx; product-level MRR loaded.,$0.00,$0.00,$64.47,,,"Billing, Payments",Active,,$0.00,
Vivid Solutions,,,,,,,$0.00,$0.00,,,,,,,,,,June 2026 retention import from Cohort_Jun26_wo_Payments_7.6.26---70f34bf5-b8e8-4d81-9703-88d2102c7435.xlsx; product-level MRR loaded.,$0.00,$0.00,$0.00,,,,Churned,,$0.00,
Vocal IP Networx,,,,,,,$0.00,$0.00,,,,,,,,,,June 2026 retention import from Cohort_Jun26_wo_Payments_7.6.26---70f34bf5-b8e8-4d81-9703-88d2102c7435.xlsx; product-level MRR loaded.,$0.00,$0.00,$0.00,,,Payments,Churned,,$0.00,
Voice Central,,,,,,,"$2,857.48","$2,857.48",,,,,1498,,,,,June 2026 retention import from Cohort_Jun26_wo_Payments_7.6.26---70f34bf5-b8e8-4d81-9703-88d2102c7435.xlsx; product-level MRR loaded.,$0.00,$0.00,$0.00,,,Billing,Active,,$0.00,
Voice Smart Networks,,,,,,,$0.00,$0.00,,,,,,,,,,June 2026 retention import from Cohort_Jun26_wo_Payments_7.6.26---70f34bf5-b8e8-4d81-9703-88d2102c7435.xlsx; product-level MRR loaded.,$0.00,$0.00,$0.00,,,,Churned,,$0.00,
VoiceCentral,,,,,,,$297.78,$0.00,,,,,,,,,,June 2026 retention import from Cohort_Jun26_wo_Payments_7.6.26---70f34bf5-b8e8-4d81-9703-88d2102c7435.xlsx; product-level MRR loaded.,$0.00,$0.00,$297.78,,,Payments,Active,,$0.00,
Vonage Holding Corp.,,,,,,,"$5,580.00",$0.00,,,,,1466,,,,,June 2026 retention import from Cohort_Jun26_wo_Payments_7.6.26---70f34bf5-b8e8-4d81-9703-88d2102c7435.xlsx; product-level MRR loaded.,"$5,580.00",$0.00,$0.00,,,Odin,Active,,$0.00,
Waddell Solutions,,,,,,,"$2,630.92","$2,630.92",,,,,21049,,,,,June 2026 retention import from Cohort_Jun26_wo_Payments_7.6.26---70f34bf5-b8e8-4d81-9703-88d2102c7435.xlsx; product-level MRR loaded.,$0.00,$0.00,$0.00,,,Billing,Active,,$0.00,
Web Fire Communications Inc,,,,,,,$0.00,$0.00,,,,,,,,,,June 2026 retention import from Cohort_Jun26_wo_Payments_7.6.26---70f34bf5-b8e8-4d81-9703-88d2102c7435.xlsx; product-level MRR loaded.,$0.00,$0.00,$0.00,,,,Churned,,$0.00,
Westelcom Network,,,,,,,$0.00,$0.00,,,,,1374,,,,,June 2026 retention import from Cohort_Jun26_wo_Payments_7.6.26---70f34bf5-b8e8-4d81-9703-88d2102c7435.xlsx; product-level MRR loaded.,$0.00,$0.00,$0.00,,,,Churned,,$0.00,
Westelcom Network Inc,,,,,,,$23.38,$0.00,,,,,,,,,,June 2026 retention import from Cohort_Jun26_wo_Payments_7.6.26---70f34bf5-b8e8-4d81-9703-88d2102c7435.xlsx; product-level MRR loaded.,$0.00,$0.00,$23.38,,,Payments,Active,,$0.00,
WestStar Computer Consulting,,,,,,,$0.00,$0.00,,,,,,,,,,June 2026 retention import from Cohort_Jun26_wo_Payments_7.6.26---70f34bf5-b8e8-4d81-9703-88d2102c7435.xlsx; product-level MRR loaded.,$0.00,$0.00,$0.00,,,,Churned,,$0.00,
White Glove Wireless LLC,,,,,,,$0.00,$0.00,,,,,,,,,,June 2026 retention import from Cohort_Jun26_wo_Payments_7.6.26---70f34bf5-b8e8-4d81-9703-88d2102c7435.xlsx; product-level MRR loaded.,$0.00,$0.00,$0.00,,,,Churned,,$0.00,
Wired and Secured Solutions LLC,,,,,,,$0.00,$0.00,,,,,22593,,,,,June 2026 retention import from Cohort_Jun26_wo_Payments_7.6.26---70f34bf5-b8e8-4d81-9703-88d2102c7435.xlsx; product-level MRR loaded.,$0.00,$0.00,$0.00,,,Tigerpaw,Churned,,$0.00,
"Wired Telcom, LLC",,,,,,,$308.18,$0.00,,,,,,,,,,June 2026 retention import from Cohort_Jun26_wo_Payments_7.6.26---70f34bf5-b8e8-4d81-9703-88d2102c7435.xlsx; product-level MRR loaded.,$0.00,$0.00,$308.18,,,Payments,Active,,$0.00,
WorldPay revshare,,,,,,,$0.00,$0.00,,,,,,,,,,June 2026 retention import from Cohort_Jun26_wo_Payments_7.6.26---70f34bf5-b8e8-4d81-9703-88d2102c7435.xlsx; product-level MRR loaded.,$0.00,$0.00,$0.00,,,,Churned,,$0.00,
"Xtel Communications, Inc.",,,,,,,$420.69,$0.00,,,,,,,,,,June 2026 retention import from Cohort_Jun26_wo_Payments_7.6.26---70f34bf5-b8e8-4d81-9703-88d2102c7435.xlsx; product-level MRR loaded.,$0.00,$0.00,$420.69,,,Payments,Active,,$0.00,
Xtel/Global Telecom Brokers,,,,,,,"$16,302.51","$16,302.51",,,,,20054,,,,,June 2026 retention import from Cohort_Jun26_wo_Payments_7.6.26---70f34bf5-b8e8-4d81-9703-88d2102c7435.xlsx; product-level MRR loaded.,$0.00,$0.00,$0.00,,,Billing,Active,,$0.00,
Nuso LLC,,,,"November 22, 2015 7:00 PM (EST)",,,"$41,629.90",,"SOTEL_SYNC, SOTELSYSTEMS, SOTELSYSTEMS_SANDBOX","SOTEL_SYNC, SOTELSYSTEMS, SOTELSYSTEMS_SANDBOX","December 20, 2022 7:00 PM (EST)","December 21, 2021 7:00 PM (EST)",1108,,,,,,,,,,,"Billing, Payments",Active,,,
Atlanta Datacom Inc.,,,,"November 14, 2017 7:00 PM (EST)",,,"$3,000.00",,ADCOMNI,ADCOMNI,"September 9, 2026 3:17 AM (EDT)","September 9, 2026 3:17 AM (EDT)",1364,,,,,,,,,,,"Billing, Payments",Active,,,
Voysis IP Solutions,,,,"September 9, 2026 3:19 AM (EDT)",,,"$1,500.00",,VOYSISIPSOLUTIONS,VOYSISIPSOLUTIONS,"September 9, 2026 3:19 AM (EDT)","September 9, 2026 3:19 AM (EDT)",23034,,,,,,,,,,,Billing,Active,,,
CPI Global,,,,"December 31, 2013 7:00 PM (EST)",,,"$1,184.22",,"CONNECTEL, TALKSPAN","CONNECTEL, TALKSPAN","December 17, 2026 7:00 PM (EST)","December 18, 2025 7:00 PM (EST)",1010,,,,,,,,,,,Billing,Active,,,
CallTower,,,,"September 28, 2017 8:00 PM (EDT)",,,$500.00,,"CALLTOWER_SANDBOX, CALLTOWER_STAGING","CALLTOWER_SANDBOX, CALLTOWER_STAGING","September 27, 2020 8:00 PM (EDT)","September 28, 2017 8:00 PM (EDT)",1151,,,,,,,,,,,"Billing, Payments",Active,,,
Planet Secure,,,,"September 9, 2026 3:19 AM (EDT)",,,"$1,045.49",,PLANETSECUREPSA,PLANETSECUREPSA,"September 9, 2026 3:19 AM (EDT)","July 8, 2026 8:00 PM (EDT)",23095,,,,,,,,,,,PSA Web,Active,,,
iReply USA LLC,,,,"September 9, 2026 3:16 AM (EDT)",,,"$6,000.00",,,,"September 9, 2026 3:16 AM (EDT)","September 9, 2026 3:16 AM (EDT)",23099,,,,,,,,,,,,Active,,,
Empire Telecom,,,,"August 30, 2026 8:00 PM (EDT)",,,"$1,000.00",,"EMPIRETELECOM, EMPIRETELECOMPSA","EMPIRETELECOM, EMPIRETELECOMPSA","August 29, 2027 8:00 PM (EDT)","August 30, 2026 8:00 PM (EDT)",23096,,,,,,,,,,,"Billing, PSA Web",Active,,,
Cameras Onsite,,,,"September 9, 2026 3:20 AM (EDT)",,,$800.00,,CAMERASONSITEPSA,CAMERASONSITEPSA,"September 9, 2026 3:20 AM (EDT)","June 30, 2026 8:00 PM (EDT)",23092,,,,,,,,,,,PSA Web,Active,,,
Millennium Systems Integration,,,,"September 9, 2026 3:23 AM (EDT)",,,$370.97,,MILLENNIUMSYSTEMSPSA,MILLENNIUMSYSTEMSPSA,"September 9, 2026 3:23 AM (EDT)","July 16, 2026 8:00 PM (EDT)",23097,,,,,,,,,,,PSA Web,Active,,,
Midwest Security Systems,,,,"September 9, 2026 3:23 AM (EDT)",,,$250.00,,MIDWESTSECSYSPSA,MIDWESTSECSYSPSA,"September 9, 2026 3:23 AM (EDT)","July 19, 2026 8:00 PM (EDT)",23098,,,,,,,,,,,PSA Web,Active,,,
"NinjaOne, LLC (Sponsor)",,,,"September 9, 2026 3:15 AM (EDT)",,,"$25,500.00",,,,"September 9, 2026 3:15 AM (EDT)","September 9, 2026 3:15 AM (EDT)",23104,,,,,,,,,,,,Active,,,
R-Options,,,,"September 9, 2026 3:17 AM (EDT)",,,"$2,823.35",,ROPTIONSPSA,ROPTIONSPSA,"September 9, 2026 3:17 AM (EDT)","July 29, 2026 8:00 PM (EDT)",23105,,,,,,,,,,,PSA Web,Active,,,
,,,,,,,,,,,,,,,,,,,,,,,,,,,,
KealyWalker,,,,"September 9, 2026 3:16 AM (EDT)",,,"$6,000.00",,,,"September 9, 2026 3:16 AM (EDT)","September 9, 2026 3:16 AM (EDT)",23107,,,,,,,,,,,,Active,,,
IMC Jax,,,,"September 9, 2026 3:23 AM (EDT)",,,$32.25,,"IMCJAX, IMCJAXPSA","IMCJAX, IMCJAXPSA","September 9, 2026 3:23 AM (EDT)","July 30, 2026 8:00 PM (EDT)",23106,,,,,,,,,,,"Billing, PSA Web",Active,,,
Crewhu (Sponsor),,,,"September 9, 2026 3:16 AM (EDT)",,,"$14,000.00",,,,"September 9, 2026 3:16 AM (EDT)","September 9, 2026 3:16 AM (EDT)",23108,,,,,,,,,,,,Active,,,
Crexendo (Sponsor),,,,"September 9, 2026 3:16 AM (EDT)",,,"$11,000.00",,,,"September 9, 2026 3:16 AM (EDT)","September 9, 2026 3:16 AM (EDT)",23109,,,,,,,,,,,,Active,,,
GTIA (Sponsor),,,,"September 9, 2026 3:17 AM (EDT)",,,"$5,000.00",,,,"September 9, 2026 3:17 AM (EDT)","September 9, 2026 3:17 AM (EDT)",23111,,,,,,,,,,,,Active,,,
NAS Wireless,,,,"September 9, 2026 3:23 AM (EDT)",,,$306.45,,NASWIRELESSPSA,NASWIRELESSPSA,"September 9, 2026 3:23 AM (EDT)","August 13, 2026 8:00 PM (EDT)",23110,,,,,,,,,,,PSA Web,Active,,,
Intelligent Technology Group,,,,"September 9, 2026 3:24 AM (EDT)",,,$0.00,,INTELLIGENTTECHNOLOGYGROUPPSA,INTELLIGENTTECHNOLOGYGROUPPSA,"September 9, 2026 3:24 AM (EDT)","August 31, 2026 8:00 PM (EDT)",23113,,,,,,,,,,,PSA Web,Active,,,
BSN Security,,,,"August 20, 2026 8:00 PM (EDT)",,,$177.42,,BSNSECURITYPSA,BSNSECURITYPSA,"September 9, 2026 3:23 AM (EDT)","August 20, 2026 8:00 PM (EDT)",23114,,,,,,,,,,,PSA Web,Active,,,
B&S Integrated Security Systems,,,,"August 26, 2026 8:00 PM (EDT)",,,$80.65,,BSINTEGRATEDSECURITYSYSTEMSPSA,BSINTEGRATEDSECURITYSYSTEMSPSA,"September 9, 2026 3:23 AM (EDT)","August 26, 2026 8:00 PM (EDT)",23117,,,,,,,,,,,PSA Web,Active,,,
Trigent Technologies,,,,"August 30, 2026 8:00 PM (EDT)",,,$0.00,,TRIGENTTECHNOLOGIESPSA,TRIGENTTECHNOLOGIESPSA,"September 9, 2026 3:24 AM (EDT)","August 30, 2026 8:00 PM (EDT)",23118,,,,,,,,,,,PSA Web,Active,,,
Unicom Telecom,,,,"September 9, 2026 3:23 AM (EDT)",,,$16.13,,UNICOMTELECOM,UNICOMTELECOM,"September 9, 2026 3:23 AM (EDT)","September 9, 2026 3:23 AM (EDT)",23119,,,,,,,,,,,Billing,Active,,,
SouthEast Telephone,,,,"September 9, 2026 3:24 AM (EDT)",,,$0.00,,"SOUTHEASTTELEPHONE, SOUTHEASTTELEPHONEPSA","SOUTHEASTTELEPHONE, SOUTHEASTTELEPHONEPSA","September 9, 2026 3:24 AM (EDT)","September 9, 2026 3:24 AM (EDT)",23116,,,,,,,,,,,"Billing, PSA Web",Active,,,